Date,AAPL,MSFT,XOM,BP
2015-01-02,24.26104736328125,39.93305206298828,58.42348098754883,20.229780197143555
2015-01-05,23.577577590942383,39.56583786010742,56.824913024902344,19.15778923034668
2015-01-06,23.579790115356445,38.98511505126953,56.522796630859375,19.01450538635254
2015-01-07,23.91043472290039,39.48044204711914,57.095542907714844,19.0622615814209
2015-01-08,24.829120635986328,40.64187240600586,58.04586410522461,19.49212646484375
2015-01-09,24.855754852294922,40.30026626586914,57.96405792236328,19.412513732910156
2015-01-12,24.24329948425293,39.79641342163086,56.850074768066406,19.131250381469727
2015-01-13,24.458547592163086,39.59146499633789,56.642398834228516,19.083484649658203
2015-01-14,24.365339279174805,39.24985885620117,56.478755950927734,18.929588317871094
2015-01-15,23.704059600830078,38.839935302734375,55.98784637451172,18.961429595947266
2015-01-16,23.519878387451172,39.488975524902344,57.34727478027344,20.091796875
2015-01-20,24.125686645507812,39.61707305908203,57.32838439941406,20.00157928466797
2015-01-21,24.309865951538086,39.21569061279297,57.81928634643555,20.60125732421875
2015-01-22,24.942298889160156,40.2490348815918,58.44866180419922,20.68616485595703
2015-01-23,25.071008682250977,40.291744232177734,57.2025146484375,20.643709182739258
2015-01-26,25.097627639770508,40.14655685424805,57.750064849853516,21.185012817382812
2015-01-27,24.21888542175293,36.43165969848633,57.240272521972656,21.33891487121582
2015-01-28,25.588043212890625,35.17627716064453,55.35219192504883,20.633098602294922
2015-01-29,26.384693145751953,35.876556396484375,55.11935806274414,20.56411361694336
2015-01-30,25.998571395874023,34.501609802246094,55.01861572265625,20.606557846069336
2015-02-02,26.32477378845215,35.253150939941406,56.378055572509766,21.153167724609375
2015-02-03,26.329208374023438,35.52642059326172,58.058448791503906,21.81121826171875
2015-02-04,26.531143188476562,35.73137283325195,57.56126022338867,21.466278076171875
2015-02-05,26.720516204833984,36.25231170654297,58.127689361572266,21.959810256958008
2015-02-06,26.49550437927246,36.2181510925293,58.01987838745117,21.848365783691406
2015-02-09,26.67150115966797,36.17546081542969,58.057952880859375,22.081871032714844
2015-02-10,27.18390464782715,36.38042068481445,57.70918273925781,21.890825271606445
2015-02-11,27.821060180664062,36.192527770996094,57.449195861816406,21.729265213012695
2015-02-12,28.173059463500977,36.79886245727539,58.57155227661133,22.262407302856445
2015-02-13,28.311185836791992,37.464996337890625,59.20564270019531,22.580123901367188
2015-02-17,28.4782772064209,37.48219680786133,59.00273895263672,22.499345779418945
2015-02-18,28.67654800415039,37.43918228149414,57.70918273925781,22.483196258544922
2015-02-19,28.616392135620117,37.413394927978516,56.71365737915039,22.181621551513672
2015-02-20,28.850322723388672,37.7230110168457,57.018009185791016,22.23009490966797
2015-02-23,29.63006591796875,37.972442626953125,56.441001892089844,22.197790145874023
2015-02-24,29.445146560668945,37.92083740234375,56.700950622558594,22.397029876708984
2015-02-25,28.692138671875,37.83482360839844,56.81509780883789,22.56935691833496
2015-02-26,29.055278778076172,37.895042419433594,56.212703704833984,22.27317237854004
2015-02-27,28.618627548217773,37.714420318603516,56.142948150634766,22.316255569458008
2015-03-02,28.75897216796875,37.74021530151367,55.82590866088867,22.240863800048828
2015-03-03,28.81913185119629,37.22417068481445,55.55958938598633,22.47781753540039
2015-03-04,28.636444091796875,37.034950256347656,55.280601501464844,22.36472511291504
2015-03-05,28.16191864013672,37.07795715332031,55.0015869140625,22.176246643066406
2015-03-06,28.204252243041992,36.432899475097656,54.297725677490234,21.729265213012695
2015-03-09,28.324546813964844,36.85433578491211,53.999725341796875,21.691572189331055
2015-03-10,27.73863410949707,36.149070739746094,53.42903137207031,21.023805618286133
2015-03-11,27.23291015625,36.10607147216797,53.27684783935547,20.587608337402344
2015-03-12,27.725269317626953,35.280391693115234,53.40367126464844,20.549909591674805
2015-03-13,27.53367042541504,35.590030670166016,53.18171691894531,20.248336791992188
2015-03-16,27.836654663085938,35.74484634399414,53.746089935302734,20.221412658691406
2015-03-17,28.30227279663086,35.86526107788086,53.31488800048828,20.366819381713867
2015-03-18,28.620849609375,36.55331802368164,54.57673645019531,21.190752029418945
2015-03-19,28.404754638671875,36.372703552246094,53.524147033691406,20.98611068725586
2015-03-20,28.048297882080078,36.88013458251953,53.6065673828125,21.594640731811523
2015-03-23,28.34014320373535,36.862937927246094,54.17094421386719,21.61618423461914
2015-03-24,28.224300384521484,36.8973503112793,53.5938835144043,21.276912689208984
2015-03-25,27.486892700195312,35.65882110595703,53.80948257446289,21.546167373657227
2015-03-26,27.678478240966797,35.44380187988281,53.46706771850586,21.438467025756836
2015-03-27,27.457923889160156,35.23740005493164,52.997833251953125,21.330766677856445
2015-03-30,28.153011322021484,35.22879409790039,54.297725677490234,21.454626083374023
2015-03-31,27.720809936523438,34.97077178955078,53.89826202392578,21.06150245666504
2015-04-01,27.680706024169922,35.02237319946289,53.55585479736328,21.271522521972656
2015-04-02,27.919082641601562,34.65254592895508,53.45439910888672,21.352304458618164
2015-04-06,28.3713321685791,35.736228942871094,53.98068618774414,21.61079216003418
2015-04-07,28.072803497314453,35.719024658203125,54.37382888793945,21.675418853759766
2015-04-08,27.981460571289062,35.62443161010742,53.30220031738281,21.9554443359375
2015-04-09,28.195335388183594,35.67603302001953,53.676326751708984,22.267784118652344
2015-04-10,28.315635681152344,35.88245391845703,54.25334548950195,22.37010383605957
2015-04-13,28.25994300842285,35.91685104370117,54.113834381103516,22.20316505432129
2015-04-14,28.137413024902344,35.82225036621094,54.931827545166016,22.510122299194336
2015-04-15,28.244342803955078,36.346893310546875,55.85126495361328,22.84400749206543
2015-04-16,28.10845375061035,36.26087951660156,55.629356384277344,22.914016723632812
2015-04-17,27.79210090637207,35.79643630981445,55.1220588684082,23.09710121154785
2015-04-20,28.427030563354492,36.90595245361328,55.31861877441406,23.059412002563477
2015-04-21,28.2733097076416,36.67372131347656,55.090354919433594,23.037870407104492
2015-04-22,28.654266357421875,36.974761962890625,55.4581298828125,23.285593032836914
2015-04-23,28.88818359375,37.2757682800293,55.50886535644531,23.479459762573242
2015-04-24,29.024091720581055,41.171913146972656,55.147438049316406,23.404062271118164
2015-04-27,29.552082061767578,41.309539794921875,55.17279052734375,23.177894592285156
2015-04-28,29.08646583557129,42.28142166137695,55.67372512817383,23.414825439453125
2015-04-29,28.658720016479492,42.1954231262207,55.71812057495117,23.47407341003418
2015-04-30,27.881216049194336,41.83418655395508,55.401058197021484,23.242507934570312
2015-05-01,28.727783203125,41.85140609741211,56.33952331542969,23.28020668029785
2015-05-04,28.67209243774414,41.49015426635742,56.50441360473633,23.377134323120117
2015-05-05,28.026020050048828,40.93970489501953,56.187339782714844,23.21019744873047
2015-05-06,27.85003089904785,39.80440139770508,55.921016693115234,23.210193634033203
2015-05-07,28.02228355407715,40.165645599365234,55.54690933227539,22.84429359436035
2015-05-08,28.550247192382812,41.06871795654297,56.42829132080078,23.324880599975586
2015-05-11,28.25942039489746,40.74188995361328,55.48208236694336,23.253887176513672
2015-05-12,28.158750534057617,40.72468185424805,55.6355094909668,23.313961029052734
2015-05-13,28.1900691986084,40.96551513671875,55.34142303466797,23.35764503479004
2015-05-14,28.84778594970703,41.90299987792969,55.60356140136719,23.461410522460938
2015-05-15,28.807525634765625,41.54175567626953,55.84649658203125,23.379499435424805
2015-05-18,29.12518882751465,41.292327880859375,55.52683639526367,23.150121688842773
2015-05-19,29.098342895507812,41.18844985961914,55.6163215637207,22.84429359436035
2015-05-20,29.09610939025879,41.18844985961914,55.70582962036133,22.9808292388916
2015-05-21,29.393646240234375,41.04994583129883,55.75698471069336,23.428646087646484
2015-05-22,29.650909423828125,40.599815368652344,55.31584167480469,23.210193634033203
2015-05-26,28.99766731262207,40.33144760131836,54.56782531738281,22.73507308959961
2015-05-27,29.539052963256836,41.21442413330078,54.41438293457031,22.822452545166016
2015-05-28,29.48089599609375,41.075923919677734,54.41438293457031,22.691383361816406
2015-05-29,29.145322799682617,40.565185546875,54.4719123840332,22.642236709594727
2015-06-01,29.203489303588867,40.88547897338867,54.42715835571289,22.363706588745117
2015-06-02,29.073741912841797,40.61711883544922,54.43355941772461,22.664077758789062
2015-06-03,29.109519958496094,40.556522369384766,54.312076568603516,22.516624450683594
2015-06-04,28.93950653076172,40.132354736328125,53.845375061035156,22.183490753173828
2015-06-05,28.780672073364258,39.9419059753418,53.88372802734375,22.150720596313477
2015-06-08,28.590518951416016,39.58699035644531,54.24814987182617,22.134342193603516
2015-06-09,28.5054988861084,39.517723083496094,54.07551574707031,22.145259857177734
2015-06-10,28.832122802734375,40.34876251220703,54.47831344604492,22.543928146362305
2015-06-11,28.76724624633789,40.201595306396484,54.401580810546875,22.62038803100586
2015-06-12,28.449575424194336,39.794734954833984,53.717498779296875,22.281789779663086
2015-06-15,28.393644332885742,39.37056350708008,53.52568435668945,22.347326278686523
2015-06-16,28.545772552490234,39.67353820800781,54.13945388793945,22.341875076293945
2015-06-17,28.478654861450195,39.794734954833984,54.171409606933594,22.505701065063477
2015-06-18,28.608413696289062,40.44398880004883,54.65092849731445,22.533002853393555
2015-06-19,28.322059631347656,39.907264709472656,54.47831344604492,22.472930908203125
2015-06-22,28.54800796508789,40.01980972290039,54.45273208618164,22.67499542236328
2015-06-23,28.41826057434082,39.74280548095703,54.38880157470703,22.685914993286133
2015-06-24,28.659866333007812,39.509071350097656,54.13945388793945,22.84429359436035
2015-06-25,28.523399353027344,39.517723083496094,53.65996551513672,22.8770694732666
2015-06-26,28.355613708496094,39.180110931396484,53.61518859863281,22.582157135009766
2015-06-29,27.858978271484375,38.4096565246582,52.95028305053711,22.014190673828125
2015-06-30,28.060314178466797,38.21922302246094,53.1932373046875,21.823047637939453
2015-07-01,28.322059631347656,38.478919982910156,52.66257858276367,21.44622230529785
2015-07-02,28.286264419555664,38.43563461303711,53.15486526489258,22.54938507080078
2015-07-06,28.187833786010742,38.42699432373047,52.76488494873047,21.795745849609375
2015-07-07,28.118480682373047,38.34907531738281,52.982242584228516,21.6865177154541
2015-07-08,27.420494079589844,38.29712677001953,52.406837463378906,21.380685806274414
2015-07-09,26.8612117767334,38.53950500488281,52.17028045654297,21.36976432800293
2015-07-10,27.579328536987305,38.617427825927734,52.566680908203125,21.790281295776367
2015-07-13,28.11176872253418,39.42249298095703,52.694541931152344,21.823047637939453
2015-07-14,28.1005859375,39.49175262451172,53.13569641113281,22.025117874145508
2015-07-15,28.371274948120117,39.612945556640625,52.91191864013672,21.866735458374023
2015-07-16,28.749347686767578,40.392032623291016,53.00782775878906,21.593671798706055
2015-07-17,28.99766731262207,40.3574104309082,52.81602096557617,21.364303588867188
2015-07-20,29.545774459838867,40.61711883544922,52.27259063720703,21.162240982055664
2015-07-21,29.25046730041504,40.92875289916992,52.20864486694336,21.151315689086914
2015-07-22,28.013338088989258,39.42249298095703,52.291748046875,20.7034969329834
2015-07-23,27.99991226196289,39.915931701660156,51.876182556152344,20.370361328125
2015-07-24,27.85226058959961,39.76877212524414,51.108985900878906,19.971694946289062
2015-07-27,27.465234756469727,39.25802230834961,50.67423629760742,19.687705993652344
2015-07-28,27.60169792175293,39.24936294555664,52.73291015625,20.36489486694336
2015-07-29,27.514453887939453,40.07175064086914,53.15486526489258,20.41950798034668
2015-07-30,27.375751495361328,40.582496643066406,53.07175827026367,20.577892303466797
2015-07-31,27.136383056640625,40.42667770385742,50.642250061035156,20.190139770507812
2015-08-03,26.496557235717773,40.52190017700195,49.90702438354492,19.922544479370117
2015-08-04,25.646455764770508,41.15382766723633,49.33799362182617,19.9553165435791
2015-08-05,25.81648063659668,41.18844985961914,49.33799362182617,19.91643714904785
2015-08-06,25.872655868530273,40.3574104309082,49.92619705200195,19.9219970703125
2015-08-07,25.960290908813477,40.4612922668457,49.120628356933594,19.81094741821289
2015-08-10,26.90414047241211,40.9720458984375,50.348175048828125,20.14409828186035
2015-08-11,25.504104614257812,40.17561721801758,50.00614547729492,20.016382217407227
2015-08-12,25.897375106811523,40.4612922668457,50.845054626464844,20.232925415039062
2015-08-13,25.877138137817383,40.45264434814453,50.75471878051758,19.94420623779297
2015-08-14,26.059171676635742,40.686370849609375,50.56757354736328,19.860916137695312
2015-08-17,26.32884979248047,40.96337890625,50.8321418762207,19.727657318115234
2015-08-18,26.18052101135254,41.18994140625,50.27072525024414,19.572193145751953
2015-08-19,25.845691680908203,40.614837646484375,49.19303512573242,19.244598388671875
2015-08-20,25.31532859802246,39.787052154541016,48.121795654296875,19.08913230895996
2015-08-21,23.766977310180664,37.53017044067383,46.54719543457031,18.417301177978516
2015-08-24,23.1737003326416,36.31895065307617,44.346649169921875,17.317920684814453
2015-08-25,23.313032150268555,35.264583587646484,44.34019088745117,17.051410675048828
2015-08-26,24.6501407623291,37.216468811035156,46.78598403930664,17.267948150634766
2015-08-27,25.376007080078125,38.2534065246582,48.302490234375,18.339563369750977
2015-08-28,25.45916175842285,38.27954864501953,48.44445037841797,18.467267990112305
2015-08-31,25.34005355834961,37.92229080200195,48.55415725708008,18.62273406982422
2015-09-01,24.207443237304688,36.440956115722656,46.51493835449219,17.845396041870117
2015-09-02,25.245670318603516,37.78288650512695,47.25706481933594,17.878713607788086
2015-09-03,24.802961349487305,37.90486526489258,47.618446350097656,17.995311737060547
2015-09-04,24.55575942993164,37.12932586669922,46.76016616821289,17.045852661132812
2015-09-08,25.23893165588379,38.24467849731445,47.43130111694336,17.440073013305664
2015-09-09,24.75351905822754,37.53017044067383,46.46331787109375,17.156898498535156
2015-09-10,25.29735565185547,37.72188186645508,46.79887390136719,17.329029083251953
2015-09-11,25.665910720825195,37.88743209838867,46.90858459472656,17.21797752380371
2015-09-14,25.913108825683594,37.504032135009766,46.779510498046875,17.034748077392578
2015-09-15,26.13109016418457,38.32310485839844,47.01829147338867,17.27350425720215
2015-09-16,26.160306930541992,38.601959228515625,47.94756317138672,17.839845657348633
2015-09-17,25.60073471069336,38.55839157104492,48.050804138183594,17.82874298095703
2015-09-18,25.495115280151367,37.88743209838867,46.902122497558594,17.262393951416016
2015-09-21,25.8906307220459,38.43639373779297,47.360321044921875,17.245737075805664
2015-09-22,25.4838809967041,38.2534065246582,46.94084167480469,16.873729705810547
2015-09-23,25.690628051757812,38.227264404296875,46.65691375732422,16.612762451171875
2015-09-24,25.843435287475586,38.26211929321289,46.934391021728516,16.74601936340332
2015-09-25,25.778268814086914,38.28826141357422,47.25706481933594,16.89594078063965
2015-09-28,25.268146514892578,37.72188186645508,46.85051345825195,16.312938690185547
2015-09-29,24.508563995361328,37.852569580078125,47.08926773071289,16.451744079589844
2015-09-30,24.787229537963867,38.56709289550781,47.97983169555664,16.968120574951172
2015-10-01,24.62542724609375,38.8720817565918,47.79269027709961,17.19021224975586
2015-10-02,24.80521011352539,39.70861053466797,48.9671516418457,18.056394577026367
2015-10-05,24.895095825195312,40.63226318359375,49.56731033325195,18.5949764251709
2015-10-06,25.014204025268555,40.73683166503906,50.26427459716797,19.050273895263672
2015-10-07,24.895095825195312,40.7803955078125,51.10963821411133,19.827598571777344
2015-10-08,24.607450485229492,41.3467903137207,51.64525604248047,19.966405868530273
2015-10-09,25.196231842041016,41.05052185058594,51.148372650146484,19.966405868530273
2015-10-12,25.07936668395996,40.95466613769531,51.17418670654297,19.638824462890625
2015-10-13,25.122066497802734,40.85881042480469,51.083831787109375,19.283472061157227
2015-10-14,24.76700210571289,40.675838470458984,51.72916030883789,19.61106300354004
2015-10-15,25.137800216674805,40.96337890625,52.580989837646484,19.81094741821289
2015-10-16,24.953527450561523,41.399078369140625,53.22631072998047,19.91089630126953
2015-10-19,25.10858726501465,41.494930267333984,52.26475524902344,19.400066375732422
2015-10-20,25.5670223236084,41.62562561035156,52.161529541015625,19.416728973388672
2015-10-21,25.564781188964844,41.128963470458984,51.761417388916016,19.511117935180664
2015-10-22,25.95580291748047,41.8521842956543,53.49088668823242,19.94420623779297
2015-10-23,26.760318756103516,46.06965255737305,53.548980712890625,19.833152770996094
2015-10-26,25.9063663482666,47.27214431762695,52.413204193115234,19.46114730834961
2015-10-27,25.7423152923584,46.784183502197266,52.329315185546875,19.33344078063965
2015-10-28,26.803024291992188,47.036888122558594,53.09724044799805,19.844261169433594
2015-10-29,27.086170196533203,46.49662780761719,53.06497573852539,19.827598571777344
2015-10-30,26.854703903198242,45.869239807128906,53.39410400390625,19.82205581665039
2015-11-02,27.23224449157715,46.392066955566406,55.03319549560547,20.14409828186035
2015-11-03,27.54461097717285,47.18501663208008,56.0463752746582,20.67157554626465
2015-11-04,27.416521072387695,47.402854919433594,55.48494338989258,20.519203186035156
2015-11-05,27.290128707885742,47.38542175292969,54.72988510131836,20.062082290649414
2015-11-06,27.321727752685547,47.8559684753418,54.51051330566406,19.8250675201416
2015-11-09,27.211143493652344,47.193729400634766,53.345314025878906,19.683982849121094
2015-11-10,26.353532791137695,46.6273307800293,53.60566711425781,19.621902465820312
2015-11-11,26.204578399658203,46.749324798583984,53.13048553466797,19.407455444335938
2015-11-12,26.116559982299805,46.46176528930664,51.69187927246094,18.905202865600586
2015-11-13,25.353734970092773,46.04351043701172,50.83913803100586,18.837482452392578
2015-11-16,25.768997192382812,46.853878021240234,52.66181564331055,19.458251953125
2015-11-17,25.658422470092773,46.46790313720703,52.04991149902344,19.28894805908203
2015-11-18,26.470888137817383,47.2398796081543,52.55765151977539,19.808135986328125
2015-11-19,26.80716323852539,47.31883239746094,52.271240234375,19.89278793334961
2015-11-20,26.92452049255371,47.538150787353516,51.93925476074219,19.43003273010254
2015-11-23,26.57470703125,47.538150787353516,52.25822067260742,19.42438316345215
2015-11-24,26.829729080200195,47.59077453613281,53.29973602294922,19.74606704711914
2015-11-25,26.63789939880371,47.099525451660156,52.889644622802734,19.74606704711914
2015-11-27,26.588241577148438,47.310054779052734,52.876625061035156,19.655765533447266
2015-11-30,26.69883155822754,47.67850112915039,53.156532287597656,19.525968551635742
2015-12-01,26.482175827026367,48.441715240478516,53.306251525878906,19.621902465820312
2015-12-02,26.24294090270996,48.43293762207031,51.78303527832031,19.085786819458008
2015-12-03,25.99920082092285,47.546913146972656,51.04093551635742,18.76976203918457
2015-12-04,26.86357879638672,49.0470085144043,51.33386993408203,18.436803817749023
2015-12-07,26.69431495666504,48.959293365478516,49.99292755126953,17.641094207763672
2015-12-08,26.683032989501953,48.94174575805664,48.580352783203125,17.646738052368164
2015-12-09,26.093990325927734,48.23116683959961,49.2313117980957,17.951475143432617
2015-12-10,26.218122482299805,48.48558044433594,49.27036666870117,17.945833206176758
2015-12-11,25.543317794799805,47.424102783203125,48.39157485961914,17.3758544921875
2015-12-14,25.38533592224121,48.37153625488281,49.491668701171875,17.05418586730957
2015-12-15,24.936216354370117,48.42417526245117,51.70491409301758,17.353282928466797
2015-12-16,25.12804412841797,49.24001693725586,51.52265548706055,17.421001434326172
2015-12-17,24.59542465209961,48.862796783447266,50.74801254272461,17.12755012512207
2015-12-18,23.929645538330078,47.48550796508789,50.30537414550781,17.014684677124023
2015-12-21,24.223041534423828,48.099571228027344,50.292354583740234,17.003398895263672
2015-12-22,24.200469970703125,48.55575180053711,50.54623031616211,17.3758544921875
2015-12-23,24.511919021606445,48.968055725097656,52.19961166381836,18.256216049194336
2015-12-24,24.38102912902832,48.83647155761719,51.63981628417969,18.126419067382812
2015-12-28,24.107940673828125,49.08210372924805,51.25575637817383,17.895042419433594
2015-12-29,24.541257858276367,49.60844802856445,51.529151916503906,17.985340118408203
2015-12-30,24.220781326293945,49.397918701171875,50.84565734863281,17.669313430786133
2015-12-31,23.755868911743164,48.669795989990234,50.74149703979492,17.641094207763672
2016-01-04,23.77617645263672,48.07325744628906,50.42253494262695,17.52822494506836
2016-01-05,23.180368423461914,48.292572021484375,50.85215377807617,17.454858779907227
2016-01-06,22.72673225402832,47.41532897949219,50.42905807495117,17.099332809448242
2016-01-07,21.767560958862305,45.766109466552734,49.62187194824219,16.60836410522461
2016-01-08,21.88266372680664,45.90645217895508,48.61941146850586,16.31490707397461
2016-01-11,22.236988067626953,45.8801383972168,47.968467712402344,16.275402069091797
2016-01-12,22.559722900390625,46.30122375488281,48.95138931274414,16.168174743652344
2016-01-13,21.979707717895508,45.301151275634766,49.24432373046875,16.235902786254883
2016-01-14,22.46042251586914,46.590728759765625,51.50311279296875,17.398427963256836
2016-01-15,21.921024322509766,44.730953216552734,50.500667572021484,16.45599365234375
2016-01-19,21.814960479736328,44.35372543334961,49.73253631591797,16.32054901123047
2016-01-20,21.84429359436035,44.55549621582031,47.63648223876953,16.060956954956055
2016-01-21,21.733707427978516,44.28355026245117,48.235347747802734,16.625288009643555
2016-01-22,22.88922882080078,45.87136459350586,49.84319305419922,17.12755012512207
2016-01-25,22.442365646362305,45.432743072509766,48.15723419189453,16.63093376159668
2016-01-26,22.566492080688477,45.766109466552734,49.92780303955078,17.347637176513672
2016-01-27,21.08372688293457,44.932716369628906,49.00998306274414,17.31377410888672
2016-01-28,21.23493194580078,45.66959762573242,50.116600036621094,17.996620178222656
2016-01-29,21.968421936035156,48.327674865722656,50.67639923095703,18.267505645751953
2016-02-01,21.76304817199707,47.994319915771484,49.66093063354492,17.889400482177734
2016-02-02,21.322954177856445,46.49421691894531,48.5543098449707,16.376981735229492
2016-02-03,21.7449893951416,45.757320404052734,51.086509704589844,16.738157272338867
2016-02-04,21.91971206665039,45.616966247558594,51.96528625488281,17.274272918701172
2016-02-05,21.33428192138672,44.00283432006836,52.128028869628906,17.189626693725586
2016-02-08,21.558927536010742,43.34489440917969,52.831050872802734,16.884883880615234
2016-02-09,21.554380416870117,43.23085403442383,52.60115432739258,16.337482452392578
2016-02-10,21.39100456237793,43.60806655883789,52.121646881103516,16.158832550048828
2016-02-11,21.261661529541016,43.59053039550781,52.285858154296875,15.928323745727539
2016-02-12,21.32747459411621,44.30110168457031,53.225162506103516,16.72358512878418
2016-02-16,21.928787231445312,45.14046096801758,53.349979400634766,16.746641159057617
2016-02-17,22.26462173461914,46.315574645996094,53.8623161315918,17.259521484375
2016-02-18,21.842561721801758,46.11236572265625,54.15790557861328,17.16155242919922
2016-02-19,21.792640686035156,45.78545379638672,54.19074630737305,17.14426612854004
2016-02-22,21.98324203491211,46.518795013427734,54.118492126464844,17.461223602294922
2016-02-23,21.486310958862305,45.2199821472168,53.356544494628906,16.712066650390625
2016-02-24,21.806255340576172,45.379024505615234,53.547027587890625,16.446971893310547
2016-02-25,21.95602798461914,46.0328483581543,53.8688850402832,16.516124725341797
2016-02-26,21.99005126953125,45.326011657714844,53.698097229003906,16.712066650390625
2016-02-29,21.940134048461914,44.954933166503906,52.647132873535156,16.763927459716797
2016-03-01,22.811481475830078,46.456939697265625,53.38936996459961,17.075109481811523
2016-03-02,22.861400604248047,46.78386306762695,54.32211685180664,17.40935516357422
2016-03-03,23.03158187866211,46.25373077392578,54.125064849853516,17.78969955444336
2016-03-04,23.374216079711914,45.97100067138672,54.052818298339844,17.95105743408203
2016-03-07,23.11553955078125,45.08744430541992,55.47820281982422,18.152759552001953
2016-03-08,22.924936294555664,45.63526153564453,54.27614212036133,17.32868194580078
2016-03-09,22.945362091064453,46.68667221069336,54.125064849853516,17.461223602294922
2016-03-10,22.956703186035156,45.98866653442383,53.98055648803711,17.19036865234375
2016-03-11,23.20403289794922,46.88987731933594,53.987117767333984,17.60529327392578
2016-03-14,23.26302719116211,46.978240966796875,54.13163757324219,17.259521484375
2016-03-15,23.730464935302734,47.34932327270508,54.40093231201172,17.080881118774414
2016-03-16,24.045879364013672,48.02082824707031,54.433780670166016,17.582242965698242
2016-03-17,24.007307052612305,48.29473114013672,55.241722106933594,18.175804138183594
2016-03-18,24.03453254699707,47.26097869873047,55.307411193847656,18.054784774780273
2016-03-21,24.03226661682129,47.587894439697266,54.92642593383789,17.93377113342285
2016-03-22,24.2160587310791,47.7734375,55.25486373901367,17.830047607421875
2016-03-23,24.08218002319336,47.68508529663086,55.01182556152344,17.403594970703125
2016-03-24,23.977806091308594,47.89714050292969,55.16289138793945,17.530376434326172
2016-03-28,23.868885040283203,47.305152893066406,55.320552825927734,17.530376434326172
2016-03-29,24.433897018432617,48.33891296386719,55.524166107177734,17.49003791809082
2016-03-30,24.860492706298828,48.639312744140625,55.517601013183594,17.82427406311035
2016-03-31,24.73115348815918,48.7983512878418,54.90673065185547,17.392066955566406
2016-04-01,24.958065032958984,49.098751068115234,54.4929084777832,17.04054069519043
2016-04-04,25.2144775390625,48.97506332397461,54.624271392822266,17.046297073364258
2016-04-05,24.91722297668457,48.206363677978516,54.000247955322266,16.671722412109375
2016-04-06,25.178173065185547,48.70115661621094,54.72279357910156,16.884944915771484
2016-04-07,24.629045486450195,48.118019104003906,54.10536193847656,16.786977767944336
2016-04-08,24.65627670288086,48.08266830444336,54.65711212158203,17.37478256225586
2016-04-11,24.737958908081055,47.985496520996094,54.72938919067383,17.466981887817383
2016-04-12,25.060176849365234,48.285892486572266,55.405906677246094,17.979875564575195
2016-04-13,25.423233032226562,48.90437698364258,55.72122573852539,18.083606719970703
2016-04-14,25.43684959411621,48.91322326660156,56.11533737182617,17.818510055541992
2016-04-15,24.92630386352539,49.1694450378418,55.81317138671875,17.66291618347168
2016-04-18,24.388511657714844,49.88511657714844,56.345237731933594,17.899192810058594
2016-04-19,24.259183883666992,49.82325744628906,56.627681732177734,18.30258560180664
2016-04-20,24.309101104736328,49.11643981933594,57.01524353027344,18.360219955444336
2016-04-21,24.045879364013672,49.284297943115234,57.0086669921875,18.291061401367188
2016-04-22,23.980077743530273,45.75010681152344,57.49473571777344,18.527334213256836
2016-04-25,23.843929290771484,46.041690826416016,57.363372802734375,18.319873809814453
2016-04-26,23.67828369140625,45.4497184753418,57.56041717529297,19.29955291748047
2016-04-27,22.196542739868164,45.00792694091797,58.10560607910156,19.501243591308594
2016-04-28,21.51807975769043,44.08903503417969,57.82317352294922,19.29955291748047
2016-04-29,21.270742416381836,44.062538146972656,58.06620407104492,19.351415634155273
2016-05-02,21.24805450439453,44.71635818481445,58.545711517333984,19.37446403503418
2016-05-03,21.597490310668945,43.98300552368164,57.87571716308594,18.76361083984375
2016-05-04,21.37285041809082,44.062538146972656,57.76405334472656,18.446578979492188
2016-05-05,21.28609848022461,44.124385833740234,57.82974624633789,18.540512084960938
2016-05-06,21.167387008666992,44.521976470947266,58.13846206665039,18.540512084960938
2016-05-09,21.183368682861328,44.23925018310547,58.177860260009766,18.246965408325195
2016-05-10,21.32719612121582,45.0786247253418,59.11060333251953,18.599224090576172
2016-05-11,21.119449615478516,45.10512161254883,58.82577896118164,18.593347549438477
2016-05-12,20.624052047729492,45.51155471801758,59.39542007446289,18.70490074157715
2016-05-13,20.665142059326172,45.13163757324219,58.72642517089844,18.475927352905273
2016-05-16,21.43221092224121,45.7943000793457,59.32917404174805,18.82232093811035
2016-05-17,21.343177795410156,44.940147399902344,59.30270767211914,18.91625213623047
2016-05-18,21.587448120117188,45.207061767578125,59.18345642089844,18.86341667175293
2016-05-19,21.505258560180664,44.77110290527344,59.68688201904297,18.775352478027344
2016-05-20,21.738128662109375,45.03801727294922,59.44178009033203,18.746002197265625
2016-05-23,22.01436424255371,44.51308059692383,59.349082946777344,18.47005844116211
2016-05-24,22.349952697753906,45.90106201171875,59.39542007446289,18.693157196044922
2016-05-25,22.74262046813965,46.37260818481445,59.78622817993164,19.29199981689453
2016-05-26,22.922975540161133,46.1679801940918,59.48154067993164,19.13935089111328
2016-05-27,22.90927505493164,46.55056381225586,59.62063980102539,18.99844741821289
2016-05-31,22.797407150268555,47.15557861328125,58.96489715576172,18.434831619262695
2016-06-01,22.477800369262695,47.02210998535156,59.11061096191406,18.39960479736328
2016-06-02,22.308856964111328,46.692909240722656,58.640316009521484,18.50528907775879
2016-06-03,22.354515075683594,46.079002380371094,58.534339904785156,18.716642379760742
2016-06-06,22.51660919189453,46.381500244140625,59.176856994628906,19.09825325012207
2016-06-07,22.607921600341797,46.354827880859375,60.084293365478516,19.415287017822266
2016-06-08,22.58737564086914,46.30143737792969,60.13731002807617,19.53270721435547
2016-06-09,22.749465942382812,45.927757263183594,60.05779266357422,19.397674560546875
2016-06-10,22.5622615814209,45.80318069458008,59.60076141357422,18.91625213623047
2016-06-13,22.22210693359375,44.61095428466797,60.004791259765625,18.70490074157715
2016-06-14,22.24950408935547,44.335140228271484,59.89883804321289,18.15890121459961
2016-06-15,22.176448822021484,44.210575103759766,59.720001220703125,18.288061141967773
2016-06-16,22.270048141479492,44.8333854675293,60.422096252441406,18.804706573486328
2016-06-17,21.763240814208984,44.60205078125,60.09095001220703,19.2274169921875
2016-06-20,21.710729598999023,44.548667907714844,60.355899810791016,19.620769500732422
2016-06-21,21.895645141601562,45.545162200927734,60.627464294433594,20.049352645874023
2016-06-22,21.813465118408203,45.36723327636719,60.388980865478516,19.896711349487305
2016-06-23,21.93902587890625,46.18577194213867,60.80628967285156,20.33115577697754
2016-06-24,21.322629928588867,44.335140228271484,59.209957122802734,19.36244773864746
2016-06-27,21.012144088745117,43.089508056640625,58.858890533447266,18.78122329711914
2016-06-28,21.36600112915039,43.98814392089844,60.216773986816406,19.51509666442871
2016-06-29,21.550922393798828,44.96684646606445,61.243465423583984,20.42509651184082
2016-06-30,21.82487678527832,45.52737045288086,62.091312408447266,20.847803115844727
2016-07-01,21.891088485717773,45.51848220825195,62.15754699707031,21.135482788085938
2016-07-05,21.68561553955078,45.52737045288086,61.61438751220703,21.07676887512207
2016-07-06,21.80889320373535,45.71421813964844,62.323143005371094,20.883028030395508
2016-07-07,21.902502059936523,45.71421813964844,61.57466125488281,20.783222198486328
2016-07-08,22.071435928344727,46.53276443481445,61.958839416503906,21.088512420654297
2016-07-11,22.139925003051758,46.79078674316406,62.19068908691406,21.200063705444336
2016-07-12,22.240367889404297,47.34241485595703,62.89277648925781,21.669736862182617
2016-07-13,22.114810943603516,47.609336853027344,62.846435546875,21.464258193969727
2016-07-14,22.553131103515625,47.8139762878418,62.89277648925781,21.464258193969727
2016-07-15,22.55084991455078,47.77838134765625,63.00537872314453,21.464258193969727
2016-07-18,22.79056167602539,48.00971221923828,62.806678771972656,21.23528480529785
2016-07-19,22.79969596862793,47.23565673828125,62.57484817504883,21.15308952331543
2016-07-20,22.82023811340332,49.744686126708984,62.217159271240234,21.111988067626953
2016-07-21,22.699237823486328,49.646812438964844,62.164180755615234,21.041540145874023
2016-07-22,22.52345848083496,50.3319091796875,62.27015686035156,21.059152603149414
2016-07-25,22.22210693359375,50.4742546081543,61.07123947143555,20.48967742919922
2016-07-26,22.06915283203125,50.50094985961914,60.627464294433594,20.307676315307617
2016-07-27,23.502836227416992,49.993812561035156,60.216773986816406,20.29593276977539
2016-07-28,23.820161819458008,50.01160430908203,59.74647521972656,19.955415725708008
2016-07-29,23.790483474731445,50.42976760864258,58.918514251708984,20.196123123168945
2016-08-01,24.21054458618164,50.340789794921875,56.87178421020508,19.479869842529297
2016-08-02,23.852121353149414,50.340789794921875,57.653377532958984,19.638381958007812
2016-08-03,24.15119171142578,50.68779373168945,57.951446533203125,19.734031677246094
2016-08-04,24.300382614135742,51.06147003173828,57.9448356628418,19.728055953979492
2016-08-05,24.669921875,51.56861877441406,57.997825622558594,19.817726135253906
2016-08-08,24.874208450317383,51.65758514404297,58.68007278442383,19.82969093322754
2016-08-09,24.975202560424805,51.78215789794922,58.752906799316406,19.955230712890625
2016-08-10,24.789281845092773,51.62200927734375,57.72416305541992,19.734031677246094
2016-08-11,24.77322006225586,51.871124267578125,57.93125534057617,20.110660552978516
2016-08-12,24.83060073852539,51.55082321166992,58.68611145019531,20.170446395874023
2016-08-15,25.128992080688477,51.71098327636719,58.65939712524414,20.248165130615234
2016-08-16,25.10603141784668,51.42448806762695,58.73289489746094,20.451417922973633
2016-08-17,25.069313049316406,51.53192138671875,58.85981369018555,20.445444107055664
2016-08-18,25.037179946899414,51.567745208740234,59.394229888916016,20.71445655822754
2016-08-19,25.101444244384766,51.58563995361328,58.65272903442383,20.523157119750977
2016-08-22,24.906343460083008,51.630401611328125,58.77962875366211,20.301965713500977
2016-08-23,24.98438262939453,51.82736587524414,58.599266052246094,20.403589248657227
2016-08-24,24.796175003051758,51.881080627441406,58.7996940612793,20.487287521362305
2016-08-25,24.690576553344727,52.078041076660156,58.425594329833984,20.4573974609375
2016-08-26,24.545976638793945,51.95269775390625,58.29867172241211,20.42152976989746
2016-08-29,24.5184326171875,52.0153694152832,58.679443359375,20.4693546295166
2016-08-30,24.330219268798828,51.82736587524414,58.465667724609375,20.38566017150879
2016-08-31,24.353178024291992,51.4423828125,58.21183395385742,20.24217987060547
2016-09-01,24.49777603149414,51.558780670166016,58.01139831542969,20.122615814208984
2016-09-02,24.727312088012695,51.630401611328125,58.398860931396484,20.624780654907227
2016-09-06,24.720417022705078,51.576690673828125,59.16707992553711,20.73836898803711
2016-09-07,24.871910095214844,51.62145233154297,58.946659088134766,20.78022575378418
2016-09-08,24.220048904418945,51.415550231933594,59.48775863647461,20.97152328491211
2016-09-09,23.67147445678711,50.323299407958984,58.01139831542969,20.535112380981445
2016-09-12,24.20168685913086,51.07533264160156,58.31204605102539,20.702503204345703
2016-09-13,24.777809143066406,50.609798431396484,56.92253112792969,20.02696990966797
2016-09-14,25.654613494873047,50.368064880371094,56.51503372192383,19.919355392456055
2016-09-15,26.526826858520508,51.20066452026367,56.83568572998047,20.092723846435547
2016-09-16,26.37763023376465,51.254398345947266,56.134246826171875,19.913381576538086
2016-09-19,26.070066452026367,50.967899322509766,56.000648498535156,19.99109649658203
2016-09-20,26.06777000427246,50.86046600341797,55.13889694213867,19.769906997680664
2016-09-21,26.06317901611328,51.71098709106445,55.6466178894043,20.092723846435547
2016-09-22,26.308774948120117,51.76470184326172,55.80692672729492,20.481306076049805
2016-09-23,25.870370864868164,51.415550231933594,55.74680709838867,20.301965713500977
2016-09-26,25.90938949584961,50.9410514831543,55.48627471923828,20.13457489013672
2016-09-27,25.957592010498047,51.881080627441406,55.60651397705078,20.092723846435547
2016-09-28,26.154987335205078,51.95269775390625,58.05149459838867,20.828046798706055
2016-09-29,25.748714447021484,51.38868713378906,57.75756072998047,20.95956802368164
2016-09-30,25.948415756225586,51.567745208740234,58.30533218383789,21.019344329833984
2016-10-03,25.826759338378906,51.406578063964844,58.15170669555664,21.20467185974121
2016-10-04,25.93693733215332,51.24543762207031,57.617286682128906,21.33021354675293
2016-10-05,25.948415756225586,51.603546142578125,58.118309020996094,21.539453506469727
2016-10-06,26.141218185424805,51.69306945800781,58.145015716552734,21.491621017456055
2016-10-07,26.180234909057617,51.746788024902344,57.944618225097656,21.623146057128906
2016-10-10,26.637004852294922,51.96166229248047,59.080265045166016,21.922056198120117
2016-10-11,26.694387435913086,51.20066452026367,58.61265182495117,21.389991760253906
2016-10-12,26.9330997467041,51.129032135009766,58.20513916015625,21.395977020263672
2016-10-13,26.8504695892334,50.95895004272461,57.82437515258789,21.33021354675293
2016-10-14,26.99966049194336,51.406578063964844,57.81101608276367,21.425867080688477
2016-10-17,26.981298446655273,51.2275276184082,57.81101608276367,21.222606658935547
2016-10-18,26.962940216064453,51.62145233154297,57.96466064453125,21.509563446044922
2016-10-19,26.882598876953125,51.50505828857422,58.231868743896484,21.551406860351562
2016-10-20,26.86882972717285,51.254398345947266,58.25858688354492,21.551406860351562
2016-10-21,26.76323699951172,53.41199493408203,57.86444091796875,21.670974731445312
2016-10-24,27.004249572753906,54.611656188964844,58.058197021484375,21.44379997253418
2016-10-25,27.1419677734375,54.60271072387695,57.93125534057617,21.54543113708496
2016-10-26,26.531417846679688,54.28042221069336,58.17842102050781,21.431838989257812
2016-10-27,26.276636123657227,53.80591583251953,58.064842224121094,21.52151870727539
2016-10-28,26.102197647094727,53.60000991821289,56.635284423828125,21.33021354675293
2016-10-31,26.060882568359375,53.644779205322266,55.65996170043945,21.252500534057617
2016-11-01,25.59033966064453,53.537330627441406,55.880401611328125,20.391639709472656
2016-11-02,25.613298416137695,53.206085205078125,55.74680709838867,20.331850051879883
2016-11-03,25.338747024536133,53.009132385253906,55.887081146240234,20.230226516723633
2016-11-04,25.1103515625,52.561492919921875,55.82697677612305,20.050884246826172
2016-11-07,25.472562789916992,54.0923957824707,57.08287811279297,20.337831497192383
2016-11-08,25.622522354125977,54.13718032836914,57.49395751953125,20.374345779418945
2016-11-09,25.580997467041016,53.86857604980469,58.127464294433594,20.593425750732422
2016-11-10,24.868104934692383,52.552547454833984,58.666622161865234,20.654281616210938
2016-11-11,25.01576042175293,52.83900833129883,57.736602783203125,20.191781997680664
2016-11-14,24.38823699951172,52.033267974853516,57.47373580932617,20.070066452026367
2016-11-15,24.71122169494629,53.060787200927734,58.51161575317383,20.453454971313477
2016-11-16,25.375667572021484,53.76382064819336,57.790504455566406,20.26480484008789
2016-11-17,25.366436004638672,54.656124114990234,57.44004821777344,20.386518478393555
2016-11-18,25.39181137084961,54.39474105834961,57.47373580932617,20.471712112426758
2016-11-21,25.777101516723633,54.854408264160156,58.289222717285156,20.9342098236084
2016-11-22,25.793254852294922,55.0887565612793,58.417266845703125,21.019407272338867
2016-11-23,25.661741256713867,54.4398078918457,58.57898712158203,20.9342098236084
2016-11-25,25.790943145751953,54.556976318359375,58.713802337646484,20.8551025390625
2016-11-28,25.74018096923828,54.62908172607422,58.275733947753906,20.520401000976562
2016-11-29,25.71480941772461,55.06171798706055,57.89159393310547,20.39868927001953
2016-11-30,25.49794578552246,54.3136100769043,58.83511734008789,21.30543327331543
2016-12-01,25.260313034057617,53.358219146728516,58.79466247558594,21.536678314208984
2016-12-02,25.354902267456055,53.403282165527344,58.65988540649414,21.59144401550293
2016-12-05,25.172645568847656,54.27755355834961,58.9564323425293,21.59144401550293
2016-12-06,25.366436004638672,54.034210205078125,59.01034164428711,21.64621925354004
2016-12-07,25.6156063079834,55.3140869140625,59.354042053222656,21.84096336364746
2016-12-08,25.867076873779297,54.98960494995117,59.52253723144531,22.023523330688477
2016-12-09,26.289270401000977,55.854888916015625,59.98082733154297,21.913982391357422
2016-12-12,26.139318466186523,56.03513717651367,61.31520080566406,22.218252182006836
2016-12-13,26.575353622436523,56.76521682739258,62.393516540527344,22.38865089416504
2016-12-14,26.575353622436523,56.494834899902344,61.04561996459961,21.920076370239258
2016-12-15,26.720699310302734,56.40468215942383,61.25456237792969,21.816608428955078
2016-12-16,26.75531005859375,56.15232849121094,61.44999694824219,22.26694679260254
2016-12-19,26.90987777709961,57.34206008911133,60.93780517578125,22.248687744140625
2016-12-20,26.98139762878418,57.26994705200195,60.94453811645508,22.224346160888672
2016-12-21,27.00678253173828,57.26994705200195,60.84343338012695,22.382566452026367
2016-12-22,26.829137802124023,57.27895736694336,61.241085052490234,22.46168327331543
2016-12-23,26.88218879699707,56.99955749511719,61.133235931396484,22.528621673583984
2016-12-27,27.052921295166016,57.03561019897461,61.16020202636719,22.583389282226562
2016-12-28,26.937564849853516,56.77421951293945,60.856937408447266,22.66859245300293
2016-12-29,26.930648803710938,56.69308853149414,60.890621185302734,22.759876251220703
2016-12-30,26.720699310302734,56.00810241699219,60.82996368408203,22.747703552246094
2017-01-03,26.79683494567871,56.40468215942383,61.25456237792969,23.12500762939453
2017-01-04,26.7668399810791,56.15232849121094,60.58061981201172,23.30148696899414
2017-01-05,26.902957916259766,56.15232849121094,59.67753219604492,23.47188377380371
2017-01-06,27.202877044677734,56.6390380859375,59.643836975097656,23.070236206054688
2017-01-09,27.452041625976562,56.45877456665039,58.65988540649414,22.705102920532227
2017-01-10,27.479732513427734,56.440738677978516,57.911800384521484,22.583389282226562
2017-01-11,27.627384185791016,56.954490661621094,58.5048828125,22.851150512695312
2017-01-12,27.512033462524414,56.431724548339844,58.1881217956543,22.978946685791016
2017-01-13,27.46358299255371,56.512855529785156,58.194854736328125,22.918094635009766
2017-01-17,27.68505859375,56.359622955322266,58.87556076049805,22.784215927124023
2017-01-18,27.682754516601562,56.332576751708984,58.1476936340332,22.57730484008789
2017-01-19,27.63431167602539,56.15232849121094,57.10307693481445,22.455595016479492
2017-01-20,27.68505859375,56.54888916015625,57.88484191894531,22.419086456298828
2017-01-23,27.70351791381836,56.747188568115234,57.26482009887695,22.285200119018555
2017-01-24,27.678146362304688,57.25192642211914,57.3456916809082,22.46168327331543
2017-01-25,28.118793487548828,57.39613342285156,57.51417922973633,22.534706115722656
2017-01-26,28.13263702392578,57.92790985107422,57.689422607421875,22.358230590820312
2017-01-27,28.134946823120117,59.28891372680664,57.62874984741211,22.2608585357666
2017-01-30,28.061119079589844,58.703041076660156,57.190696716308594,21.883548736572266
2017-01-31,27.996524810791016,58.27042007446289,56.53697204589844,21.89573097229004
2017-02-01,29.703760147094727,57.30600357055664,55.89672088623047,21.90181541442871
2017-02-02,29.653005599975586,56.93645477294922,56.24043655395508,21.78010368347168
2017-02-03,29.779895782470703,57.39613342285156,56.301082611083984,21.85921287536621
2017-02-06,30.05905532836914,57.36009216308594,56.14607620239258,21.798362731933594
2017-02-07,30.345149993896484,57.17081832885742,55.782161712646484,20.922040939331055
2017-02-08,30.46279525756836,57.089691162109375,55.41489028930664,20.952468872070312
2017-02-09,30.68291664123535,57.7386474609375,55.65973663330078,20.958553314208984
2017-02-10,30.613405227661133,57.684566497802734,56.12220764160156,21.01332664489746
2017-02-13,30.884511947631836,58.3335075378418,56.44866180419922,21.092437744140625
2017-02-14,31.285362243652344,58.5511360168457,56.326236724853516,21.04375457763672
2017-02-15,31.39889907836914,58.51486587524414,56.55746841430664,20.932281494140625
2017-02-16,31.361827850341797,58.50579071044922,55.97256851196289,20.857969284057617
2017-02-17,31.447553634643555,58.596492767333984,55.60533142089844,20.696949005126953
2017-02-21,31.67463493347168,58.47859573364258,55.693748474121094,20.950862884521484
2017-02-22,31.769634246826172,58.360721588134766,55.04085922241211,20.690752029418945
2017-02-23,31.63523292541504,58.596492767333984,55.618934631347656,20.969444274902344
2017-02-24,31.665372848510742,58.596492767333984,55.142852783203125,20.746490478515625
2017-02-27,31.72792625427246,58.242828369140625,55.455711364746094,21.04375457763672
2017-02-28,31.741832733154297,58.01613998413086,55.306087493896484,21.006593704223633
2017-03-01,32.39060974121094,58.886661529541016,56.46225357055664,21.198579788208008
2017-03-02,32.198307037353516,58.043338775634766,56.6527099609375,21.13045310974121
2017-03-03,32.388301849365234,58.2609748840332,56.081398010253906,21.11187744140625
2017-03-06,32.28635025024414,58.27911376953125,56.33302688598633,21.03756332397461
2017-03-07,32.32805633544922,58.397003173828125,56.12220764160156,20.975627899169922
2017-03-08,32.20756912231445,58.93199157714844,55.10884475708008,20.62882423400879
2017-03-09,32.1334228515625,58.696231842041016,55.54413604736328,20.746490478515625
2017-03-10,32.239986419677734,58.87758255004883,55.50331497192383,21.260509490966797
2017-03-13,32.25390625,58.678096771240234,55.37410354614258,21.09949493408203
2017-03-14,32.205238342285156,58.40605926513672,55.08163070678711,20.703142166137695
2017-03-15,32.54587173461914,58.7143669128418,55.76854705810547,20.919893264770508
2017-03-16,32.59916305541992,58.6146125793457,55.81616973876953,21.068525314331055
2017-03-17,32.436954498291016,58.82317352294922,55.76854705810547,21.229543685913086
2017-03-20,32.77756881713867,58.87758255004883,55.76854705810547,21.17380142211914
2017-03-21,32.40219497680664,58.22469711303711,55.65291976928711,21.20477294921875
2017-03-22,32.76829147338867,58.968265533447266,55.60533142089844,21.049949645996094
2017-03-23,32.65244674682617,58.82317352294922,55.673362731933594,21.093297958374023
2017-03-24,32.587562561035156,58.92292785644531,55.244876861572266,20.919893264770508
2017-03-27,32.64318084716797,59.0317268371582,55.25847625732422,20.90131950378418
2017-03-28,33.31977081298828,59.20402145385742,55.65973663330078,21.006593704223633
2017-03-29,33.3939208984375,59.367244720458984,55.78215789794922,21.322439193725586
2017-03-30,33.34988784790039,59.584877014160156,56.924739837646484,21.378171920776367
2017-03-31,33.28733825683594,59.72090148925781,55.77535629272461,21.378171920776367
2017-04-03,33.296607971191406,59.4398078918457,55.81616973876953,21.30385971069336
2017-04-04,33.544532775878906,59.60301208496094,56.020198822021484,21.54538345336914
2017-04-05,33.37074279785156,59.448856353759766,56.12901306152344,21.421527862548828
2017-04-06,33.28733825683594,59.60301208496094,56.455474853515625,21.508230209350586
2017-04-07,33.213172912597656,59.55767059326172,56.28542709350586,21.58254051208496
2017-04-10,33.173789978027344,59.42164611816406,56.537078857421875,21.73117446899414
2017-04-11,32.81697082519531,59.37632369995117,56.33982849121094,21.90458106994629
2017-04-12,32.85635757446289,59.149627685546875,56.428253173828125,21.95412254333496
2017-04-13,32.682579040527344,58.895713806152344,55.557716369628906,21.669246673583984
2017-04-17,32.86329650878906,59.37632369995117,55.48291015625,21.694021224975586
2017-04-18,32.717323303222656,59.294708251953125,55.12247085571289,21.471071243286133
2017-04-19,32.59684753417969,58.977333068847656,54.741600036621094,21.142845153808594
2017-04-20,33.004642486572266,59.39445114135742,55.09524154663086,21.149038314819336
2017-04-21,32.96525955200195,60.21053695678711,54.87760925292969,21.056142807006836
2017-04-24,33.28268814086914,61.23524475097656,55.16325759887695,21.334823608398438
2017-04-25,33.48891067504883,61.5888557434082,55.58492660522461,21.46487808227539
2017-04-26,33.291969299316406,61.50726318359375,55.36049270629883,21.46487808227539
2017-04-27,33.317447662353516,61.906227111816406,55.26526641845703,21.30385971069336
2017-04-28,33.285011291503906,62.07853698730469,55.530513763427734,21.254318237304688
2017-05-01,33.96393585205078,62.93999481201172,55.8093376159668,21.254318237304688
2017-05-02,34.179412841796875,62.840240478515625,55.80255126953125,21.520614624023438
2017-05-03,34.07514572143555,62.64073181152344,56.24461364746094,21.48345375061035
2017-05-04,33.95233917236328,62.395904541015625,55.523712158203125,21.254318237304688
2017-05-05,34.5153923034668,62.568199157714844,55.78215789794922,21.861225128173828
2017-05-08,35.45381164550781,62.5137939453125,56.37385177612305,21.941736221313477
2017-05-09,35.680877685546875,62.60447692871094,55.97938919067383,21.89219093322754
2017-05-10,35.51173400878906,62.84931182861328,56.23340606689453,22.055994033813477
2017-05-11,35.818851470947266,62.07853698730469,56.71397018432617,22.181987762451172
2017-05-12,36.319087982177734,62.00600814819336,56.672794342041016,22.295385360717773
2017-05-15,36.22602081298828,62.05134582519531,56.84442138671875,22.496986389160156
2017-05-16,36.172515869140625,63.300750732421875,56.672794342041016,22.83087730407715
2017-05-17,34.958003997802734,61.54062271118164,56.28833770751953,22.786779403686523
2017-05-18,35.49079895019531,61.75037384033203,56.12355041503906,23.000972747802734
2017-05-19,35.61177062988281,61.73212814331055,56.24713134765625,23.271875381469727
2017-05-22,35.82816696166992,62.425228118896484,56.494285583496094,23.284475326538086
2017-05-23,35.78395462036133,62.635009765625,56.69336700439453,23.26557159423828
2017-05-24,35.67692565917969,62.717063903808594,56.494285583496094,23.246675491333008
2017-05-25,35.80023193359375,63.49224853515625,56.12355041503906,22.931682586669922
2017-05-26,35.739749908447266,63.80236053466797,55.98624801635742,22.937976837158203
2017-05-30,35.75370407104492,64.21273803710938,55.67730712890625,22.849781036376953
2017-05-31,35.541988372802734,63.69291305541992,55.26539993286133,22.774187088012695
2017-06-01,35.63970184326172,63.930023193359375,55.4026985168457,22.83087730407715
2017-06-02,36.16786193847656,65.44393157958984,54.57886505126953,22.62297821044922
2017-06-05,35.81418991088867,65.91813659667969,55.004512786865234,22.730085372924805
2017-06-06,35.9351921081543,66.13702392578125,55.75283432006836,22.83087730407715
2017-06-07,36.14924240112305,66.01844787597656,55.546871185302734,22.314287185668945
2017-06-08,36.060821533203125,65.6171875,55.3477897644043,22.3079891204834
2017-06-09,34.662506103515625,64.13065338134766,56.38441848754883,22.57258415222168
2017-06-12,33.834224700927734,63.63818359375,56.933658599853516,22.559986114501953
2017-06-13,34.106441497802734,64.43161010742188,56.95425033569336,22.69858169555664
2017-06-14,33.77372360229492,64.0850601196289,56.34323501586914,22.28278923034668
2017-06-15,33.57129669189453,63.747615814208984,56.47369384765625,22.200899124145508
2017-06-16,33.101314544677734,63.838809967041016,57.31809997558594,22.679683685302734
2017-06-19,34.04827880859375,64.63225555419922,56.81694030761719,22.70488929748535
2017-06-20,33.73882293701172,63.756744384765625,56.50802993774414,22.037094116210938
2017-06-21,33.93891525268555,64.0850601196289,55.910728454589844,21.82919692993164
2017-06-22,33.88308334350586,64.075927734375,55.66358184814453,21.797693252563477
2017-06-23,34.03430938720703,64.94232177734375,56.02743148803711,21.948890686035156
2017-06-26,33.92729568481445,64.3221664428711,55.77341842651367,21.974088668823242
2017-06-27,33.44101333618164,63.11834716796875,55.684181213378906,22.144189834594727
2017-06-28,33.92962646484375,63.65643310546875,55.97251510620117,22.219791412353516
2017-06-29,33.42938232421875,62.46173095703125,55.4026985168457,21.961490631103516
2017-06-30,33.508487701416016,62.86299514770508,55.423309326171875,21.82919692993164
2017-07-03,33.38750457763672,62.16989517211914,56.36384582519531,22.062294006347656
2017-07-05,33.524784088134766,62.99979782104492,55.505680084228516,21.684295654296875
2017-07-06,33.20835876464844,62.534690856933594,55.004512786865234,21.6968936920166
2017-07-07,33.545711517333984,63.34634780883789,55.073177337646484,21.646499633789062
2017-07-10,33.750450134277344,63.8205680847168,55.03197479248047,21.627595901489258
2017-07-11,33.85982131958008,63.829708099365234,55.334049224853516,21.646499633789062
2017-07-12,33.90867614746094,64.88760375976562,55.5811767578125,21.967792510986328
2017-07-13,34.380985260009766,65.45299530029297,55.588069915771484,21.87329864501953
2017-07-14,34.67646026611328,66.3741226196289,55.8008918762207,22.018192291259766
2017-07-17,34.79745101928711,66.89396667480469,55.51254653930664,21.999292373657227
2017-07-18,34.91844177246094,66.8483657836914,55.334049224853516,21.942590713500977
2017-07-19,35.137149810791016,67.35907745361328,55.505680084228516,22.068593978881836
2017-07-20,34.978939056396484,67.68739318847656,55.51254653930664,22.112689971923828
2017-07-21,34.9626579284668,67.29524993896484,55.004512786865234,21.848093032836914
2017-07-24,35.3860969543457,67.1219711303711,54.8328742980957,21.709503173828125
2017-07-25,35.53733444213867,67.66002655029297,55.107479095458984,21.986692428588867
2017-07-26,35.70485305786133,67.5323486328125,55.1761474609375,21.948890686035156
2017-07-27,35.030113220214844,66.720703125,55.49195098876953,22.04339027404785
2017-07-28,34.78349685668945,66.61126708984375,54.647525787353516,22.150487899780273
2017-07-31,34.604339599609375,66.30120086669922,54.94959259033203,22.13788604736328
2017-08-01,34.91145324707031,66.19173431396484,55.038848876953125,22.849781036376953
2017-08-02,36.56105422973633,65.89993286132812,55.334049224853516,22.931682586669922
2017-08-03,36.19577407836914,65.79957580566406,55.258541107177734,22.767879486083984
2017-08-04,36.386558532714844,66.28294372558594,55.0662956237793,22.887588500976562
2017-08-07,36.94960021972656,66.02758026123047,55.03197479248047,23.15217399597168
2017-08-08,37.245079040527344,66.38325500488281,54.894676208496094,23.01988410949707
2017-08-09,37.47309494018555,66.09142303466797,55.0662956237793,23.160791397094727
2017-08-10,36.27951431274414,65.12471008300781,54.74050521850586,22.718839645385742
2017-08-11,36.7840576171875,66.11876678466797,54.213687896728516,22.379369735717773
2017-08-14,37.337646484375,67.11283111572266,54.227561950683594,22.21283531188965
2017-08-15,37.746395111083984,67.13117218017578,54.09584426879883,22.142383575439453
2017-08-16,37.59457778930664,67.5254135131836,53.70074462890625,21.963041305541992
2017-08-17,36.872798919677734,66.3793716430664,52.861995697021484,21.841339111328125
2017-08-18,36.78872299194336,66.46188354492188,53.12538528442383,21.879772186279297
2017-08-21,36.720977783203125,66.15018463134766,52.945167541503906,21.777294158935547
2017-08-22,37.321285247802734,67.0761489868164,53.194705963134766,21.873371124267578
2017-08-23,37.36798858642578,66.67276000976562,53.1046028137207,21.931013107299805
2017-08-24,37.202152252197266,66.645263671875,52.91050720214844,21.892576217651367
2017-08-25,37.3399772644043,66.76441955566406,53.180850982666016,22.1231632232666
2017-08-28,37.71603775024414,66.77362060546875,53.007568359375,22.078330993652344
2017-08-29,38.052391052246094,66.9753189086914,52.99369812011719,22.0142765045166
2017-08-30,38.15516662597656,67.85550689697266,52.75107192993164,22.0142765045166
2017-08-31,38.30698776245117,68.55227661132812,52.91050720214844,22.244863510131836
2017-09-01,38.318668365478516,67.79130554199219,53.07686996459961,22.270488739013672
2017-09-05,37.858497619628906,67.48875427246094,53.499717712402344,22.385774612426758
2017-09-06,37.818809509277344,67.29621124267578,54.60881042480469,22.622760772705078
2017-09-07,37.66697692871094,68.1580581665039,54.7820930480957,22.738059997558594
2017-09-08,37.052669525146484,67.82798767089844,54.63654327392578,22.622760772705078
2017-09-11,37.72304153442383,68.54312896728516,54.93458557128906,22.776487350463867
2017-09-12,37.57354736328125,68.46976470947266,55.10789489746094,22.898183822631836
2017-09-13,37.29092025756836,68.9556884765625,55.295066833496094,23.05190086364746
2017-09-14,36.970909118652344,68.55227661132812,55.51687240600586,23.269685745239258
2017-09-15,37.344642639160156,69.04737854003906,55.50299835205078,23.42980194091797
2017-09-18,37.062007904052734,68.90986633300781,55.51687240600586,23.474639892578125
2017-09-19,37.076026916503906,69.16658020019531,55.606998443603516,23.666797637939453
2017-09-20,36.454708099365234,68.7081298828125,55.83574676513672,23.846139907836914
2017-09-21,35.828712463378906,68.03885650634766,55.378238677978516,24.147172927856445
2017-09-22,35.47834396362305,68.22222900390625,55.3990478515625,24.224037170410156
2017-09-25,35.165348052978516,67.1678695678711,56.13380432128906,24.4930477142334
2017-09-26,35.770320892333984,67.1678695678711,56.071434020996094,24.256061553955078
2017-09-27,36.02492141723633,67.70878601074219,56.445735931396484,24.352136611938477
2017-09-28,35.80302429199219,67.72711181640625,56.97256851196289,24.608333587646484
2017-09-29,35.99921798706055,68.29557037353516,56.826995849609375,24.6147403717041
2017-10-02,35.926815032958984,68.40557861328125,56.58435821533203,24.589126586914062
2017-10-03,36.08331298828125,68.08468627929688,56.674495697021484,24.787675857543945
2017-10-04,35.849727630615234,68.47893524169922,56.69525909423828,24.755659103393555
2017-10-05,36.29586410522461,69.65250396728516,56.854713439941406,24.730039596557617
2017-10-06,36.27485656738281,69.67999267578125,56.63982391357422,24.505855560302734
2017-10-09,36.4009895324707,69.94586944580078,56.86164474487305,24.633962631225586
2017-10-10,36.41499328613281,69.94586944580078,57.02108383178711,24.858137130737305
2017-10-11,36.56682586669922,70.0650634765625,57.25676727294922,24.88376235961914
2017-10-12,36.438358306884766,70.70686340332031,57.13890075683594,24.986234664916992
2017-10-13,36.66960144042969,71.04607391357422,57.12506103515625,25.043886184692383
2017-10-16,37.344642639160156,71.19278717041016,57.402347564697266,25.101533889770508
2017-10-17,37.482460021972656,71.13777923583984,57.50629806518555,24.781278610229492
2017-10-18,37.31660842895508,71.15612030029297,57.36766052246094,24.800491333007812
2017-10-19,36.43368148803711,71.43115997314453,57.353797912597656,24.819704055786133
2017-10-20,36.49674606323242,72.2563247680664,57.61027908325195,24.819704055786133
2017-10-23,36.47806167602539,72.274658203125,57.70037841796875,24.8453311920166
2017-10-24,36.6953010559082,72.30216979980469,57.859825134277344,24.979833602905273
2017-10-25,36.534122467041016,72.09131622314453,57.651859283447266,24.8453311920166
2017-10-26,36.7677116394043,72.21047973632812,57.859825134277344,24.755659103393555
2017-10-27,38.0850944519043,76.8405532836914,58.02616882324219,25.043886184692383
2017-10-30,38.942317962646484,76.91387176513672,57.90834426879883,25.37694549560547
2017-10-31,39.48421859741211,76.26293182373047,57.77665710449219,26.049482345581055
2017-11-01,38.98204040527344,76.26293182373047,58.1370849609375,26.10712432861328
2017-11-02,39.266998291015625,77.06059265136719,57.901424407958984,26.049482345581055
2017-11-03,40.29241180419922,77.14308166503906,57.658809661865234,25.979022979736328
2017-11-06,40.701175689697266,77.44564056396484,58.05392074584961,26.523456573486328
2017-11-07,40.83198165893555,77.26227569580078,57.93608093261719,26.56829071044922
2017-11-08,41.16599655151367,77.52816009521484,57.859825134277344,26.51704978942871
2017-11-09,41.08191680908203,77.09723663330078,58.20642852783203,26.465063095092773
2017-11-10,40.945953369140625,76.89556121826172,58.02452087402344,26.192089080810547
2017-11-13,40.7818489074707,76.9505615234375,57.98954391479492,25.919124603271484
2017-11-14,40.16532516479492,77.06059265136719,57.534812927246094,25.74363899230957
2017-11-15,39.63554763793945,76.46163177490234,56.81422424316406,25.405675888061523
2017-11-16,40.10906219482422,76.66435241699219,56.35947799682617,25.19769859313965
2017-11-17,39.88636779785156,75.92720794677734,56.13559341430664,25.405675888061523
2017-11-20,39.84650802612305,76.04698181152344,56.35249710083008,25.347187042236328
2017-11-21,40.58728790283203,77.14350891113281,56.57636260986328,25.431676864624023
2017-11-22,41.01393508911133,76.58141326904297,56.737266540527344,25.854122161865234
2017-11-24,41.01626968383789,76.71964263916016,56.96113204956055,26.02960777282715
2017-11-27,40.80998229980469,77.28174591064453,56.7442626953125,25.67864418029785
2017-11-28,40.57087326049805,78.21238708496094,57.13604736328125,25.9321231842041
2017-11-29,39.72931671142578,76.7933578491211,57.55579376220703,25.80862808227539
2017-11-30,40.28488540649414,77.55816650390625,58.26938247680664,26.042606353759766
2017-12-01,40.09736633300781,77.64109802246094,58.388301849365234,25.964614868164062
2017-12-04,39.804325103759766,74.71089935302734,58.465240478515625,25.938617706298828
2017-12-05,39.76681900024414,75.1808090209961,57.98954391479492,25.821624755859375
2017-12-06,39.619140625,76.27731323242188,57.56278991699219,25.72414207458496
2017-12-07,39.69179916381836,76.0101089477539,57.75167465209961,25.548660278320312
2017-12-08,39.703529357910156,77.54893493652344,57.82863235473633,25.76313591003418
2017-12-11,40.47710037231445,78.53491973876953,58.08747863769531,25.95162010192871
2017-12-12,40.24972152709961,78.85738372802734,57.898582458496094,26.42606544494629
2017-12-13,40.38334655761719,78.64545440673828,58.15043640136719,26.41956329345703
2017-12-14,40.371620178222656,78.03732299804688,57.99654769897461,26.40656852722168
2017-12-15,40.7818489074707,80.02765655517578,58.08747863769531,26.179088592529297
2017-12-18,41.356170654296875,79.59455108642578,58.02452087402344,26.543054580688477
2017-12-19,40.91546630859375,79.08776092529297,57.67472457885742,26.413063049316406
2017-12-20,40.870941162109375,78.80208587646484,57.975547790527344,26.614545822143555
2017-12-21,41.02565002441406,78.78368377685547,58.66115188598633,27.0889949798584
2017-12-22,41.02565002441406,78.79288482666016,58.745113372802734,26.835521697998047
2017-12-26,39.984840393066406,78.69153594970703,58.75209426879883,27.095495223999023
2017-12-27,39.99186706542969,78.97716522216797,58.696128845214844,27.114988327026367
2017-12-28,40.10437774658203,78.98640441894531,58.78008270263672,27.21247673034668
2017-12-29,39.67070007324219,78.8205337524414,58.51423645019531,27.316469192504883
2018-01-02,40.38099670410156,79.19831085205078,59.48668670654297,27.543941497802734
2018-01-03,40.373958587646484,79.56690979003906,60.65501022338867,27.862409591674805
2018-01-04,40.56149673461914,80.26721954345703,60.738956451416016,27.9728946685791
2018-01-05,41.02330780029297,81.26236724853516,60.68996810913086,28.011882781982422
2018-01-08,40.870941162109375,81.34532165527344,60.96282196044922,27.998891830444336
2018-01-09,40.866249084472656,81.28999328613281,60.7039680480957,27.862409591674805
2018-01-10,40.85686492919922,80.92143249511719,60.22123718261719,27.881912231445312
2018-01-11,41.08893585205078,81.1610107421875,60.815895080566406,28.122377395629883
2018-01-12,41.51323318481445,82.5616226196289,61.228660583496094,28.538326263427734
2018-01-16,41.302268981933594,81.40982055664062,60.843894958496094,27.595928192138672
2018-01-17,41.984413146972656,83.0592041015625,61.56446075439453,27.8689022064209
2018-01-18,42.02193832397461,83.02233123779297,61.165714263916016,27.881912231445312
2018-01-19,41.83440017700195,82.9301986694336,60.969825744628906,27.55694007873535
2018-01-22,41.492149353027344,84.4137191772461,61.7393684387207,28.200363159179688
2018-01-23,41.50151824951172,84.68094635009766,61.77438735961914,28.102876663208008
2018-01-24,40.8404541015625,84.60722351074219,61.935279846191406,28.55782699584961
2018-01-25,40.11140823364258,85.07715606689453,61.82332992553711,28.427845001220703
2018-01-26,40.20518493652344,86.6712646484375,62.26405334472656,28.473331451416016
2018-01-29,39.37300109863281,86.54226684570312,61.571468353271484,28.174367904663086
2018-01-30,39.14093017578125,85.45494842529297,60.71095657348633,27.823410034179688
2018-01-31,39.248741149902344,87.54663848876953,61.07477569580078,27.8104190826416
2018-02-01,39.33079528808594,86.85556030273438,62.31303405761719,28.180871963500977
2018-02-02,37.624229431152344,84.57035064697266,59.13687515258789,26.751028060913086
2018-02-05,36.68421173095703,81.08731079101562,55.77181625366211,25.854122161865234
2018-02-06,38.21731185913086,84.15572357177734,54.81337356567383,26.36757469177246
2018-02-07,37.39918899536133,82.57081604003906,53.826934814453125,25.99711036682129
2018-02-08,36.37009811401367,78.3321533203125,53.21828842163086,25.70464515686035
2018-02-09,36.81494903564453,81.2531509399414,53.55753707885742,25.41868019104004
2018-02-12,38.29780578613281,82.12852478027344,54.00985336303711,25.912620544433594
2018-02-13,38.68147277832031,82.77354431152344,53.925052642822266,25.795635223388672
2018-02-14,39.39466094970703,84.06961822509766,54.03813171386719,26.237586975097656
2018-02-15,40.71746063232422,85.78231811523438,53.861427307128906,26.283767700195312
2018-02-16,40.58563995361328,85.17130279541016,54.094661712646484,26.138629913330078
2018-02-20,40.44913101196289,85.83786010742188,53.53633117675781,26.07265281677246
2018-02-21,40.265541076660156,84.69915008544922,52.928531646728516,25.624038696289062
2018-02-22,40.60211944580078,84.92134094238281,53.61407470703125,25.89451789855957
2018-02-23,41.308250427246094,87.07839965820312,54.79434585571289,26.455297470092773
2018-02-26,42.125,88.33746337890625,55.72020721435547,26.58064842224121
2018-02-27,41.98847961425781,87.2079849243164,54.77314376831055,26.059463500976562
2018-02-28,41.924930572509766,86.8099365234375,53.52925491333008,25.63722038269043
2018-03-01,41.1905632019043,85.95819854736328,53.14760971069336,25.690004348754883
2018-03-02,41.475372314453125,86.14338684082031,53.39498519897461,25.531667709350586
2018-03-05,41.618953704833984,86.68958282470703,53.903839111328125,25.83515167236328
2018-03-06,41.583641052246094,86.39332580566406,53.84022903442383,26.09244155883789
2018-03-07,41.19761657714844,86.89323425292969,52.4832649230957,25.934106826782227
2018-03-08,41.64718246459961,87.42093658447266,52.384334564208984,26.033063888549805
2018-03-09,42.36272430419922,89.37431335449219,52.695281982421875,26.165016174316406
2018-03-12,42.772281646728516,89.5872573852539,53.175872802734375,26.290359497070312
2018-03-13,42.36037063598633,87.40242004394531,52.67409133911133,26.09244155883789
2018-03-14,42.000247955322266,86.88397979736328,52.016822814941406,25.643823623657227
2018-03-15,42.04966735839844,87.18949890136719,52.596336364746094,25.74938201904297
2018-03-16,41.901397705078125,87.57830810546875,53.091068267822266,26.0462589263916
2018-03-19,41.261173248291016,85.9952392578125,52.40553665161133,25.56466293334961
2018-03-20,41.247039794921875,86.21744537353516,52.29243850708008,25.755977630615234
2018-03-21,40.3126220703125,85.61569213867188,53.034549713134766,26.47508430480957
2018-03-22,39.743019104003906,83.12532806396484,51.946144104003906,25.74938201904297
2018-03-23,38.82268524169922,80.70906066894531,51.51502990722656,25.808757781982422
2018-03-26,40.665679931640625,86.81918334960938,52.29951095581055,26.666412353515625
2018-03-27,39.622962951660156,82.8290786743164,52.08749008178711,26.369529724121094
2018-03-28,39.18517303466797,82.7550277709961,51.45848083496094,26.125431060791016
2018-03-29,39.491153717041016,84.49549102783203,52.73064422607422,26.745582580566406
2018-04-02,39.23223876953125,81.9495849609375,51.74824905395508,26.329946517944336
2018-04-03,39.634735107421875,83.0512466430664,53.02040100097656,26.857728958129883
2018-04-04,40.39263153076172,85.47679901123047,52.91438293457031,27.068843841552734
2018-04-05,40.6727409362793,85.5230941772461,53.72714614868164,27.656009674072266
2018-04-06,39.632381439208984,83.53267669677734,52.91438293457031,27.550453186035156
2018-04-09,40.02545928955078,84.0325927734375,52.91438293457031,27.484474182128906
2018-04-10,40.778648376464844,85.9859848022461,54.46925354003906,28.223384857177734
2018-04-11,40.58799743652344,85.04169464111328,54.72365188598633,28.408109664916992
2018-04-12,40.98814392089844,86.63402557373047,54.57524490356445,28.408109664916992
2018-04-13,41.12700271606445,86.171142578125,55.01341247558594,28.342134475708008
2018-04-16,41.383575439453125,87.18024444580078,55.5081672668457,28.183795928955078
2018-04-17,41.95317840576172,88.939208984375,55.35972213745117,28.13761329650879
2018-04-18,41.85903549194336,89.28173065185547,55.98875045776367,28.718189239501953
2018-04-19,40.6727409362793,88.97624969482422,56.13009262084961,28.810548782348633
2018-04-20,39.006290435791016,87.94862365722656,55.833282470703125,28.698389053344727
2018-04-23,38.893310546875,88.27262878417969,56.23611831665039,28.968889236450195
2018-04-24,38.35193634033203,86.20816802978516,55.373878479003906,29.186601638793945
2018-04-25,38.5190544128418,85.45832061767578,56.186649322509766,29.140411376953125
2018-04-26,38.65323257446289,87.26356506347656,57.14781951904297,29.589038848876953
2018-04-27,38.20600891113281,88.707763671875,54.978111267089844,29.173389434814453
2018-04-30,38.898006439208984,86.5784683227539,54.94981002807617,29.417509078979492
2018-05-01,39.801849365234375,87.94862365722656,54.38442611694336,29.556034088134766
2018-05-02,41.560096740722656,86.56922149658203,54.278411865234375,29.490060806274414
2018-05-03,41.63542556762695,87.0876693725586,54.094661712646484,29.509855270385742
2018-05-04,43.26892852783203,88.09675598144531,54.349090576171875,29.91229248046875
2018-05-07,43.581974029541016,89.07807159423828,54.94276809692383,30.143203735351562
2018-05-08,43.79145050048828,88.69850158691406,55.19013214111328,29.90570640563965
2018-05-09,44.099796295166016,89.74463653564453,56.490543365478516,30.862323760986328
2018-05-10,44.730594635009766,90.64262390136719,57.7556266784668,30.661819458007812
2018-05-11,44.56047058105469,90.44823455810547,58.02689743041992,30.62841033935547
2018-05-14,44.45650863647461,90.75373077392578,58.419593811035156,31.00933265686035
2018-05-15,44.052459716796875,90.096435546875,58.391029357910156,31.269983291625977
2018-05-16,44.46359634399414,90.32889556884766,58.555198669433594,31.216510772705078
2018-05-17,44.18242263793945,89.42696380615234,58.45526885986328,31.53730010986328
2018-05-18,44.021751403808594,89.59434509277344,58.04120635986328,31.664278030395508
2018-05-21,44.333641052246094,90.74728393554688,58.740821838378906,31.93828582763672
2018-05-22,44.222591400146484,90.65430450439453,58.28392028808594,31.470478057861328
2018-05-23,44.506126403808594,91.73285675048828,58.64801025390625,31.042760848999023
2018-05-24,44.45650863647461,91.40744018554688,57.305870056152344,30.5749454498291
2018-05-25,44.558109283447266,91.45392608642578,56.1921501159668,29.63930892944336
2018-05-29,44.397438049316406,91.12850189208984,55.98512649536133,29.76629066467285
2018-05-30,44.30292510986328,92.00247955322266,58.1839714050293,30.548206329345703
2018-05-31,44.15406799316406,91.90023803710938,57.99835205078125,30.621721267700195
2018-06-01,44.95033645629883,93.71331024169922,58.419593811035156,30.68855094909668
2018-06-04,45.32602310180664,94.5315170288086,57.80561447143555,30.715290069580078
2018-06-05,45.67572021484375,95.0150146484375,57.59856033325195,30.935829162597656
2018-06-06,45.83402633666992,95.2939453125,58.58375930786133,30.92913818359375
2018-06-07,45.71116638183594,93.7969741821289,59.169158935546875,31.54398536682129
2018-06-08,45.29530334472656,94.49430847167969,59.68319320678711,31.437055587768555
2018-06-11,45.18425750732422,93.95503997802734,59.32624816894531,31.49052619934082
2018-06-12,45.43235397338867,94.19679260253906,58.840782165527344,30.82221221923828
2018-06-13,45.059024810791016,93.76907348632812,58.19110870361328,30.748695373535156
2018-06-14,45.08265686035156,94.2990493774414,58.4624137878418,31.036069869995117
2018-06-15,44.61954116821289,93.09965515136719,57.58428192138672,30.160593032836914
2018-06-18,44.595916748046875,93.77841186523438,57.69852066040039,30.307615280151367
2018-06-19,43.87525939941406,93.77841186523438,57.612823486328125,30.17397117614746
2018-06-20,44.06664276123047,94.71748352050781,57.43436050415039,29.913320541381836
2018-06-21,43.82090759277344,94.0387191772461,56.89179992675781,29.5123291015625
2018-06-22,43.693321228027344,93.36000061035156,58.09829330444336,30.59498405456543
2018-06-25,43.04354476928711,91.48179626464844,56.927486419677734,29.565805435180664
2018-06-26,43.577537536621094,92.12338256835938,57.57001495361328,30.000202178955078
2018-06-27,43.51374435424805,90.69149017333984,58.33390426635742,30.36776351928711
2018-06-28,43.83036422729492,91.7049789428711,58.519500732421875,30.521484375
2018-06-29,43.73820114135742,91.68635559082031,59.062095642089844,30.514799118041992
2018-07-02,44.22730255126953,92.98807525634766,58.36958694458008,30.207374572753906
2018-07-03,43.457027435302734,92.095458984375,58.712276458740234,30.675188064575195
2018-07-05,43.80672836303711,92.755615234375,58.76225280761719,30.742015838623047
2018-07-06,44.413978576660156,94.05732727050781,58.77653121948242,30.70191192626953
2018-07-09,45.03066635131836,94.69886779785156,59.183448791503906,31.14300537109375
2018-07-10,44.97633743286133,94.94991302490234,59.72603988647461,31.443744659423828
2018-07-11,44.392704010009766,94.81975555419922,58.96213912963867,30.167278289794922
2018-07-12,45.13700485229492,96.87458038330078,59.033531188964844,30.307615280151367
2018-07-13,45.2078857421875,98.02751159667969,59.47615051269531,30.32099151611328
2018-07-16,45.10865020751953,97.54402923583984,58.89076232910156,29.819759368896484
2018-07-17,45.236236572265625,98.5110092163086,58.76225280761719,29.692779541015625
2018-07-18,44.98813247680664,97.73927307128906,58.697994232177734,29.572484970092773
2018-07-19,45.33784484863281,97.06986236572266,58.54807662963867,29.6994571685791
2018-07-20,45.2338752746582,98.80854034423828,58.11258316040039,29.76629066467285
2018-07-23,45.274051666259766,100.38919067382812,58.11258316040039,29.572484970092773
2018-07-24,45.60247039794922,100.10094451904297,59.26198196411133,29.95341682434082
2018-07-25,46.032508850097656,103.04837799072266,59.67604064941406,30.10044288635254
2018-07-26,45.88837814331055,101.92332458496094,60.14008331298828,29.759605407714844
2018-07-27,45.12519073486328,100.11953735351562,58.483802795410156,29.746238708496094
2018-07-30,44.87237548828125,97.97173309326172,58.35532760620117,29.67940902709961
2018-07-31,44.962154388427734,98.63188171386719,58.19110870361328,30.133867263793945
2018-08-01,47.61087417602539,98.81783294677734,57.39154052734375,29.759605407714844
2018-08-02,49.00258255004883,100.01727294921875,57.04885482788086,29.25170135498047
2018-08-03,49.144351959228516,100.45426940917969,57.25587463378906,29.385364532470703
2018-08-06,49.399539947509766,100.53795623779297,57.241607666015625,29.492290496826172
2018-08-07,48.936424255371094,101.23529052734375,58.019775390625,29.886592864990234
2018-08-08,48.969505310058594,101.8024673461914,57.63426208496094,29.826444625854492
2018-08-09,49.354644775390625,101.96980285644531,57.34154510498047,29.497791290283203
2018-08-10,49.207637786865234,101.34687042236328,57.283851623535156,29.131855010986328
2018-08-13,49.525360107421875,100.61233520507812,56.663543701171875,28.921791076660156
2018-08-14,49.7340202331543,101.86753845214844,56.483238220214844,28.87435531616211
2018-08-15,49.8502082824707,100.48616027832031,55.49509811401367,28.142501831054688
2018-08-16,50.58050537109375,100.4675064086914,56.2596435546875,28.271251678466797
2018-08-17,51.59060287475586,100.41148376464844,56.44719314575195,28.39999771118164
2018-08-20,51.08792495727539,99.74881744384766,56.8438720703125,28.7185001373291
2018-08-21,50.98833084106445,98.91812133789062,56.85830307006836,28.7727108001709
2018-08-22,50.99070358276367,99.9261474609375,57.67334747314453,29.12508201599121
2018-08-23,51.09503936767578,100.39282989501953,57.03861618041992,29.097976684570312
2018-08-24,51.2538948059082,101.17686462402344,57.42811584472656,29.42323875427246
2018-08-27,51.675960540771484,102.29690551757812,57.990699768066406,29.728185653686523
2018-08-28,52.0932731628418,102.91291809082031,57.90416717529297,29.3148136138916
2018-08-29,52.87098693847656,104.55562591552734,58.32249450683594,29.402910232543945
2018-08-30,53.35706329345703,104.49030303955078,58.07006072998047,29.531658172607422
2018-08-31,53.97356414794922,104.84498596191406,57.8248176574707,29.05731773376465
2018-09-04,54.14664840698242,104.26629638671875,57.91138458251953,28.94889259338379
2018-09-05,53.79335403442383,101.26085662841797,58.68312454223633,28.98955726623535
2018-09-06,52.89944839477539,101.49417877197266,58.03397750854492,28.60329246520996
2018-09-07,52.47264862060547,100.99951934814453,59.02214431762695,28.481311798095703
2018-09-10,51.76842498779297,102.091552734375,58.93558883666992,28.521974563598633
2018-09-11,53.07727813720703,103.8276138305664,59.76504135131836,28.90145492553711
2018-09-12,52.41810607910156,104.26629638671875,59.95980453491211,29.21317481994629
2018-09-13,53.68428421020508,105.38633728027344,59.37555694580078,29.42323875427246
2018-09-14,53.074913024902344,105.815673828125,59.80832290649414,29.3148136138916
2018-09-17,51.66172790527344,104.66763305664062,60.1617431640625,29.3012638092041
2018-09-18,51.74708557128906,105.66635131835938,60.32042694091797,29.51811981201172
2018-09-19,51.77790451049805,104.25695037841797,61.04169845581055,29.802722930908203
2018-09-20,52.1715202331543,106.00234985351562,61.17874526977539,30.202531814575195
2018-09-21,51.60957717895508,106.64636993408203,61.43120193481445,30.270294189453125
2018-09-24,52.35173034667969,107.02903747558594,62.46263885498047,30.643001556396484
2018-09-25,52.68367004394531,106.82369232177734,62.39051055908203,31.388412475585938
2018-09-26,52.26398849487305,106.3850326538086,61.87118148803711,31.34774398803711
2018-09-27,53.33809280395508,106.78636932373047,61.86396026611328,31.7611141204834
2018-09-28,53.525428771972656,106.7490463256836,61.323001861572266,31.239322662353516
2018-10-01,53.88581848144531,107.90642547607422,61.89280319213867,31.69333839416504
2018-10-02,54.36479568481445,107.4770736694336,62.36164855957031,31.7204532623291
2018-10-03,55.026336669921875,107.49574279785156,62.13805389404297,31.84242820739746
2018-10-04,54.058929443359375,105.27432250976562,61.7269287109375,31.69333839416504
2018-10-05,53.181617736816406,104.65830993652344,61.55381393432617,31.510387420654297
2018-10-08,53.05830764770508,103.46359252929688,62.12362289428711,31.04281234741211
2018-10-09,53.79335403442383,104.77963256835938,62.39773178100586,31.178333282470703
2018-10-10,51.30131530761719,99.08612060546875,60.96236801147461,30.595577239990234
2018-10-11,50.84843063354492,98.85276794433594,58.856239318847656,29.904373168945312
2018-10-12,52.66469955444336,102.26887512207031,58.697547912597656,30.188980102539062
2018-10-15,51.53843688964844,100.43014526367188,58.293643951416016,30.155099868774414
2018-10-16,52.67418670654297,103.60360717773438,58.56773376464844,30.290624618530273
2018-10-17,52.446571350097656,103.33293914794922,58.78410339355469,30.05344581604004
2018-10-18,51.22071075439453,101.27017974853516,59.03655242919922,29.721412658691406
2018-10-19,52.000797271728516,101.41954040527344,59.123104095458984,29.816272735595703
2018-10-22,52.31852340698242,102.32487487792969,58.53166580200195,29.233505249023438
2018-10-23,52.81172180175781,100.89684295654297,57.5867919921875,28.66428565979004
2018-10-24,51.00017166137695,95.50198364257812,55.98556137084961,27.776573181152344
2018-10-25,52.11698532104492,101.0835189819336,56.483238220214844,28.18315887451172
2018-10-26,51.28709030151367,99.83281707763672,55.920650482177734,27.851119995117188
2018-10-29,50.324424743652344,96.9300537109375,55.57442092895508,27.80367660522461
2018-10-30,50.57575988769531,96.81803894042969,56.822235107421875,28.60329246520996
2018-10-31,51.89410400390625,99.69278717041016,57.47138595581055,29.389366149902344
2018-11-01,52.6907958984375,98.86209869384766,58.185462951660156,28.90145492553711
2018-11-02,49.195770263671875,99.08612060546875,59.10868835449219,28.1899356842041
2018-11-05,47.79918670654297,100.34613800048828,58.88508987426758,28.87435531616211
2018-11-06,48.316097259521484,100.54216003417969,59.13753128051758,28.90824317932129
2018-11-07,49.78143310546875,104.49964141845703,59.887664794921875,29.21317481994629
2018-11-08,49.607749938964844,104.30361938476562,58.93558883666992,28.37105369567871
2018-11-09,48.65122604370117,102.26887512207031,58.92100143432617,28.350431442260742
2018-11-12,46.200477600097656,99.74881744384766,58.16328430175781,28.0960693359375
2018-11-13,45.73887634277344,99.81415557861328,56.829959869384766,27.367372512817383
2018-11-14,44.44686508178711,98.39866638183594,56.385528564453125,27.7248477935791
2018-11-15,45.54375457763672,100.56404113769531,56.96839904785156,28.295434951782227
2018-11-16,46.048187255859375,101.51082611083984,57.529396057128906,28.0754451751709
2018-11-19,44.22320556640625,98.07057189941406,57.718833923339844,28.130441665649414
2018-11-20,42.11031723022461,95.34274291992188,56.079524993896484,27.566726684570312
2018-11-21,42.06272506713867,96.65511322021484,56.50937271118164,28.37105369567871
2018-11-23,40.99437713623047,96.61760711669922,55.0012092590332,27.422367095947266
2018-11-26,41.54875946044922,99.80477142333984,56.08679962158203,27.862329483032227
2018-11-27,41.45836639404297,100.43282318115234,56.137794494628906,27.717981338500977
2018-11-28,43.052555084228516,104.16366577148438,57.15782928466797,28.0754451751709
2018-11-29,42.721824645996094,103.29187774658203,57.60227966308594,27.827964782714844
2018-11-30,42.49101257324219,103.94805908203125,57.92284393310547,27.73859214782715
2018-12-03,43.97574996948242,105.07292175292969,59.17601776123047,28.316055297851562
2018-12-04,42.04130172729492,101.72644805908203,57.87183380126953,28.15106773376465
2018-12-06,41.572574615478516,102.35448455810547,57.11411666870117,27.21613121032715
2018-12-07,40.09021759033203,98.25806427001953,56.56767654418945,27.1611385345459
2018-12-10,40.35433578491211,100.85465240478516,55.76622009277344,27.064895629882812
2018-12-11,40.12352752685547,101.79203033447266,55.86821365356445,26.865535736083984
2018-12-12,40.235355377197266,102.25138092041016,55.38734817504883,26.84491539001465
2018-12-13,40.6755485534668,102.59819793701172,56.08679962158203,27.009899139404297
2018-12-14,39.37403106689453,99.39230346679688,55.0667724609375,26.576807022094727
2018-12-17,39.00760269165039,96.4488754272461,53.944740295410156,26.40494155883789
2018-12-18,39.5144157409668,97.46126556396484,52.45843505859375,25.999340057373047
2018-12-19,38.28187942504883,97.19879913330078,51.56953430175781,25.88248634338379
2018-12-20,37.31586456298828,95.1552734375,50.003074645996094,25.614377975463867
2018-12-21,35.86442947387695,92.08060455322266,49.631507873535156,25.8962345123291
2018-12-24,34.93648147583008,88.23728942871094,47.72987365722656,25.19502830505371
2018-12-26,37.396751403808594,94.26473999023438,50.0103645324707,26.164337158203125
2018-12-27,37.15404510498047,94.845947265625,50.228946685791016,25.937480926513672
2018-12-28,37.173095703125,94.10540008544922,49.66792297363281,26.21246337890625
2018-12-31,37.53237533569336,95.2115249633789,49.68250274658203,26.06808853149414
2019-01-02,37.5752067565918,94.78970336914062,50.775367736816406,26.52867889404297
2019-01-03,33.83243942260742,91.30255889892578,49.99578857421875,26.679929733276367
2019-01-04,35.276729583740234,95.54898071289062,51.83912658691406,27.51861000061035
2019-01-07,35.198204040527344,95.67083740234375,52.10871124267578,27.60797691345215
2019-01-08,35.86919021606445,96.36450958251953,52.487571716308594,27.51861000061035
2019-01-09,36.478309631347656,97.74250793457031,52.764427185058594,27.745468139648438
2019-01-10,36.59489822387695,97.11445617675781,52.494850158691406,27.979204177856445
2019-01-11,36.23561477661133,96.36450958251953,52.254417419433594,27.662975311279297
2019-01-14,35.69074249267578,95.66145324707031,52.188838958740234,27.786710739135742
2019-01-15,36.42121124267578,98.43617248535156,52.21799087524414,27.662975311279297
2019-01-16,36.86614990234375,98.78300476074219,52.19612503051758,27.58047866821289
2019-01-17,37.08505630493164,99.47669219970703,52.55312728881836,27.587352752685547
2019-01-18,37.31346893310547,100.96712493896484,53.179725646972656,28.020448684692383
2019-01-22,36.4759407043457,99.06421661376953,52.37828063964844,27.552989959716797
2019-01-23,36.623451232910156,100.02973175048828,51.948421478271484,27.58047866821289
2019-01-24,36.33316421508789,99.5516586303711,52.021270751953125,27.5736141204834
2019-01-25,37.537139892578125,100.46092224121094,52.254417419433594,27.5736141204834
2019-01-28,37.18975830078125,98.50177764892578,51.90469741821289,27.20238494873047
2019-01-29,36.804290771484375,96.49575805664062,52.10142135620117,27.635480880737305
2019-01-30,39.31930160522461,99.72039794921875,52.669715881347656,27.958576202392578
2019-01-31,39.602455139160156,97.8924789428711,53.391014099121094,28.267927169799805
2019-02-01,39.62147521972656,96.34577941894531,55.31450271606445,28.419166564941406
2019-02-04,40.7469367980957,99.12044525146484,54.513038635253906,28.45354461669922
2019-02-05,41.4440803527832,100.5078125,55.07406234741211,29.436594009399414
2019-02-06,41.45836639404297,99.39230346679688,54.83361053466797,29.587833404541016
2019-02-07,40.673160552978516,98.67988586425781,54.41104507446289,29.354101181030273
2019-02-08,40.7209587097168,99.05486297607422,54.499446868896484,29.209745407104492
2019-02-11,40.48676681518555,98.66112518310547,54.58784103393555,29.017248153686523
2019-02-12,40.835655212402344,100.19847106933594,55.54552459716797,29.161624908447266
2019-02-13,40.66599655151367,100.12348175048828,56.171714782714844,29.312856674194336
2019-02-14,40.81414794921875,100.20787048339844,56.18643569946289,29.204742431640625
2019-02-15,40.72334671020508,101.44520568847656,57.247249603271484,29.49769401550293
2019-02-19,40.845211029052734,101.39836120605469,57.63031768798828,29.560474395751953
2019-02-20,41.10807800292969,100.87114715576172,57.85133743286133,29.63022232055664
2019-02-21,40.87627029418945,102.99872589111328,57.32828140258789,29.49769401550293
2019-02-22,41.33268737792969,104.46731567382812,57.77029800415039,29.61627769470215
2019-02-25,41.6337776184082,105.05097198486328,57.829227447509766,29.65114974975586
2019-02-26,41.65767288208008,105.7758560180664,57.94709777832031,29.658126831054688
2019-02-27,41.786712646484375,105.59700012207031,58.5438117980957,29.881328582763672
2019-02-28,41.375694274902344,105.46519470214844,58.21967697143555,29.748788833618164
2019-03-01,41.810604095458984,105.93590545654297,58.934242248535156,29.699975967407227
2019-03-04,42.02088928222656,105.68171691894531,59.16261291503906,29.7418270111084
2019-03-05,41.94443130493164,105.154541015625,59.074195861816406,29.81157112121582
2019-03-06,41.70307922363281,105.20159149169922,58.403831481933594,29.783674240112305
2019-03-07,41.220375061035156,103.92129516601562,59.0521240234375,29.734844207763672
2019-03-08,41.31835174560547,104.03426361083984,58.20492935180664,29.469797134399414
2019-03-11,42.749717712402344,106.21830749511719,58.77218246459961,29.525592803955078
2019-03-12,43.23002624511719,106.96204376220703,58.934242248535156,29.61627769470215
2019-03-13,43.42119216918945,107.79047393798828,59.45729064941406,30.57185935974121
2019-03-14,43.90388870239258,107.87519073486328,59.25840377807617,30.655563354492188
2019-03-15,44.47500228881836,109.11783599853516,59.04475402832031,30.599763870239258
2019-03-18,44.92902374267578,110.6805419921875,59.7298469543457,30.85784149169922
2019-03-19,44.57297134399414,110.75585174560547,59.57515335083008,31.01827049255371
2019-03-20,44.96247482299805,110.63346862792969,59.90665054321289,31.06011199951172
2019-03-21,46.61846160888672,113.17526245117188,60.252899169921875,31.06011199951172
2019-03-22,45.6530647277832,110.1910400390625,59.287841796875,30.655563354492188
2019-03-25,45.10107421875,110.7652816772461,58.87531661987305,30.36260986328125
2019-03-26,44.63509750366211,111.00064849853516,59.64145278930664,30.564889907836914
2019-03-27,45.036556243896484,109.92742919921875,59.184730529785156,30.404464721679688
2019-03-28,45.09628677368164,110.07805633544922,59.47939682006836,30.432355880737305
2019-03-29,45.39020919799805,111.02887725830078,59.523582458496094,30.495136260986328
2019-04-01,45.69846725463867,112.04560852050781,60.208702087402344,30.753217697143555
2019-04-02,46.36277389526367,112.20561981201172,59.95088195800781,30.850858688354492
2019-04-03,46.68058776855469,112.93993377685547,59.59725570678711,30.850858688354492
2019-04-04,46.761837005615234,112.36566162109375,60.44443893432617,30.795072555541992
2019-04-05,47.07487487792969,112.86459350585938,60.76856994628906,31.06011199951172
2019-04-08,47.81563949584961,112.90227508544922,61.14427947998047,31.548377990722656
2019-04-09,47.67226791381836,112.29033660888672,60.356021881103516,31.38097381591797
2019-04-10,47.93989944458008,113.14702606201172,60.083473205566406,31.415842056274414
2019-04-11,47.54082489013672,113.27883911132812,60.37077331542969,31.29726791381836
2019-04-12,47.521724700927734,113.86248779296875,59.61197280883789,31.15776824951172
2019-04-15,47.60774230957031,113.95663452148438,59.41309356689453,31.15776824951172
2019-04-16,47.61252975463867,113.69303894042969,59.81825256347656,31.025239944458008
2019-04-17,48.53968811035156,114.63444519042969,59.98768615722656,31.12289047241211
2019-04-18,48.71413040161133,116.14068603515625,59.766700744628906,30.96246337890625
2019-04-22,48.87421417236328,116.50782012939453,61.07061767578125,31.415842056274414
2019-04-23,49.579158782958984,118.08937072753906,61.42421340942383,31.401897430419922
2019-04-24,49.5026969909668,117.68457794189453,60.23078918457031,30.781110763549805
2019-04-25,49.05344772338867,121.58197021484375,60.5696907043457,30.662534713745117
2019-04-26,48.81926345825195,122.27863311767578,59.295223236083984,30.209152221679688
2019-04-29,48.89335250854492,122.1656723022461,58.91214370727539,30.006877899169922
2019-04-30,47.951847076416016,122.947021484375,59.14049530029297,30.502113342285156
2019-05-01,50.30559158325195,120.38639831542969,57.954471588134766,30.048723220825195
2019-05-02,49.978214263916016,118.81427001953125,56.93785095214844,29.734844207763672
2019-05-03,50.59950637817383,121.34659576416016,57.0704460144043,30.048723220825195
2019-05-06,49.818111419677734,120.64057922363281,56.81997299194336,29.94409942626953
2019-05-07,48.47516632080078,118.1646957397461,56.517940521240234,29.448869705200195
2019-05-08,48.48471450805664,118.1552734375,56.606353759765625,29.490726470947266
2019-05-09,47.96379470825195,118.14585876464844,56.55477523803711,29.480100631713867
2019-05-10,47.299339294433594,119.68033599853516,57.04655838012695,29.37392807006836
2019-05-13,44.550323486328125,116.12186431884766,56.4132194519043,29.182825088500977
2019-05-14,45.255558013916016,117.42098236083984,56.48770523071289,29.409320831298828
2019-05-15,45.79770278930664,119.07453155517578,56.90498733520508,29.565044403076172
2019-05-16,45.596195220947266,121.82416534423828,56.897544860839844,29.926015853881836
2019-05-17,45.33711624145508,121.01156616210938,56.562217712402344,29.968490600585938
2019-05-20,43.91943359375,119.26353454589844,56.55477523803711,30.13835906982422
2019-05-21,44.76140594482422,119.90604400634766,56.81557846069336,30.258686065673828
2019-05-22,43.84506607055664,120.63357543945312,56.301448822021484,29.968490600585938
2019-05-23,43.096649169921875,119.22573852539062,54.98257827758789,29.260683059692383
2019-05-24,42.93113327026367,119.28240966796875,55.21355056762695,29.557964324951172
2019-05-28,42.75361633300781,119.20684051513672,54.103328704833984,29.359777450561523
2019-05-29,42.54972839355469,118.05406188964844,53.76803207397461,29.211137771606445
2019-05-30,42.77042007446289,118.80052947998047,53.62643814086914,29.041263580322266
2019-05-31,41.99561309814453,116.86351776123047,52.73230743408203,28.821849822998047
2019-06-03,41.571014404296875,113.2351303100586,53.55938720703125,29.0483455657959
2019-06-04,43.09186553955078,116.37217712402344,54.83354187011719,29.274839401245117
2019-06-05,43.787498474121094,118.89502716064453,54.37902069091797,29.0483455657959
2019-06-06,44.43037796020508,120.77531433105469,55.370018005371094,29.451791763305664
2019-06-07,45.61298751831055,124.15801239013672,55.57122039794922,29.826923370361328
2019-06-10,46.19589614868164,125.29185485839844,55.81710433959961,29.784456253051758
2019-06-11,46.73081970214844,124.81946563720703,55.76495361328125,29.968490600585938
2019-06-12,46.58209228515625,124.24308776855469,55.1613883972168,29.062498092651367
2019-06-13,46.57250213623047,125.0273208618164,55.64572525024414,29.175752639770508
2019-06-14,46.2342643737793,125.15016174316406,55.39984130859375,28.956335067749023
2019-06-17,46.510135650634766,125.52811431884766,55.95121765136719,28.623655319213867
2019-06-18,47.60396957397461,127.71076965332031,56.435550689697266,29.076650619506836
2019-06-19,47.46485900878906,128.2115478515625,56.12260818481445,29.083736419677734
2019-06-20,47.846256256103516,129.4021453857422,57.08380889892578,29.593353271484375
2019-06-21,47.68313217163086,129.42105102539062,57.888553619384766,30.046350479125977
2019-06-24,47.63516616821289,130.1863555908203,57.33715057373047,29.855239868164062
2019-06-25,46.91312789916992,126.07612609863281,56.83046340942383,29.628742218017578
2019-06-26,47.92780303955078,126.548583984375,57.07636260986328,29.784456253051758
2019-06-27,47.913421630859375,126.75646209716797,56.495155334472656,29.4588680267334
2019-06-28,47.47684097290039,126.57694244384766,57.09872055053711,29.51549530029297
2019-07-01,48.34759521484375,128.2021026611328,57.04655838012695,29.784456253051758
2019-07-02,48.630653381347656,129.05255126953125,56.420658111572266,29.628742218017578
2019-07-03,49.03365707397461,129.884033203125,56.9571418762207,29.274839401245117
2019-07-05,48.990474700927734,129.50607299804688,56.726165771484375,29.041263580322266
2019-07-08,47.980587005615234,129.41162109375,56.98695755004883,29.076650619506836
2019-07-09,48.27323913574219,128.93911743164062,56.94969940185547,28.984642028808594
2019-07-10,48.75059509277344,130.25254821777344,57.75442886352539,29.175752639770508
2019-07-11,48.39557647705078,130.77220153808594,57.79911804199219,29.218210220336914
2019-07-12,48.767391204833984,131.24464416503906,57.843833923339844,29.168668746948242
2019-07-15,49.22555923461914,131.24464416503906,57.43402099609375,28.80060386657715
2019-07-16,49.05524444580078,129.5249481201172,56.57712936401367,28.460865020751953
2019-07-17,48.779388427734375,128.75961303710938,56.241817474365234,27.80260467529297
2019-07-18,49.33350372314453,128.90135192871094,55.76495361328125,27.491172790527344
2019-07-19,48.59707260131836,129.09034729003906,55.876708984375,27.767213821411133
2019-07-22,49.70771026611328,130.80056762695312,55.93632888793945,27.852144241333008
2019-07-23,50.096317291259766,131.6132049560547,56.159854888916016,27.937088012695312
2019-07-24,50.055545806884766,132.96435546875,56.15242385864258,27.703508377075195
2019-07-25,49.659732818603516,132.4635772705078,55.83201217651367,27.597335815429688
2019-07-26,49.83244705200195,133.55018615722656,55.742584228515625,27.590259552001953
2019-07-29,50.297821044921875,133.25726318359375,56.13750457763672,27.668119430541992
2019-07-30,50.081939697265625,132.61477661132812,56.14496612548828,28.305150985717773
2019-07-31,51.10379409790039,128.75961303710938,55.40728759765625,28.128192901611328
2019-08-01,49.99796676635742,130.4509735107422,53.99154281616211,27.604415893554688
2019-08-02,48.940101623535156,129.35488891601562,53.462528228759766,27.236358642578125
2019-08-05,46.378204345703125,124.92340087890625,52.367183685302734,26.65595817565918
2019-08-06,47.25615692138672,127.26669311523438,52.873878479003906,26.620563507080078
2019-08-07,47.745506286621094,127.82417297363281,52.53112030029297,26.57809066772461
2019-08-08,48.79856491088867,131.2352294921875,53.93194580078125,26.7544002532959
2019-08-09,48.39644241333008,130.1202850341797,52.78444290161133,26.488149642944336
2019-08-12,48.273651123046875,128.30609130859375,52.52796173095703,26.37301254272461
2019-08-13,50.31795883178711,130.96119689941406,53.1767463684082,26.768789291381836
2019-08-14,48.820247650146484,127.01740264892578,51.034271240234375,26.09238052368164
2019-08-15,48.57704544067383,126.73298645019531,50.732521057128906,25.94126319885254
2019-08-16,49.723201751708984,129.05567932128906,51.524635314941406,26.113962173461914
2019-08-19,50.6502571105957,131.2171630859375,52.392173767089844,26.516937255859375
2019-08-20,50.65266799926758,130.12692260742188,52.075340270996094,26.229097366333008
2019-08-21,51.20166015625,131.5774383544922,52.59585952758789,26.444974899291992
2019-08-22,51.15831756591797,130.6199188232422,52.48270797729492,26.27947235107422
2019-08-23,48.793758392333984,126.45809173583984,50.913570404052734,26.056392669677734
2019-08-26,49.72080612182617,128.41104125976562,51.18515396118164,26.12116050720215
2019-08-27,49.15976333618164,128.68594360351562,50.687259674072266,26.337039947509766
2019-08-28,49.48963928222656,128.51528930664062,51.05691146850586,26.502544403076172
2019-08-29,50.32759094238281,130.94223022460938,51.62269973754883,26.58888816833496
2019-08-30,50.262577056884766,130.6957550048828,51.660430908203125,26.58888816833496
2019-09-03,49.530574798583984,128.97032165527344,51.72077178955078,26.58888816833496
2019-09-04,50.37092971801758,130.47772216796875,52.271488189697266,26.847944259643555
2019-09-05,51.35576629638672,132.77197265625,53.010765075683594,26.891117095947266
2019-09-06,51.35094451904297,131.8712921142578,53.50867462158203,26.94869041442871
2019-09-09,51.570068359375,130.37344360351562,53.93112564086914,26.98466682434082
2019-09-10,52.17927169799805,129.0082244873047,54.368675231933594,27.229326248168945
2019-09-11,53.838321685791016,129.0461883544922,54.2630615234375,27.20054817199707
2019-09-12,53.717926025390625,130.37344360351562,54.3007698059082,27.10699462890625
2019-09-13,52.67289352416992,130.18386840820312,54.798667907714844,27.250919342041016
2019-09-16,52.94980239868164,129.24525451660156,55.62095260620117,28.315906524658203
2019-09-17,53.14242935180664,130.25013732910156,55.1984977722168,27.733043670654297
2019-09-18,53.640869140625,131.3214111328125,54.93446731567383,27.769023895263672
2019-09-19,53.20503234863281,133.7389373779297,54.56482696533203,27.840974807739258
2019-09-20,52.42728042602539,132.1936492919922,54.37621307373047,28.056854248046875
2019-09-23,52.66566467285156,131.90921020507812,54.41392135620117,27.8913516998291
2019-09-24,52.41523742675781,130.24073791503906,53.6671028137207,27.438016891479492
2019-09-25,53.22188949584961,132.11782836914062,53.825504302978516,27.466794967651367
2019-09-26,52.94739532470703,132.28846740722656,53.5388298034668,27.52436637878418
2019-09-27,52.68974304199219,130.57252502441406,53.923587799072266,27.53156280517578
2019-09-30,53.92981719970703,131.80496215820312,53.26725387573242,27.337268829345703
2019-10-01,54.07910919189453,129.9468231201172,52.014976501464844,27.128589630126953
2019-10-02,52.72346878051758,127.6525650024414,50.65708923339844,26.329837799072266
2019-10-03,53.171329498291016,129.19786071777344,51.283233642578125,26.17152976989746
2019-10-04,54.66181945800781,130.94223022460938,52.03007888793945,26.596092224121094
2019-10-07,54.67385482788086,129.99424743652344,51.31340026855469,26.58888816833496
2019-10-08,54.03335189819336,128.6195831298828,50.31761932373047,26.516937255859375
2019-10-09,54.6666374206543,131.05604553222656,50.8758659362793,26.747203826904297
2019-10-10,55.4034538269043,131.8712921142578,51.48691177368164,26.740009307861328
2019-10-11,56.8770866394043,132.4211883544922,52.03761291503906,26.955881118774414
2019-10-14,56.795223236083984,132.29794311523438,52.18848419189453,26.927093505859375
2019-10-15,56.66278076171875,134.2129364013672,52.36954879760742,26.88392448425293
2019-10-16,56.43402862548828,133.11325073242188,51.471824645996094,26.775989532470703
2019-10-17,56.65315628051758,132.43067932128906,51.40393829345703,27.171762466430664
2019-10-18,56.92524719238281,130.26919555664062,51.00410461425781,26.970273971557617
2019-10-21,57.91249465942383,131.23614501953125,51.856563568115234,27.538753509521484
2019-10-22,57.780067443847656,129.283203125,52.12059020996094,27.711454391479492
2019-10-23,58.555397033691406,130.10800170898438,52.61849594116211,28.107229232788086
2019-10-24,58.6517219543457,132.6676483154297,52.12059020996094,28.215171813964844
2019-10-25,59.37409210205078,133.4166259765625,52.241294860839844,28.315906524658203
2019-10-28,59.968833923339844,136.69680786132812,51.7811279296875,28.236751556396484
2019-10-29,58.58188247680664,135.40748596191406,51.630245208740234,27.294090270996094
2019-10-30,58.57465744018555,137.09498596191406,51.08707809448242,27.67547035217285
2019-10-31,59.89900588989258,135.91943359375,50.97393035888672,27.27970314025879
2019-11-01,61.59898376464844,136.25125122070312,52.50533676147461,27.848175048828125
2019-11-04,62.00352478027344,137.03814697265625,54.0669059753418,28.323101043701172
2019-11-05,61.9144172668457,136.95277404785156,55.138153076171875,28.661317825317383
2019-11-06,61.9409065246582,136.5735626220703,53.93112564086914,28.351896286010742
2019-11-07,62.65578079223633,136.76312255859375,55.07780075073242,28.74297523498535
2019-11-08,62.82726287841797,138.37484741210938,54.03182601928711,28.6479434967041
2019-11-11,63.32479476928711,138.5170440673828,53.70351791381836,28.618717193603516
2019-11-12,63.26680374145508,139.42710876464844,52.962955474853516,28.60409164428711
2019-11-13,63.87301254272461,139.65463256835938,52.52775573730469,28.66257095336914
2019-11-14,63.431053161621094,140.36572265625,52.2987174987793,28.494436264038086
2019-11-15,64.18458557128906,142.1764373779297,52.82551574707031,28.66257095336914
2019-11-18,64.50819396972656,142.52720642089844,52.3139762878418,28.55291748046875
2019-11-19,64.31256866455078,142.57456970214844,51.779537200927734,28.25320816040039
2019-11-20,63.563873291015625,142.32728576660156,51.93986511230469,28.150863647460938
2019-11-21,63.278907775878906,142.194091796875,53.191986083984375,28.209348678588867
2019-11-22,63.22333908081055,142.29876708984375,52.962955474853516,28.18010902404785
2019-11-25,64.3318862915039,143.85882568359375,52.611751556396484,28.238588333129883
2019-11-26,63.829551696777344,144.61976623535156,52.4819450378418,27.865774154663086
2019-11-27,64.68692016601562,144.8957061767578,52.45140075683594,27.602617263793945
2019-11-29,64.54441833496094,144.00149536132812,52.01621627807617,27.354068756103516
2019-12-02,63.79814529418945,142.26071166992188,52.23762893676758,27.273664474487305
2019-12-03,62.660621643066406,142.03237915039062,51.825347900390625,26.915475845336914
2019-12-04,63.213687896728516,142.5460968017578,52.413238525390625,27.090909957885742
2019-12-05,64.1410903930664,142.62217712402344,52.22999572753906,26.791200637817383
2019-12-06,65.38005828857422,144.35350036621094,53.069828033447266,27.112850189208984
2019-12-09,64.46472930908203,143.9824981689453,53.184349060058594,27.120155334472656
2019-12-10,64.84148406982422,143.76365661621094,52.72625732421875,27.054359436035156
2019-12-11,65.3945541381836,144.30592346191406,52.64990997314453,26.725412368774414
2019-12-12,65.56120300292969,145.77085876464844,53.70351791381836,27.0178165435791
2019-12-13,66.45238494873047,146.9979248046875,52.856048583984375,27.003196716308594
2019-12-16,67.58988189697266,147.94923400878906,53.443946838378906,27.36869239807129
2019-12-17,67.7227554321289,147.150146484375,53.19961929321289,27.478343963623047
2019-12-18,67.56092834472656,146.84573364257812,53.34469223022461,27.52220916748047
2019-12-19,67.62854766845703,148.1204376220703,52.978206634521484,27.52220916748047
2019-12-20,67.48847961425781,149.7375946044922,53.39812469482422,27.668405532836914
2019-12-23,68.58977508544922,149.7375946044922,53.66533660888672,27.85846710205078
2019-12-24,68.65499114990234,149.70907592773438,53.45920181274414,27.807296752929688
2019-12-26,70.0171127319336,150.9361572265625,53.54319381713867,27.763437271118164
2019-12-27,69.99055480957031,151.21202087402344,53.35994338989258,27.675718307495117
2019-12-30,70.40595245361328,149.9087677001953,53.046932220458984,27.485652923583984
2019-12-31,70.92037200927734,150.01344299316406,53.27596664428711,27.588001251220703
2020-01-02,72.53851318359375,152.79107666015625,54.131072998046875,27.880393981933594
2020-01-03,71.83329010009766,150.8885955810547,53.69588088989258,28.384790420532227
2020-01-06,72.40567779541016,151.2786407470703,54.10816955566406,29.130407333374023
2020-01-07,72.06512451171875,149.89927673339844,53.66533660888672,28.823387145996094
2020-01-08,73.22440338134766,152.28692626953125,52.856048583984375,28.384790420532227
2020-01-09,74.77973937988281,154.189453125,53.260704040527344,28.47981834411621
2020-01-10,74.94881439208984,153.47604370117188,52.78733825683594,28.319002151489258
2020-01-13,76.55004119873047,155.3214874267578,53.2912483215332,28.36285972595215
2020-01-14,75.516357421875,154.22747802734375,52.83314514160156,28.377471923828125
2020-01-15,75.19274139404297,155.22634887695312,52.7491569519043,28.297069549560547
2020-01-16,76.13465118408203,158.07061767578125,52.54301834106445,28.39210319519043
2020-01-17,76.97753143310547,158.95530700683594,52.34451675415039,28.340925216674805
2020-01-21,76.45584869384766,158.384521484375,51.5963134765625,28.011978149414062
2020-01-22,76.72879028320312,157.62353515625,51.29853820800781,27.690336227416992
2020-01-23,77.0982894897461,158.59381103515625,50.97787094116211,27.924259185791016
2020-01-24,76.8760986328125,156.99569702148438,50.63431167602539,27.873092651367188
2020-01-27,74.61552429199219,154.3702392578125,49.4279899597168,27.36869239807129
2020-01-28,76.72633361816406,157.3952178955078,49.35929489135742,27.346771240234375
2020-01-29,78.3324203491211,159.8494110107422,48.94701385498047,27.171323776245117
2020-01-30,78.21888732910156,164.35841369628906,49.46617889404297,27.06898307800293
2020-01-31,74.75078582763672,161.9327392578125,47.42768096923828,26.411081314086914
2020-02-03,74.54550170898438,165.88043212890625,46.366432189941406,25.75318145751953
2020-02-04,77.00650024414062,171.34063720703125,45.78618621826172,26.68155288696289
2020-02-05,77.63446044921875,171.13136291503906,47.89339828491211,27.536821365356445
2020-02-06,78.54251861572266,174.67958068847656,47.24445343017578,26.959335327148438
2020-02-07,77.47493743896484,174.92689514160156,46.9314079284668,26.586523056030273
2020-02-10,77.84291076660156,179.5024871826172,46.43576431274414,26.45494270324707
2020-02-11,77.37327575683594,175.45013427734375,46.87720489501953,26.71810531616211
2020-02-12,79.21068572998047,175.70693969726562,47.45028305053711,27.171323776245117
2020-02-13,78.64662170410156,174.7556915283203,47.186973571777344,26.903627395629883
2020-02-14,78.6659927368164,176.31576538085938,46.97013854980469,26.7697811126709
2020-02-18,77.2255859375,178.1040802001953,46.37381362915039,26.836706161499023
2020-02-19,78.34400939941406,178.6382598876953,46.73005294799805,26.95568084716797
2020-02-20,77.54029846191406,175.9102783203125,46.35832214355469,26.754905700683594
2020-02-21,75.78514862060547,170.3492431640625,45.79297637939453,26.293872833251953
2020-02-24,72.18534088134766,163.0045623779297,43.64776611328125,25.327190399169922
2020-02-25,69.74024963378906,160.31468200683594,41.974952697753906,24.486913681030273
2020-02-26,70.84659576416016,162.31777954101562,41.053367614746094,24.301013946533203
2020-02-27,66.21549987792969,150.8810577392578,38.5828857421875,23.445863723754883
2020-02-28,66.17675018310547,154.53428649902344,39.83747863769531,23.267396926879883
2020-03-02,72.33784484863281,164.81686401367188,41.72713088989258,23.96638298034668
2020-03-03,70.04045104980469,156.9189453125,39.729068756103516,23.735872268676758
2020-03-04,73.28926086425781,162.68026733398438,40.5964469909668,24.64306640625
2020-03-05,70.91197204589844,158.5977325439453,38.807472229003906,24.241518020629883
2020-03-06,69.9702377319336,154.1145782470703,36.933311462402344,23.237655639648438
2020-03-09,64.4361572265625,143.66989135742188,32.418296813964844,18.798336029052734
2020-03-10,69.07695770263672,153.49459838867188,33.618690490722656,19.921178817749023
2020-03-11,66.67786407470703,146.54100036621094,32.511226654052734,18.337299346923828
2020-03-12,60.093116760253906,132.64332580566406,28.793893814086914,16.039560317993164
2020-03-13,67.29275512695312,151.50103759765625,29.52187156677246,16.4857234954834
2020-03-16,58.635765075683594,129.1712646484375,26.710630416870117,14.009516716003418
2020-03-17,61.21398162841797,139.8067626953125,28.507352828979492,14.009516716003418
2020-03-18,59.71547317504883,133.9214630126953,25.649641036987305,11.979476928710938
2020-03-19,59.2579231262207,136.12490844726562,26.664167404174805,12.641283988952637
2020-03-20,55.49589157104492,131.01222229003906,25.355350494384766,12.931290626525879
2020-03-23,54.31694412231445,129.7054443359375,24.356313705444336,13.526177406311035
2020-03-24,59.766300201416016,141.4951171875,27.44635772705078,16.448543548583984
2020-03-25,59.43706130981445,140.1405792236328,28.879085540771484,18.062164306640625
2020-03-26,62.56482696533203,148.9065704345703,30.063982009887695,18.15883445739746
2020-03-27,59.97450256347656,142.79232788085938,28.615768432617188,16.619571685791016
2020-03-30,61.6860466003418,152.83644104003906,29.041719436645508,17.787029266357422
2020-03-31,61.56017303466797,150.4327392578125,29.40570831298828,18.136526107788086
2020-04-01,58.3210563659668,145.09115600585938,29.064945220947266,18.12165641784668
2020-04-02,59.29423904418945,148.0957794189453,31.2876033782959,19.356037139892578
2020-04-03,58.442100524902344,146.73178100585938,30.366024017333984,18.381914138793945
2020-04-06,63.54042434692383,157.64390563964844,31.341814041137695,18.627302169799805
2020-04-07,62.80449676513672,155.946044921875,31.938142776489258,18.44139862060547
2020-04-08,64.41193389892578,157.51039123535156,33.959442138671875,18.880130767822266
2020-04-09,64.87676239013672,157.51991271972656,33.4018440246582,18.515762329101562
2020-04-13,66.1501235961914,157.87283325195312,33.11529541015625,18.5231990814209
2020-04-14,69.49092102050781,165.6848907470703,32.859737396240234,18.173704147338867
2020-04-15,68.85665130615234,163.94886779785156,31.34956169128418,16.983938217163086
2020-04-16,69.40375518798828,168.8707733154297,30.319547653198242,16.24776840209961
2020-04-17,68.46208190917969,170.3588104248047,33.4715461730957,17.42266845703125
2020-04-20,67.0409927368164,166.9821319580078,31.891674041748047,16.619571685791016
2020-04-21,64.96876525878906,160.0762176513672,31.721296310424805,16.091609954833984
2020-04-22,66.8400650024414,165.5132293701172,32.627410888671875,17.348304748535156
2020-04-23,66.58102416992188,163.51010131835938,33.6496696472168,17.38547706604004
2020-04-24,68.5031967163086,166.49571228027344,33.866512298583984,17.392919540405273
2020-04-27,68.5516357421875,166.01876831054688,34.029144287109375,18.077035903930664
2020-04-28,67.4404296875,161.97438049316406,34.82682800292969,17.965496063232422
2020-04-29,69.65553283691406,169.24278259277344,36.75518798828125,18.90987777709961
2020-04-30,71.12499237060547,170.940673828125,35.98849868774414,17.697795867919922
2020-05-01,69.97993469238281,166.51473999023438,33.40959167480469,16.97650146484375
2020-05-04,70.97007751464844,170.58770751953125,34.75712585449219,17.288814544677734
2020-05-05,72.03524017333984,172.4191436767578,34.71839141845703,17.74985122680664
2020-05-06,72.7784423828125,174.1170196533203,34.06786346435547,17.534204483032227
2020-05-07,73.53135681152344,175.12811279296875,34.26148223876953,17.891132354736328
2020-05-08,75.2815170288086,176.15823364257812,35.76390838623047,18.34929656982422
2020-05-11,76.4660873413086,178.1232147216797,35.423152923583984,17.94458770751953
2020-05-12,75.59222412109375,174.08834838867188,34.83104705810547,17.60860824584961
2020-05-13,74.67950439453125,171.4557342529297,33.10213851928711,16.974815368652344
2020-05-14,75.13829040527344,172.19973754882812,33.39423370361328,16.906091690063477
2020-05-15,74.69404602050781,174.70840454101562,33.15739059448242,16.661741256713867
2020-05-18,76.4539566040039,176.3776397705078,35.794189453125,17.95222282409668
2020-05-19,76.01215362548828,175.15672302246094,34.6889533996582,17.494060516357422
2020-05-20,77.490478515625,177.58627319335938,35.817874908447266,18.03622055053711
2020-05-21,76.91272735595703,175.45318603515625,35.17841720581055,17.85295295715332
2020-05-22,77.40792083740234,175.5297088623047,35.20999526977539,17.547515869140625
2020-05-26,76.88359832763672,173.67413330078125,36.24419021606445,17.761322021484375
2020-05-27,77.2186050415039,173.90370178222656,36.50471115112305,18.27293586730957
2020-05-28,77.2525634765625,173.51145935058594,35.5573616027832,17.761322021484375
2020-05-29,77.17732238769531,175.2810516357422,35.896827697753906,17.66969108581543
2020-06-01,78.12643432617188,174.87933349609375,36.536285400390625,18.20421028137207
2020-06-02,78.48812866210938,176.86883544921875,37.34943389892578,19.051803588867188
2020-06-03,78.92021179199219,177.29930114746094,38.87309265136719,19.777225494384766
2020-06-04,78.24053955078125,174.96539306640625,38.762569427490234,19.61687469482422
2020-06-05,80.46890258789062,179.05926513671875,41.904632568359375,21.159339904785156
2020-06-08,80.94467163085938,180.16880798339844,43.21512985229492,21.67095184326172
2020-06-09,83.50074005126953,181.54617309570312,42.251991271972656,20.876808166503906
2020-06-10,85.64900207519531,188.2800750732422,39.986244201660156,20.143753051757812
2020-06-11,81.5369644165039,178.16970825195312,36.457332611083984,18.379838943481445
2020-06-12,82.24091339111328,179.5758056640625,37.23890686035156,18.899084091186523
2020-06-15,83.25799560546875,180.7236328125,37.21522521972656,18.601287841796875
2020-06-16,85.46451568603516,185.15228271484375,38.052066802978516,18.746366500854492
2020-06-17,85.3455810546875,185.79315185546875,36.812599182128906,18.097309112548828
2020-06-18,85.37955474853516,187.78271484375,37.041542053222656,18.08967399597168
2020-06-19,84.89166259765625,186.66354370117188,36.29944610595703,18.074399948120117
2020-06-22,87.11273956298828,191.84788513183594,36.64680862426758,18.227121353149414
2020-06-23,88.9721450805664,193.1295928955078,36.86787033081055,18.456199645996094
2020-06-24,87.401611328125,189.23655700683594,35.131046295166016,17.66969108581543
2020-06-25,88.56192779541016,191.62786865234375,35.659976959228516,17.94458770751953
2020-06-26,85.84078979492188,187.79226684570312,34.436317443847656,17.3795223236084
2020-06-29,87.81910705566406,189.8105010986328,34.98893737792969,17.929317474365234
2020-06-30,88.55220031738281,194.65997314453125,35.304725646972656,17.80714225769043
2020-07-01,88.38468933105469,195.7982635498047,34.50736999511719,17.72314453125
2020-07-02,88.38468933105469,197.29039001464844,34.799468994140625,17.87586784362793
2020-07-06,90.74900817871094,201.53733825683594,35.044212341308594,18.05149269104004
2020-07-07,90.46743774414062,199.19387817382812,34.13632583618164,17.578062057495117
2020-07-08,92.57442474365234,203.57469177246094,34.057373046875,17.68496322631836
2020-07-09,92.97254180908203,204.9999542236328,32.652137756347656,16.837369918823242
2020-07-10,93.13516998291016,204.37820434570312,33.67053985595703,17.150442123413086
2020-07-13,92.70552825927734,198.06517028808594,33.67844009399414,17.150442123413086
2020-07-14,94.23963928222656,199.2895050048828,34.79158401489258,17.776599884033203
2020-07-15,94.88776397705078,198.99298095703125,35.233673095703125,18.181303024291992
2020-07-16,93.72016143798828,195.05215454101562,34.95737075805664,18.112581253051758
2020-07-17,93.53081512451172,194.05738830566406,34.35737228393555,17.753684997558594
2020-07-20,95.50190734863281,202.398193359375,33.552120208740234,17.516969680786133
2020-07-21,94.18382263183594,199.67213439941406,35.24946594238281,18.395112991333008
2020-07-22,94.44839477539062,202.5417022705078,34.42842483520508,17.906410217285156
2020-07-23,90.14945220947266,193.7321319580078,34.49947738647461,17.730777740478516
2020-07-24,89.92611694335938,192.54611206054688,34.28632354736328,17.509334564208984
2020-07-27,92.05738067626953,194.98519897460938,34.79158401489258,17.66969108581543
2020-07-28,90.54511260986328,193.2347869873047,34.38105010986328,17.425338745117188
2020-07-29,92.28071594238281,195.18606567382812,34.75999450683594,17.730777740478516
2020-07-30,93.39732360839844,195.0330352783203,33.05475997924805,17.135168075561523
2020-07-31,103.17497253417969,196.09475708007812,33.22054672241211,16.829730987548828
2020-08-03,105.77472686767578,207.12338256835938,33.354759216308594,16.867916107177734
2020-08-04,106.4811019897461,204.0147247314453,34.31790542602539,18.127853393554688
2020-08-05,106.8670654296875,203.6798858642578,34.61790084838867,18.288206100463867
2020-08-06,110.5955581665039,206.94166564941406,34.452110290527344,17.761322021484375
2020-08-07,108.08112335205078,203.23989868164062,34.29421615600586,17.547515869140625
2020-08-10,109.65205383300781,199.19387817382812,35.13894271850586,17.94458770751953
2020-08-11,106.39100646972656,194.53565979003906,35.5020866394043,18.181303024291992
2020-08-12,109.92684173583984,200.09298706054688,35.494041442871094,18.524921417236328
2020-08-13,111.87226867675781,199.62428283691406,34.62459945678711,18.1419734954834
2020-08-14,111.7725830078125,199.8155975341797,34.777565002441406,17.786090850830078
2020-08-17,111.48075103759766,201.13558959960938,34.32674026489258,17.60041618347168
2020-08-18,112.40969848632812,202.29298400878906,34.157684326171875,17.29869842529297
2020-08-19,112.55074310302734,201.06565856933594,33.77931594848633,17.20585823059082
2020-08-20,115.0482177734375,205.74476623535156,33.26409149169922,16.989238739013672
2020-08-21,120.97692108154297,204.2489776611328,33.014530181884766,16.6024169921875
2020-08-24,122.42382049560547,204.8914337158203,33.988624572753906,16.9505558013916
2020-08-25,121.41949462890625,207.5569610595703,32.90987777709961,16.726200103759766
2020-08-26,123.07068634033203,212.0442352294922,32.209495544433594,16.5405216217041
2020-08-27,121.59945678710938,217.2506561279297,31.992143630981445,16.354848861694336
2020-08-28,121.40247344970703,219.4846954345703,32.75692367553711,16.5405216217041
2020-08-31,125.51947784423828,216.24388122558594,32.15314483642578,16.1923828125
2020-09-01,130.5192108154297,217.91226196289062,31.74257469177246,16.068599700927734
2020-09-02,127.81512451171875,222.11190795898438,31.54936408996582,15.913871765136719
2020-09-03,117.5821304321289,208.35276794433594,31.48495864868164,15.944818496704102
2020-09-04,117.6599349975586,205.4282989501953,31.4608154296875,15.890665054321289
2020-09-08,109.74201965332031,194.31556701660156,30.736268997192383,15.58894157409668
2020-09-09,114.11925506591797,202.59022521972656,30.551130294799805,15.720458030700684
2020-09-10,110.39374542236328,196.9139404296875,29.786340713500977,15.403265953063965
2020-09-11,108.94439697265625,195.62913513183594,29.70583152770996,15.51931381225586
2020-09-14,112.21273040771484,196.9523468017578,29.51262855529785,15.34911060333252
2020-09-15,112.38782501220703,200.18356323242188,29.19866180419922,15.209853172302246
2020-09-16,109.07085418701172,196.60711669921875,30.43842315673828,15.441948890686035
2020-09-17,107.32967376708984,194.5552520751953,30.430368423461914,15.132491111755371
2020-09-18,103.92517852783203,192.13902282714844,29.939294815063477,14.606413841247559
2020-09-21,107.0767822265625,194.2004852294922,29.327468872070312,14.173171997070312
2020-09-22,108.75957489013672,198.87954711914062,28.602937698364258,14.296956062316895
2020-09-23,104.19752502441406,192.3307647705078,27.685192108154297,13.902396202087402
2020-09-24,105.26751708984375,194.82374572753906,27.62884521484375,13.871450424194336
2020-09-25,109.21675872802734,199.26312255859375,27.886455535888672,13.817296028137207
2020-09-28,111.8236312866211,200.81640625,28.42582893371582,14.064861297607422
2020-09-29,110.97737121582031,198.7261199951172,27.596635818481445,13.670303344726562
2020-09-30,112.65045166015625,201.6697540283203,27.63689613342285,13.50783634185791
2020-10-01,113.60371398925781,203.7120361328125,26.670846939086914,13.020439147949219
2020-10-02,109.93656921386719,197.7002716064453,26.550092697143555,13.035914421081543
2020-10-05,113.32160949707031,201.7176971435547,27.161922454833984,13.298954010009766
2020-10-06,110.07275390625,197.4317626953125,26.880151748657227,13.097806930541992
2020-10-07,111.94036865234375,201.19036865234375,26.968708038330078,13.1751708984375
2020-10-08,111.8333740234375,201.909423828125,28.385574340820312,13.531045913696289
2020-10-09,113.77881622314453,206.9241180419922,27.96695899963379,13.430473327636719
2020-10-12,121.006103515625,212.2838897705078,27.878406524658203,13.33763599395752
2020-10-13,117.7961196899414,213.68382263183594,27.548337936401367,12.90439224243164
2020-10-14,117.88368225097656,211.7661895751953,27.491985321044922,12.83476448059082
2020-10-15,117.41677856445312,210.6156005859375,27.73349380493164,12.718722343444824
2020-10-16,115.77287292480469,210.6156005859375,27.451730728149414,12.571727752685547
2020-10-19,112.81581115722656,205.39959716796875,26.904306411743164,12.401524543762207
2020-10-20,114.30406951904297,205.81185913085938,27.129716873168945,12.49436092376709
2020-10-21,113.6815414428711,205.95570373535156,26.694997787475586,12.246793746948242
2020-10-22,112.59208679199219,206.0419921875,28.063560485839844,12.455681800842285
2020-10-23,111.90145111083984,207.3268280029297,27.500032424926758,12.416996002197266
2020-10-26,111.91118621826172,201.4300537109375,26.84795379638672,12.223587989807129
2020-10-27,113.41889953613281,204.46954345703125,26.421287536621094,11.89865779876709
2020-10-28,108.16620635986328,194.334716796875,25.414993286132812,11.527305603027344
2020-10-29,112.17383575439453,196.29071044921875,26.54203987121582,11.80582046508789
2020-10-30,105.89005279541016,194.1333770751953,26.26028060913086,11.976020812988281
2020-11-02,105.8025131225586,193.9991455078125,27.36318016052246,12.455681800842285
2020-11-03,107.42695617675781,197.93032836914062,26.896255493164062,12.517572402954102
2020-11-04,111.81392669677734,207.48023986816406,26.75135040283203,12.478890419006348
2020-11-05,115.7825927734375,214.09608459472656,26.703046798706055,12.490724563598633
2020-11-06,115.65107727050781,214.50843811035156,26.389081954956055,12.340806007385254
2020-11-09,113.34172058105469,209.3979034423828,29.729990005493164,14.266098022460938
2020-11-10,113.00070190429688,202.32174682617188,30.389554977416992,15.070935249328613
2020-11-11,116.4305648803711,207.63365173339844,30.076255798339844,14.897340774536133
2020-11-12,116.1577377319336,206.56932067871094,29.045684814453125,14.423906326293945
2020-11-13,116.20647430419922,207.5952606201172,29.746475219726562,14.834217071533203
2020-11-16,117.21984100341797,208.28561401367188,31.461347579956055,15.591708183288574
2020-11-17,116.3331069946289,205.6297149658203,31.881826400756836,15.820530891418457
2020-11-18,115.00796508789062,202.91873168945312,30.67810821533203,15.4338960647583
2020-11-19,115.60234069824219,204.20697021484375,30.834766387939453,15.410223007202148
2020-11-20,114.33562469482422,202.25540161132812,30.455507278442383,15.378664016723633
2020-11-23,110.93498992919922,201.9862060546875,32.4506950378418,16.104591369628906
2020-11-24,112.2211685180664,205.59121704101562,34.610782623291016,17.248722076416016
2020-11-25,113.05915069580078,205.600830078125,33.64616775512695,16.89365005493164
2020-11-27,113.6048355102539,206.9082794189453,33.1349983215332,16.64904022216797
2020-11-30,116.0018310546875,205.79315185546875,31.436614990234375,15.4338960647583
2020-12-01,119.57786560058594,207.85037231445312,31.741661071777344,15.970451354980469
2020-12-02,119.92866516113281,207.0428466796875,32.928890228271484,16.625370025634766
2020-12-03,119.79222869873047,205.95654296875,33.15148162841797,16.85419273376465
2020-12-04,119.1198959350586,206.07192993164062,34.36343765258789,17.572233200073242
2020-12-07,120.58149719238281,206.00462341308594,33.720367431640625,17.106691360473633
2020-12-08,121.19536590576172,207.65811157226562,34.82514572143555,17.19348907470703
2020-12-09,118.66193389892578,203.6109161376953,35.28683853149414,17.28028678894043
2020-12-10,120.08453369140625,202.38043212890625,36.2844352722168,17.682701110839844
2020-12-11,119.27581024169922,205.01443481445312,36.111297607421875,17.382858276367188
2020-12-14,118.66193389892578,205.91807556152344,34.808650970458984,16.85419273376465
2020-12-15,124.60574340820312,205.850830078125,35.484710693359375,17.31184959411621
2020-12-16,124.53755187988281,210.80166625976562,36.02885055541992,17.225046157836914
2020-12-17,125.40475463867188,210.936279296875,35.847469329833984,17.28028678894043
2020-12-18,123.41699981689453,210.13836669921875,35.22911834716797,17.15403175354004
2020-12-21,124.94676971435547,213.9836883544922,34.5860481262207,16.317636489868164
2020-12-22,128.5032958984375,215.28155517578125,34.00068283081055,16.159826278686523
2020-12-23,127.6069107055664,212.47442626953125,34.43764877319336,16.735836029052734
2020-12-24,128.591064453125,214.13751220703125,34.297489166259766,16.617481231689453
2020-12-28,133.19020080566406,216.26205444335938,34.41291427612305,16.56224250793457
2020-12-29,131.41677856445312,215.48336791992188,34.025413513183594,16.625370025634766
2020-12-30,130.29623413085938,213.10887145996094,34.297489166259766,16.593809127807617
2020-12-31,129.2926025390625,213.82025146484375,33.98418426513672,16.19138526916504
2021-01-04,126.09658813476562,209.27316284179688,34.21503829956055,16.435993194580078
2021-01-05,127.6556167602539,209.47503662109375,35.863956451416016,17.659027099609375
2021-01-06,123.3585205078125,204.0435028076172,36.77910614013672,18.471755981445312
2021-01-07,127.56791687011719,209.84994506835938,37.067665100097656,18.866281509399414
2021-01-08,128.66897583007812,211.12850952148438,37.47989273071289,19.252918243408203
2021-01-11,125.67757415771484,209.08087158203125,38.617652893066406,19.237138748168945
2021-01-12,125.502197265625,206.61985778808594,39.47508239746094,19.734241485595703
2021-01-13,127.5387191772461,207.9753875732422,39.92029571533203,19.55276107788086
2021-01-14,125.60942077636719,204.78370666503906,41.47853088378906,20.097204208374023
2021-01-15,123.88471221923828,204.42803955078125,39.48333740234375,19.1424503326416
2021-01-19,124.55702209472656,208.07150268554688,40.266571044921875,19.450180053710938
2021-01-20,128.64950561523438,215.66603088378906,40.835445404052734,19.576427459716797
2021-01-21,133.36557006835938,216.27169799804688,39.66471862792969,18.953075408935547
2021-01-22,135.50926208496094,217.2137451171875,39.10407638549805,18.834718704223633
2021-01-25,139.2606658935547,220.6553497314453,38.66712188720703,18.203479766845703
2021-01-26,139.4945526123047,223.34710693359375,37.81792449951172,18.171916961669922
2021-01-27,138.42269897460938,223.89501953125,37.38920593261719,17.935199737548828
2021-01-28,133.57989501953125,229.6919403076172,37.974578857421875,18.03777503967285
2021-01-29,128.58128356933594,222.9914093017578,36.968727111816406,17.53278350830078
2021-02-01,130.70542907714844,230.3841094970703,37.03468704223633,17.52488899230957
2021-02-02,131.53372192382812,230.24949645996094,37.620059967041016,16.372867584228516
2021-02-03,130.51058959960938,233.60458374023438,39.09583282470703,16.783180236816406
2021-02-04,133.8722686767578,232.65283203125,39.84608840942383,16.56224250793457
2021-02-05,133.45755004882812,232.8355255126953,41.18171310424805,16.420209884643555
2021-02-08,133.60389709472656,233.0950927734375,42.95429611206055,17.382858276367188
2021-02-09,132.72561645507812,234.34481811523438,42.451229095458984,17.146148681640625
2021-02-10,132.12060546875,233.43154907226562,42.8620719909668,17.02778434753418
2021-02-11,131.8668670654297,235.03695678710938,41.788841247558594,16.862089157104492
2021-02-12,132.10108947753906,235.5176239013672,42.3589973449707,17.28817367553711
2021-02-16,129.97373962402344,234.27749633789062,43.63344955444336,18.290273666381836
2021-02-17,127.68048858642578,235.29885864257812,44.31260299682617,18.60589599609375
2021-02-18,126.57777404785156,234.90377807617188,43.61669158935547,17.962106704711914
2021-02-19,126.73392486572266,232.1865692138672,43.91014862060547,18.28999900817871
2021-02-22,122.95735931396484,225.96206665039062,45.52837371826172,18.89779281616211
2021-02-23,122.82073211669922,224.7672882080078,46.15721893310547,19.377639770507812
2021-02-24,122.32304382324219,226.0006103515625,47.54067611694336,20.23335838317871
2021-02-25,118.06832885742188,220.64328002929688,46.752525329589844,20.465286254882812
2021-02-26,118.33182525634766,223.9097137451172,45.58707046508789,19.521589279174805
2021-03-01,124.7041244506836,228.30348205566406,47.289146423339844,19.657550811767578
2021-03-02,122.09860229492188,225.3453826904297,47.01244354248047,19.809497833251953
2021-03-03,119.11249542236328,219.26539611816406,47.38975524902344,20.457286834716797
2021-03-04,117.2291030883789,218.4656524658203,49.22597885131836,20.81716537475586
2021-03-05,118.48794555664062,223.15811157226562,51.087371826171875,21.408977508544922
2021-03-08,113.55013275146484,219.10157775878906,51.03705978393555,21.22503662109375
2021-03-09,118.1659164428711,225.25865173339844,50.248905181884766,20.881149291992188
2021-03-10,117.08274841308594,223.94825744628906,51.79167556762695,21.313005447387695
2021-03-11,119.0149154663086,228.48658752441406,51.40597915649414,21.313005447387695
2021-03-12,118.10736083984375,227.1568603515625,51.95936965942383,21.560922622680664
2021-03-15,120.99588775634766,226.25115966796875,50.63459396362305,21.18504524230957
2021-03-16,122.53775024414062,229.04547119140625,49.561370849609375,20.85715675354004
2021-03-17,121.74729919433594,228.3998260498047,49.77936553955078,21.169052124023438
2021-03-18,117.61942291259766,222.31019592285156,47.63291549682617,20.321332931518555
2021-03-19,117.09248352050781,221.95370483398438,47.36460876464844,20.345321655273438
2021-03-22,120.41039276123047,227.38809204101562,46.8782958984375,20.27334976196289
2021-03-23,119.58091735839844,228.92018127441406,46.29975128173828,19.24168586730957
2021-03-24,117.19007873535156,226.87747192382812,47.23883056640625,19.793502807617188
2021-03-25,117.6780014038086,223.87118530273438,47.10468673706055,19.64954948425293
2021-03-26,118.28301239013672,227.86021423339844,48.38752365112305,20.17737579345703
2021-03-29,118.45867919921875,226.6654510498047,48.127601623535156,20.13739013671875
2021-03-30,117.00464630126953,223.39901733398438,47.53229904174805,19.897470474243164
2021-03-31,119.20033264160156,227.1761474609375,46.81121063232422,19.47361183166504
2021-04-01,120.02980041503906,233.5163116455078,48.11922073364258,19.657550811767578
2021-04-05,122.85978698730469,239.99134826660156,47.372989654541016,19.40163230895996
2021-04-06,123.16227722167969,238.82546997070312,47.23883056640625,20.073410034179688
2021-04-07,124.81145477294922,240.79110717773438,47.44844436645508,20.289344787597656
2021-04-08,127.21207427978516,244.01895141601562,46.95375061035156,19.76951026916504
2021-04-09,129.78831481933594,246.5242156982422,46.84475326538086,19.505596160888672
2021-04-12,128.07081604003906,246.58200073242188,46.534523010253906,19.68954086303711
2021-04-13,131.18377685546875,249.06797790527344,46.710601806640625,19.68954086303711
2021-04-14,128.8417510986328,246.27371215820312,48.06052017211914,20.4252986907959
2021-04-15,131.25210571289062,250.04112243652344,47.775447845458984,20.15338897705078
2021-04-16,130.9203338623047,251.23593139648438,47.50714111328125,20.13739013671875
2021-04-19,131.58389282226562,249.30885314941406,47.35622024536133,20.241355895996094
2021-04-20,129.89566040039062,248.84640502929688,46.35845184326172,19.8174991607666
2021-04-21,130.27621459960938,251.08180236816406,46.95375061035156,19.96144676208496
2021-04-22,128.75392150878906,247.79611206054688,46.341678619384766,19.465612411499023
2021-04-23,131.0764617919922,251.63104248046875,46.59321975708008,19.60956382751465
2021-04-26,131.466796875,252.0164794921875,46.68545150756836,19.92945671081543
2021-04-27,131.14474487304688,252.42117309570312,47.29751968383789,19.94545555114746
2021-04-28,130.3542938232422,245.2812042236328,48.72290802001953,20.505273818969727
2021-04-29,130.2567138671875,243.30596923828125,49.41883087158203,20.393308639526367
2021-04-30,128.28549194335938,242.9879608154297,47.99345016479492,20.121395111083984
2021-05-03,129.33941650390625,242.67965698242188,49.31821060180664,20.545257568359375
2021-05-04,124.76268005371094,238.7580108642578,49.628440856933594,20.729198455810547
2021-05-05,125.00665283203125,237.48609924316406,51.120906829833984,21.41697120666504
2021-05-06,126.60704040527344,240.62728881835938,51.607208251953125,21.445297241210938
2021-05-07,127.28155517578125,243.25778198242188,52.34505081176758,21.63142204284668
2021-05-10,123.99710083007812,238.1702423095703,52.4708251953125,21.54240608215332
2021-05-11,123.0782470703125,237.2548828125,50.80229187011719,21.01638412475586
2021-05-12,120.00884246826172,230.2883758544922,51.07449722290039,21.194425582885742
2021-05-13,122.15937805175781,234.17149353027344,50.445003509521484,20.95164680480957
2021-05-14,124.58358764648438,239.10484313964844,51.69550323486328,21.566686630249023
2021-05-17,123.43012237548828,236.2431640625,52.9034538269043,21.914661407470703
2021-05-18,122.04206848144531,234.21969604492188,51.40626525878906,21.736621856689453
2021-05-19,121.88565063476562,234.7991485595703,50.172794342041016,21.18633460998535
2021-05-20,124.4467544555664,238.0441436767578,50.0536994934082,21.46147918701172
2021-05-21,122.60903930664062,236.7789764404297,50.12174606323242,21.46147918701172
2021-05-24,124.24146270751953,242.19700622558594,50.708717346191406,21.866107940673828
2021-05-25,124.04595184326172,243.1047821044922,49.560298919677734,21.267261505126953
2021-05-26,123.99710083007812,242.88267517089844,50.13876724243164,21.291536331176758
2021-05-27,122.46240234375,240.7772979736328,49.81550979614258,21.267261505126953
2021-05-28,121.8074722290039,241.13461303710938,49.653873443603516,21.226795196533203
2021-06-01,121.48490905761719,238.93267822265625,51.43178939819336,21.866107940673828
2021-06-02,122.24734497070312,238.83607482910156,51.84011459350586,22.35975456237793
2021-06-03,120.76152801513672,237.300537109375,52.044281005859375,22.464962005615234
2021-06-04,123.05868530273438,242.20663452148438,52.273956298828125,22.20599937438965
2021-06-07,123.0684585571289,245.12330627441406,51.93368911743164,22.060327529907227
2021-06-08,123.88956451416016,243.9257354736328,52.852420806884766,22.4406795501709
2021-06-09,124.27079010009766,244.91079711914062,53.29476547241211,22.3273868560791
2021-06-10,123.27374267578125,248.43589782714844,53.37982940673828,22.26264762878418
2021-06-11,124.48585510253906,249.0636749267578,52.88644790649414,22.286922454833984
2021-06-14,127.5454330444336,250.99517822265625,52.80136489868164,22.691547393798828
2021-06-15,126.7243423461914,249.51756286621094,54.723907470703125,22.966697692871094
2021-06-16,127.2228775024414,248.57113647460938,54.52824401855469,22.602535247802734
2021-06-17,128.82595825195312,251.97056579589844,52.73332214355469,21.995588302612305
2021-06-18,127.52591705322266,250.55093383789062,51.38074493408203,21.121591567993164
2021-06-21,129.3245086669922,253.64137268066406,53.243717193603516,21.801368713378906
2021-06-22,130.9667510986328,256.4228515625,54.2645378112793,21.971311569213867
2021-06-23,130.6930389404297,256.19110107421875,54.664363861083984,22.036052703857422
2021-06-24,130.4095458984375,257.5624694824219,54.88553237915039,22.108884811401367
2021-06-25,130.11631774902344,255.9495849609375,55.00463104248047,22.108884811401367
2021-06-28,131.74876403808594,259.52294921875,53.601016998291016,21.412921905517578
2021-06-29,133.2638702392578,262.11126708984375,53.26924514770508,21.259164810180664
2021-06-30,133.87973022460938,261.6283264160156,53.660560607910156,21.38055419921875
2021-07-01,134.18276977539062,262.304443359375,53.81367492675781,21.914661407470703
2021-07-02,136.81222534179688,268.1473388671875,53.73711395263672,21.833738327026367
2021-07-06,138.82591247558594,268.15704345703125,52.20589828491211,21.01638412475586
2021-07-07,141.31857299804688,270.34930419921875,51.38925552368164,20.822168350219727
2021-07-08,140.0184783935547,267.9252624511719,51.159576416015625,20.700782775878906
2021-07-09,141.8463897705078,268.42742919921875,52.08680725097656,21.04875946044922
2021-07-12,141.25013732910156,267.82861328125,52.035762786865234,20.94355583190918
2021-07-13,142.36448669433594,271.3633728027344,51.7890739440918,20.700782775878906
2021-07-14,145.79556274414062,272.84100341796875,50.64065933227539,20.417539596557617
2021-07-15,145.14060974121094,271.4116516113281,50.147274017333984,19.94816780090332
2021-07-16,143.09759521484375,271.1412353515625,48.76066589355469,19.31694984436035
2021-07-19,139.2462158203125,267.5291748046875,47.084835052490234,18.68572998046875
2021-07-20,142.86302185058594,269.7602233886719,47.60375213623047,18.701913833618164
2021-07-21,142.12989807128906,271.7689208984375,49.13496780395508,19.349321365356445
2021-07-22,143.4984130859375,276.3468017578125,48.582027435302734,19.122724533081055
2021-07-23,145.21884155273438,279.7560119628906,48.52248001098633,19.049896240234375
2021-07-26,145.63917541503906,279.1571960449219,49.747459411621094,19.689208984375
2021-07-27,143.46908569335938,276.73309326171875,49.194515228271484,19.624469757080078
2021-07-28,141.71932983398438,276.4239501953125,49.526275634765625,19.74585723876953
2021-07-29,142.36448669433594,276.69439697265625,50.13025665283203,19.93198585510254
2021-07-30,142.5795440673828,275.15887451171875,48.97334289550781,19.56782341003418
2021-08-02,142.2471923828125,275.0719909667969,48.98184585571289,19.486892700195312
2021-08-03,144.04580688476562,277.2933044433594,49.5092658996582,20.789796829223633
2021-08-04,143.64505004882812,276.7041320800781,48.352352142333984,20.27996253967285
2021-08-05,143.7525634765625,279.6111145019531,48.65858840942383,20.506559371948242
2021-08-06,143.06724548339844,279.55316162109375,49.22004318237305,20.684593200683594
2021-08-09,143.01834106445312,278.4617919921875,48.65858840942383,20.458003997802734
2021-08-10,142.5386505126953,276.636474609375,49.49225616455078,20.94355583190918
2021-08-11,142.79315185546875,277.12908935546875,49.63686752319336,21.097312927246094
2021-08-12,145.7594451904297,279.8912048339844,49.52460479736328,21.038307189941406
2021-08-13,145.9650421142578,282.8271484375,49.023746490478516,20.66950225830078
2021-08-16,147.94259643554688,284.5172424316406,48.30699920654297,20.267913818359375
2021-08-17,147.03213500976562,283.0492248535156,47.978851318359375,20.300697326660156
2021-08-18,143.2826690673828,281.31719970703125,46.96849822998047,19.956478118896484
2021-08-19,143.61550903320312,287.1617126464844,45.535011291503906,19.309017181396484
2021-08-20,145.07420349121094,294.5058898925781,45.54364013671875,19.374582290649414
2021-08-23,146.5622100830078,294.7864990234375,47.41754150390625,19.989259719848633
2021-08-24,146.47413635253906,292.822265625,47.80613708496094,20.20234489440918
2021-08-25,145.24061584472656,292.2320251464844,47.89249801635742,20.185955047607422
2021-08-26,144.43785095214844,289.40655517578125,47.244834899902344,19.915498733520508
2021-08-27,145.47555541992188,290.0161437988281,48.160194396972656,20.440021514892578
2021-08-30,149.9004669189453,293.7609558105469,47.633426666259766,20.243328094482422
2021-08-31,148.63763427734375,292.1062316894531,47.08075714111328,20.046628952026367
2021-09-01,149.30331420898438,292.0578308105469,46.4330940246582,19.923696517944336
2021-09-02,150.41940307617188,291.3998718261719,47.5643424987793,20.35806655883789
2021-09-03,151.0557098388672,291.39019775390625,47.382999420166016,20.308895111083984
2021-09-07,153.39544677734375,290.4612731933594,47.106666564941406,20.15317153930664
2021-09-08,151.8487091064453,290.49029541015625,46.67488098144531,20.013845443725586
2021-09-09,150.83055114746094,287.62615966796875,46.70943069458008,19.923696517944336
2021-09-10,145.8378143310547,286.13592529296875,46.61444091796875,20.079408645629883
2021-09-13,146.40557861328125,287.3744812011719,47.81477355957031,20.5219783782959
2021-09-14,145.00564575195312,290.0838317871094,47.132568359375,20.20234489440918
2021-09-15,145.89649963378906,294.95098876953125,48.721500396728516,21.120262145996094
2021-09-16,145.66159057617188,295.33807373046875,48.203372955322266,20.767850875854492
2021-09-17,142.9889678955078,290.1612548828125,47.633426666259766,20.685890197753906
2021-09-20,139.93460083007812,284.7715759277344,46.364013671875,20.349868774414062
2021-09-21,140.41427612304688,285.2554016113281,46.32083511352539,20.677696228027344
2021-09-22,142.7833709716797,288.9130554199219,47.676605224609375,21.021915435791016
2021-09-23,143.7427978515625,289.861328125,49.29144287109375,21.43989372253418
2021-09-24,143.83087158203125,289.6580810546875,49.731849670410156,21.505456924438477
2021-09-27,142.31344604492188,284.6458740234375,51.208526611328125,22.19389533996582
2021-09-28,138.9262237548828,274.34063720703125,51.743927001953125,22.325031280517578
2021-09-29,139.82688903808594,274.8050842285156,51.70938491821289,22.218486785888672
2021-09-30,138.52481079101562,272.79248046875,50.79402160644531,22.398788452148438
2021-10-01,139.65069580078125,279.7399597167969,52.61611557006836,22.620073318481445
2021-10-04,136.2144775390625,273.9438781738281,53.29832077026367,22.956092834472656
2021-10-05,138.14306640625,279.4110107421875,53.21195983886719,23.2921199798584
2021-10-06,139.0143280029297,283.6201477050781,52.23615646362305,23.038049697875977
2021-10-07,140.27719116210938,285.3038330078125,52.382957458496094,23.13640022277832
2021-10-08,139.89541625976562,285.3038330078125,53.695560455322266,23.660924911499023
2021-10-11,139.80728149414062,284.70391845703125,53.160152435302734,23.849424362182617
2021-10-12,138.53460693359375,283.3976745605469,52.88381576538086,23.849424362182617
2021-10-13,137.94723510742188,286.71661376953125,52.73700714111328,23.923187255859375
2021-10-14,140.73733520507812,292.947998046875,53.54011535644531,24.136272430419922
2021-10-15,141.7946014404297,294.36077880859375,54.049598693847656,24.529666900634766
2021-10-18,143.4686737060547,297.341064453125,54.02370834350586,24.34935760498047
2021-10-19,145.63217163085938,298.2506408691406,54.83544158935547,24.47229766845703
2021-10-20,146.1216583251953,297.45721435546875,55.137672424316406,24.693572998046875
2021-10-21,146.33705139160156,300.69873046875,54.135963439941406,24.12807846069336
2021-10-22,145.5636749267578,299.1505432128906,54.50728988647461,24.185449600219727
2021-10-25,145.51470947265625,298.1538391113281,55.569461822509766,24.34935760498047
2021-10-26,146.18040466308594,300.06976318359375,56.85614013671875,24.291990280151367
2021-10-27,145.72030639648438,312.7069396972656,55.37946701049805,23.97235679626465
2021-10-28,149.36212158203125,313.8487548828125,55.534915924072266,23.947771072387695
2021-10-29,146.65032958984375,320.8834228515625,55.6730842590332,23.595354080200195
2021-11-01,145.82801818847656,318.7061767578125,56.6747932434082,23.9969482421875
2021-11-02,146.86569213867188,322.344482421875,55.97532653808594,22.898727416992188
2021-11-03,148.30479431152344,323.1862487792969,55.20676803588867,22.341419219970703
2021-11-04,147.7859649658203,325.5472412109375,55.62127685546875,22.382396697998047
2021-11-05,148.31533813476562,325.1795959472656,56.14802932739258,22.824966430664062
2021-11-08,147.49180603027344,326.0794677734375,56.752525329589844,22.964292526245117
2021-11-09,147.8545684814453,325.0730895996094,57.30519104003906,23.111814498901367
2021-11-10,145.0211639404297,320.08984375,56.176246643066406,22.73700714111328
2021-11-11,144.97218322753906,321.6670837402344,56.2812614440918,22.728715896606445
2021-11-12,147.05062866210938,325.8182678222656,55.85243606567383,22.703840255737305
2021-11-15,147.0604248046875,325.18927001953125,56.33377456665039,22.84480857849121
2021-11-16,148.04083251953125,328.5179443359375,56.902610778808594,22.944311141967773
2021-11-17,150.48207092285156,328.7408447265625,56.2812614440918,22.745298385620117
2021-11-18,154.77621459960938,330.8250732421875,55.66864776611328,22.62921142578125
2021-11-19,157.40370178222656,332.60870361328125,53.0956916809082,21.750246047973633
2021-11-22,157.86447143554688,329.42913818359375,53.83082580566406,22.1068058013916
2021-11-23,158.246826171875,327.3448791503906,55.24857711791992,22.770174026489258
2021-11-24,158.76646423339844,327.5679016113281,55.55487823486328,22.927724838256836
2021-11-26,153.73699951171875,319.58978271484375,53.6032829284668,21.526355743408203
2021-11-29,157.09974670410156,326.3270568847656,53.900840759277344,21.708784103393555
2021-11-30,162.0606231689453,320.47198486328125,52.369319915771484,21.526355743408203
2021-12-01,161.54095458984375,319.9775085449219,52.325557708740234,21.343929290771484
2021-12-02,160.55075073242188,319.40557861328125,53.62953567504883,22.438491821289062
2021-12-03,158.66836547851562,313.1239318847656,53.28823471069336,22.31410789489746
2021-12-06,162.08021545410156,316.20654296875,53.892086029052734,22.662378311157227
2021-12-07,167.82537841796875,324.6694030761719,54.495948791503906,22.836515426635742
2021-12-08,171.64895629882812,324.7178955078125,54.65347671508789,22.803348541259766
2021-12-09,171.13912963867188,322.90509033203125,54.79349136352539,22.521411895751953
2021-12-10,175.93328857421875,332.0561828613281,55.14356231689453,22.728715896606445
2021-12-13,172.29603576660156,329.0122985839844,53.93585205078125,22.04876136779785
2021-12-14,170.91366577148438,318.2908020019531,53.857078552246094,22.015594482421875
2021-12-15,175.7862548828125,324.4075927734375,53.62078857421875,22.073640823364258
2021-12-16,168.8842010498047,314.9560241699219,53.70831298828125,22.164854049682617
2021-12-17,167.7861328125,313.8896789550781,52.53559112548828,21.808290481567383
2021-12-20,166.42343139648438,310.1188049316406,51.77420425415039,21.269306182861328
2021-12-21,169.59991455078125,317.2729187011719,52.9469108581543,21.91609001159668
2021-12-22,172.197998046875,323.0020751953125,53.3757438659668,22.19802474975586
2021-12-23,172.82545471191406,324.4464111328125,53.40200424194336,22.363862991333008
2021-12-27,176.79605102539062,331.9689025878906,54.16339111328125,22.50482940673828
2021-12-28,175.77642822265625,330.80560302734375,53.98834991455078,22.4467830657959
2021-12-29,175.8646697998047,331.4842529296875,53.51576232910156,22.380447387695312
2021-12-30,174.70779418945312,328.9346923828125,53.200714111328125,22.131681442260742
2021-12-31,174.09014892578125,326.02655029296875,53.5507698059082,22.081928253173828
2022-01-03,178.44314575195312,324.504638671875,55.60738754272461,22.695547103881836
2022-01-04,176.17840576171875,318.9402770996094,57.69901657104492,23.674015045166016
2022-01-05,171.49205017089844,306.6968688964844,58.416648864746094,23.524763107299805
2022-01-06,168.62930297851562,304.2733459472656,59.7906379699707,23.889616012573242
2022-01-07,168.79598999023438,304.428466796875,60.28072738647461,24.602737426757812
2022-01-10,168.8155517578125,304.6513977050781,59.92190933227539,24.511526107788086
2022-01-11,171.64895629882812,305.3397216796875,62.44235610961914,25.32415199279785
2022-01-12,172.09010314941406,308.52899169921875,62.258583068847656,25.863140106201172
2022-01-13,168.8155517578125,295.4712219238281,61.812255859375,25.888011932373047
2022-01-14,169.6783447265625,300.70599365234375,62.897438049316406,26.56797218322754
2022-01-18,166.47242736816406,293.3870849609375,63.956382751464844,26.84990119934082
2022-01-19,162.97239685058594,294.04620361328125,63.98263931274414,26.617719650268555
2022-01-20,161.28607177734375,292.3692626953125,64.12266540527344,26.00410270690918
2022-01-21,159.2272186279297,286.9696350097656,63.15998077392578,25.465116500854492
2022-01-24,158.45269775390625,287.2992248535156,63.702571868896484,24.859792709350586
2022-01-25,156.64877319335938,279.660400390625,65.5754165649414,26.037273406982422
2022-01-26,156.560546875,287.62884521484375,64.91028594970703,26.120195388793945
2022-01-27,156.09974670410156,290.6629943847656,65.74170684814453,26.14507293701172
2022-01-28,166.99200439453125,298.8254089355469,65.88172912597656,25.763633728027344
2022-01-31,171.35482788085938,301.4621276855469,66.47682189941406,25.639253616333008
2022-02-01,171.1881561279297,299.3100891113281,70.73883056640625,26.335790634155273
2022-02-02,172.39407348632812,303.8662414550781,70.55503845214844,26.501630783081055
2022-02-03,169.51165771484375,292.02984619140625,69.73240661621094,26.65918731689453
2022-02-04,169.22698974609375,296.5763854980469,71.24642181396484,27.264507293701172
2022-02-07,168.51039123535156,291.7391357421875,72.10406494140625,27.645944595336914
2022-02-08,171.6221923828125,295.2386169433594,70.23999786376953,27.206464767456055
2022-02-09,173.04563903808594,301.6850280761719,69.90373229980469,27.355724334716797
2022-02-10,168.9619598388672,293.1253356933594,69.23126220703125,27.41377067565918
2022-02-11,165.5457763671875,286.0099792480469,70.97441864013672,27.554737091064453
2022-02-14,165.78138732910156,285.97119140625,69.88606262207031,26.907943725585938
2022-02-15,169.61962890625,291.27374267578125,69.01004028320312,26.667482376098633
2022-02-16,169.38406372070312,290.933837890625,69.32860565185547,26.93282699584961
2022-02-17,165.78138732910156,282.41461181640625,69.222412109375,27.048425674438477
2022-02-18,164.2303924560547,279.6946716308594,68.45257568359375,26.612831115722656
2022-02-22,161.30506896972656,279.4906921386719,67.65620422363281,26.01808738708496
2022-02-23,157.13304138183594,272.2538146972656,67.93052673339844,26.076723098754883
2022-02-24,159.75405883789062,286.1641845703125,67.07220458984375,24.43488311767578
2022-02-25,161.8253631591797,288.8064270019531,68.87731170654297,25.741657257080078
2022-02-28,162.09036254882812,290.2441101074219,69.3905258178711,24.46839141845703
2022-03-01,160.2056121826172,286.513916015625,70.0541763305664,23.865270614624023
2022-03-02,163.50396728515625,291.6041564941406,71.25758361816406,25.222299575805664
2022-03-03,163.18002319335938,287.4561767578125,71.70885467529297,24.074689865112305
2022-03-04,160.17616271972656,281.56951904296875,74.40766143798828,23.463186264038086
2022-03-07,156.3771514892578,270.93267822265625,77.08880615234375,23.873645782470703
2022-03-08,154.55130004882812,267.9602355957031,77.67280578613281,24.92073631286621
2022-03-09,159.9601593017578,280.2485046386719,73.25735473632812,24.317609786987305
2022-03-10,155.61148071289062,277.4216613769531,75.53144836425781,24.317609786987305
2022-03-11,151.89100646972656,272.0596008300781,75.14210510253906,23.68098258972168
2022-03-14,147.85643005371094,268.5333251953125,72.45213317871094,23.337535858154297
2022-03-15,152.244384765625,278.93701171875,68.32872009277344,23.49669075012207
2022-03-16,156.6618194580078,285.969970703125,68.07210540771484,23.965789794921875
2022-03-17,157.67295837402344,286.7762451171875,69.88606262207031,24.32598876953125
2022-03-18,160.97128295898438,291.8371887207031,69.61174774169922,24.074689865112305
2022-03-21,162.34564208984375,290.603515625,72.73529052734375,24.962617874145508
2022-03-22,165.7224884033203,295.3634033203125,72.41674041748047,24.853721618652344
2022-03-23,167.08700561523438,290.9240417480469,73.55819702148438,25.766788482666016
2022-03-24,170.87615966796875,295.4022521972656,73.7794189453125,25.750032424926758
2022-03-25,171.5142364501953,294.99420166015625,75.38986206054688,26.00971031188965
2022-03-28,172.37811279296875,301.8134460449219,73.27506256103516,25.07151985168457
2022-03-29,175.6764373779297,306.3887939453125,72.88572692871094,24.8034610748291
2022-03-30,174.50827026367188,304.88311767578125,74.13337707519531,25.18879508972168
2022-03-31,171.40625,299.4917907714844,73.08037567138672,24.627553939819336
2022-04-01,171.11178588867188,300.5700378417969,73.54936218261719,24.996124267578125
2022-04-04,175.1659698486328,305.9613037109375,73.58475494384766,24.95424461364746
2022-04-05,171.84799194335938,301.9883728027344,73.20426940917969,24.87885284423828
2022-04-06,168.67727661132812,290.933837890625,74.0183334350586,24.786710739135742
2022-04-07,168.9815673828125,292.7502746582031,75.25711822509766,25.01288414001465
2022-04-08,166.96917724609375,288.4761962890625,76.84102630615234,25.523855209350586
2022-04-11,162.70883178710938,277.10107421875,74.19529724121094,25.105022430419922
2022-04-12,164.5837860107422,273.9926452636719,75.74381256103516,25.58249855041504
2022-04-13,167.27349853515625,279.39361572265625,76.81446838378906,26.14373779296875
2022-04-14,162.2572479248047,271.826416015625,77.71704864501953,26.210756301879883
2022-04-18,162.04129028320312,272.4966125488281,78.35414123535156,26.177244186401367
2022-04-19,164.32852172851562,277.13995361328125,77.65509796142578,26.311269760131836
2022-04-20,164.16165161132812,278.1696472167969,77.83206939697266,26.302892684936523
2022-04-21,163.36651611328125,272.7783203125,77.00916290283203,25.808666229248047
2022-04-22,158.82150268554688,266.1922912597656,75.32791900634766,25.029634475708008
2022-04-25,159.89149475097656,272.69091796875,72.78837585449219,24.066312789916992
2022-04-26,153.92303466796875,262.4912109375,72.8149185180664,23.747995376586914
2022-04-27,153.697265625,275.1194763183594,74.89433288574219,23.957416534423828
2022-04-28,160.63754272460938,281.34613037109375,77.15957641601562,24.585668563842773
2022-04-29,154.7574005126953,269.5823974609375,75.4341049194336,24.057933807373047
2022-05-02,155.06178283691406,276.3337097167969,76.46056365966797,24.17521095275879
2022-05-03,156.55386352539062,273.7206726074219,78.03560638427734,26.118606567382812
2022-05-04,162.97386169433594,281.68609619140625,81.14144897460938,26.67984962463379
2022-05-05,153.89361572265625,269.4172668457031,79.91149139404297,26.152111053466797
2022-05-06,154.62110900878906,266.8722229003906,81.13258361816406,26.68822479248047
2022-05-09,149.48931884765625,257.0125427246094,74.73507690429688,24.862096786499023
2022-05-10,151.89791870117188,261.7918395996094,75.23058319091797,25.038009643554688
2022-05-11,144.02333068847656,253.0978240966797,76.79679107666016,25.314443588256836
2022-05-12,140.14993286132812,248.0465545654297,77.14543151855469,25.07562828063965
2022-05-13,144.62301635742188,253.65150451660156,79.43386840820312,25.82086753845215
2022-05-16,143.0795135498047,254.0206756591797,81.30216217041016,26.26970672607422
2022-05-17,146.7169952392578,259.1885070800781,82.339111328125,26.65926170349121
2022-05-18,138.4393768310547,247.38771057128906,81.03398132324219,26.345924377441406
2022-05-19,135.02801513671875,246.4724884033203,81.47199249267578,26.278175354003906
2022-05-20,135.26394653320312,245.9077606201172,82.11563110351562,26.489891052246094
2022-05-23,140.69065856933594,253.78466796875,83.93028259277344,27.192785263061523
2022-05-24,137.9871063232422,252.7818145751953,84.38617706298828,27.167383193969727
2022-05-25,138.14442443847656,255.60546875,86.08464050292969,27.4129638671875
2022-05-26,141.34930419921875,258.8963623046875,86.38856506347656,27.66702651977539
2022-05-27,147.1102294921875,266.0430603027344,87.23779296875,27.573875427246094
2022-05-31,146.32373046875,264.70916748046875,85.81645965576172,27.4129638671875
2022-06-01,146.19598388671875,265.2446594238281,87.46126556396484,27.6839656829834
2022-06-02,148.6536865234375,267.3477783203125,87.3093032836914,27.79405975341797
2022-06-03,142.9222412109375,262.9078369140625,88.57868194580078,27.9295597076416
2022-06-06,143.6693878173828,261.6713562011719,88.35518646240234,28.03118324279785
2022-06-07,146.19598388671875,265.3225402832031,92.40465545654297,28.95425796508789
2022-06-08,145.45864868164062,263.28765869140625,93.49523162841797,28.894983291625977
2022-06-09,140.22854614257812,257.815673828125,91.4749984741211,28.38686180114746
2022-06-10,134.8117218017578,246.3264617919922,89.80335998535156,27.489185333251953
2022-06-13,129.65048217773438,235.8790740966797,85.68236541748047,26.439075469970703
2022-06-14,130.51559448242188,238.05032348632812,85.90585327148438,26.134204864501953
2022-06-15,133.14047241210938,245.1288299560547,84.8241958618164,26.26970672607422
2022-06-16,127.8612289428711,238.5177001953125,81.69547271728516,25.050220489501953
2022-06-17,129.33590698242188,241.1270751953125,76.98452758789062,23.50893211364746
2022-06-21,133.57301330566406,247.05667114257812,81.77593231201172,24.660661697387695
2022-06-22,133.0618133544922,246.4627685546875,78.5399398803711,23.788394927978516
2022-06-23,135.9324493408203,252.04180908203125,76.17105102539062,23.170185089111328
2022-06-24,139.26516723632812,260.6490173339844,77.6817855834961,23.906951904296875
2022-06-27,139.26516723632812,257.9129943847656,79.5858154296875,24.304983139038086
2022-06-28,135.11651611328125,249.72451782226562,81.79381561279297,24.61832046508789
2022-06-29,136.87623596191406,253.40496826171875,78.77235412597656,24.364261627197266
2022-06-30,134.40863037109375,250.0653076171875,76.5554428100586,24.008577346801758
2022-07-01,136.58128356933594,252.74288940429688,78.26282501220703,23.949298858642578
2022-07-05,139.16683959960938,255.9267120361328,75.81348419189453,22.99234390258789
2022-07-06,140.50384521484375,259.1982421875,74.44577026367188,22.628192901611328
2022-07-07,143.87588500976562,261.3305358886719,76.82361602783203,23.525867462158203
2022-07-08,144.55418395996094,260.6100158691406,76.94876098632812,23.57668113708496
2022-07-11,142.42088317871094,257.5429992675781,76.5554428100586,23.25486946105957
2022-07-12,143.39414978027344,246.98854064941406,75.5363540649414,22.763689041137695
2022-07-13,143.0303955078125,246.0635528564453,75.84028625488281,22.873783111572266
2022-07-14,145.96002197265625,247.38771057128906,74.32063293457031,22.035388946533203
2022-07-15,147.63125610351562,249.95823669433594,75.5721206665039,22.57737922668457
2022-07-18,144.5836944580078,247.5532684326172,76.96663665771484,23.144779205322266
2022-07-19,148.44723510742188,252.6941680908203,78.90644073486328,23.762985229492188
2022-07-20,150.4527587890625,255.36196899414062,79.7735366821289,23.83073616027832
2022-07-21,152.72369384765625,257.8642578125,78.44159698486328,23.525867462158203
2022-07-22,151.4849853515625,253.50228881835938,77.84268188476562,23.33108901977539
2022-07-25,150.3642578125,252.01260375976562,80.43505859375,23.813800811767578
2022-07-26,149.03709411621094,245.26510620117188,80.1221694946289,23.77145767211914
2022-07-27,154.13934326171875,261.66156005859375,81.85639190673828,24.355791091918945
2022-07-28,154.68991088867188,269.1296081542969,82.8128890991211,24.11020278930664
2022-07-29,159.7626495361328,273.3454895019531,86.64781188964844,24.88084602355957
2022-08-01,158.77955627441406,270.68743896484375,84.45768737792969,24.601383209228516
2022-08-02,157.304931640625,267.5815124511719,84.09120178222656,24.86391258239746
2022-08-03,163.3214874267578,275.0299377441406,81.36471557617188,25.14337921142578
2022-08-04,163.00689697265625,276.1788635253906,77.94102478027344,24.855445861816406
2022-08-05,162.7804412841797,275.4583435058594,79.06735229492188,25.117969512939453
2022-08-08,162.30792236328125,272.93658447265625,79.5143051147461,25.54140281677246
2022-08-09,162.35714721679688,274.8643798828125,80.98033905029297,25.888614654541016
2022-08-10,166.6099853515625,281.54376220703125,81.74911499023438,26.083396911621094
2022-08-11,165.8716583251953,279.4601135253906,84.11392974853516,26.923133850097656
2022-08-12,169.42556762695312,284.2213439941406,84.8450698852539,27.13735580444336
2022-08-15,170.4986114501953,285.7402648925781,83.32867431640625,26.52897071838379
2022-08-16,170.34112548828125,285.0002746582031,82.55242919921875,26.503267288208008
2022-08-17,171.8374481201172,284.24896240234375,83.22036743164062,26.81174659729004
2022-08-18,171.4436492919922,283.1268615722656,85.18804168701172,27.351573944091797
2022-08-19,168.8545684814453,279.2044372558594,84.91727447509766,27.000255584716797
2022-08-22,164.96595764160156,271.0083312988281,84.85408782958984,27.171628952026367
2022-08-23,164.6312255859375,269.7300720214844,88.45549011230469,27.891408920288086
2022-08-24,164.9265594482422,269.09588623046875,88.97900390625,27.668621063232422
2022-08-25,167.38771057128906,272.0815734863281,89.43932342529297,27.994232177734375
2022-08-26,161.07730102539062,261.5827941894531,88.3381576538086,27.70289421081543
2022-08-29,158.8721160888672,258.7922058105469,90.36900329589844,27.82286262512207
2022-08-30,156.44053649902344,256.5870666503906,86.9300765991211,26.923133850097656
2022-08-31,154.77679443359375,255.1234588623047,86.28019714355469,26.4261474609375
2022-09-01,155.50531005859375,254.0793914794922,84.72772216796875,26.211925506591797
2022-09-02,153.38870239257812,249.84475708007812,86.28019714355469,26.674638748168945
2022-09-06,152.1285858154297,247.10299682617188,85.70252990722656,26.674638748168945
2022-09-07,153.536376953125,251.8254852294922,84.97142791748047,26.280475616455078
2022-09-08,152.05967712402344,252.2450408935547,85.66642761230469,26.306184768676758
2022-09-09,154.92445373535156,258.0408630371094,87.10157012939453,27.15449333190918
2022-09-12,160.89027404785156,260.177734375,88.10345458984375,27.53152084350586
2022-09-13,151.4492950439453,245.87356567382812,86.0455322265625,27.22304344177246
2022-09-14,152.8964385986328,246.09799194335938,88.15762329101562,27.488677978515625
2022-09-15,150.0021209716797,239.4240264892578,85.59423065185547,26.99168586730957
2022-09-16,148.35809326171875,238.799560546875,84.13200378417969,26.571813583374023
2022-09-19,152.079345703125,238.58489990234375,84.12298583984375,26.47756004333496
2022-09-20,154.4617462158203,236.56512451171875,83.4369888305664,26.56324577331543
2022-09-21,151.33119201660156,233.15008544921875,82.09210968017578,26.151945114135742
2022-09-22,150.36639404296875,235.1307830810547,81.74911499023438,26.383302688598633
2022-09-23,148.09230041503906,232.14508056640625,77.39855194091797,24.061159133911133
2022-09-26,148.42703247070312,231.68649291992188,75.80093383789062,23.3585205078125
2022-09-27,149.40162658691406,230.67172241210938,77.38951873779297,23.60701560974121
2022-09-28,147.51145935058594,235.21864318847656,80.20567321777344,24.472463607788086
2022-09-29,140.26583862304688,231.7352752685547,80.04319763183594,24.635271072387695
2022-09-30,136.05235290527344,227.2469024658203,78.80661010742188,24.463890075683594
2022-10-03,140.23634338378906,234.89666748046875,82.96763610839844,25.792057037353516
2022-10-04,143.82958984375,242.83908081054688,85.99136352539062,26.80317497253418
2022-10-05,144.1249237060547,243.1512908935547,89.4664077758789,26.88886070251465
2022-10-06,143.16998291015625,240.79978942871094,92.12005615234375,26.683208465576172
2022-10-07,137.9129638671875,228.5543975830078,91.19037628173828,26.631799697875977
2022-10-10,138.23785400390625,223.685546875,89.21367645263672,26.006275177001953
2022-10-11,136.82022094726562,219.938720703125,88.45549011230469,25.543561935424805
2022-10-12,136.19020080566406,220.27047729492188,88.84361267089844,25.663522720336914
2022-10-13,140.76791381835938,228.5543975830078,91.94857788085938,26.691776275634766
2022-10-14,136.2295684814453,223.0122833251953,89.52957916259766,25.9891357421875
2022-10-17,140.19692993164062,231.76455688476562,90.82032775878906,26.117666244506836
2022-10-18,141.51608276367188,232.7110137939453,90.9827880859375,26.117666244506836
2022-10-19,141.62440490722656,230.7400360107422,93.68158721923828,26.47756004333496
2022-10-20,141.1616973876953,230.4180450439453,93.80794525146484,26.52897071838379
2022-10-21,144.98143005371094,236.24314880371094,95.54997253417969,26.871723175048828
2022-10-24,147.12750244140625,241.2486114501953,96.21790313720703,27.248746871948242
2022-10-25,149.9726104736328,244.57586669921875,95.56803131103516,27.488677978515625
2022-10-26,147.02906799316406,225.70529174804688,96.70531463623047,27.685758590698242
2022-10-27,142.54983520507812,221.24618530273438,97.07538604736328,28.474088668823242
2022-10-28,153.3197784423828,230.14483642578125,99.9185791015625,28.405536651611328
2022-10-31,150.95706176757812,226.49563598632812,100.01788330078125,28.516929626464844
2022-11-01,148.30886840820312,222.63174438476562,101.01075744628906,28.44837760925293
2022-11-02,142.7761993408203,214.75762939453125,98.93476104736328,28.071352005004883
2022-11-03,136.72177124023438,209.04959106445312,100.27963256835938,28.311279296875
2022-11-04,136.45555114746094,216.01629638671875,101.37178039550781,29.065332412719727
2022-11-07,136.98802185058594,222.33900451660156,102.57225799560547,29.416658401489258
2022-11-08,137.55996704101562,223.3147430419922,102.89720153808594,28.902524948120117
2022-11-09,132.9943389892578,219.060546875,98.29390716552734,28.00176239013672
2022-11-10,144.8274688720703,237.082275390625,99.7380599975586,28.53875160217285
2022-11-11,147.61810302734375,241.11204528808594,102.85205078125,29.30960464477539
2022-11-14,146.21788024902344,235.6869659423828,103.1523208618164,29.058427810668945
2022-11-15,147.953369140625,236.09677124023438,103.84382629394531,29.370229721069336
2022-11-16,146.7207794189453,236.52731323242188,102.7337875366211,29.422203063964844
2022-11-17,148.6239013671875,236.4783935546875,102.8702621459961,29.751323699951172
2022-11-18,149.18597412109375,236.0282745361328,101.97859954833984,29.482830047607422
2022-11-21,145.9516143798828,236.84042358398438,100.9686279296875,28.694656372070312
2022-11-22,148.09144592285156,239.75625610351562,103.88932800292969,30.219036102294922
2022-11-23,148.96908569335938,242.25143432617188,103.37068939208984,30.29698371887207
2022-11-25,146.05026245117188,242.163330078125,103.00672912597656,30.548158645629883
2022-11-28,142.21432495117188,236.55667114257812,99.9131851196289,30.08045196533203
2022-11-29,139.2067413330078,235.15744018554688,100.57738494873047,30.582807540893555
2022-11-30,145.97132873535156,249.648681640625,101.30528259277344,31.09381866455078
2022-12-01,146.24746704101562,249.20835876464844,100.81396484375,30.93791961669922
2022-12-02,145.75439453125,249.53128051757812,99.95867156982422,30.626115798950195
2022-12-05,144.5908203125,244.81500244140625,97.21995544433594,30.31430435180664
2022-12-06,140.92254638671875,239.84434509277344,94.51762390136719,29.76865005493164
2022-12-07,138.97996520996094,239.11045837402344,94.30835723876953,29.370229721069336
2022-12-08,140.6661834716797,242.07525634765625,95.00895690917969,29.387557983398438
2022-12-09,140.1829833984375,240.1378936767578,94.20826721191406,29.197006225585938
2022-12-12,142.48057556152344,247.0752716064453,96.52843475341797,29.534791946411133
2022-12-13,143.44696044921875,251.39035034179688,97.58390808105469,30.32296371459961
2022-12-14,141.21836853027344,251.68389892578125,96.86510467529297,30.141080856323242
2022-12-15,134.6016845703125,243.65061950683594,95.93701934814453,29.690698623657227
2022-12-16,132.6393280029297,239.4236297607422,95.26371765136719,29.1710262298584
2022-12-19,130.52911376953125,235.27487182617188,95.69136810302734,29.404874801635742
2022-12-20,130.4600830078125,236.59580993652344,97.07435607910156,29.51747703552246
2022-12-21,133.5662841796875,239.16915893554688,98.32089233398438,30.34028434753418
2022-12-22,130.39105224609375,233.06349182128906,96.33737182617188,29.803295135498047
2022-12-23,130.0261993408203,233.5918731689453,98.88501739501953,30.32296371459961
2022-12-27,128.22169494628906,231.86000061035156,100.25894165039062,30.348949432373047
2022-12-28,124.28714752197266,229.4822540283203,98.61205291748047,29.95053482055664
2022-12-29,127.80753326416016,235.82278442382812,99.358154296875,30.054466247558594
2022-12-30,128.123046875,234.65841674804688,100.35902404785156,30.253679275512695
2023-01-03,123.33062744140625,234.42356872558594,96.91060638427734,29.725341796875
2023-01-04,124.60271453857422,224.1691436767578,97.1926498413086,29.257633209228516
2023-01-05,123.28134155273438,217.52529907226562,99.36724853515625,29.361574172973633
2023-01-06,127.81736755371094,220.08888244628906,100.56828308105469,29.846599578857422
2023-01-09,128.33999633789062,222.2317352294922,98.6939468383789,30.115095138549805
2023-01-10,128.9119110107422,223.92454528808594,100.16793823242188,30.184389114379883
2023-01-11,131.633544921875,230.6956024169922,101.33257293701172,30.348949432373047
2023-01-12,131.55465698242188,233.37660217285156,103.01583099365234,30.582807540893555
2023-01-13,132.8858642578125,234.0811004638672,102.95215606689453,30.799331665039062
2023-01-17,134.0494842529297,235.17698669433594,102.75198364257812,30.911930084228516
2023-01-18,133.3296356201172,230.73472595214844,100.64106750488281,30.60879135131836
2023-01-19,133.38877868652344,226.93821716308594,101.28707122802734,30.78200912475586
2023-01-20,135.95263671875,235.04981994628906,103.13412475585938,30.74736976623535
2023-01-23,139.14756774902344,237.35899353027344,102.59730529785156,30.8166561126709
2023-01-24,140.54782104492188,236.8306427001953,103.55268096923828,30.565486907958984
2023-01-25,139.8871307373047,235.43142700195312,103.00672912597656,30.522180557250977
2023-01-26,141.95794677734375,242.662353515625,107.14666748046875,31.396961212158203
2023-01-27,143.90054321289062,242.81893920898438,105.19044494628906,31.45759391784668
2023-01-30,141.01129150390625,237.48623657226562,103.32520294189453,31.327674865722656
2023-01-31,142.28335571289062,242.47642517089844,105.55439758300781,31.3796329498291
2023-02-01,143.40748596191406,247.31015014648438,104.39884948730469,31.561521530151367
2023-02-02,148.7225341796875,258.90509033203125,101.13240814208984,30.487533569335938
2023-02-03,152.3513641357422,252.7895965576172,101.8330078125,30.44422149658203
2023-02-06,149.61985778808594,251.24359130859375,101.6601333618164,30.17572593688965
2023-02-07,152.49928283691406,261.8013916015625,104.56261444091797,32.696144104003906
2023-02-08,149.80723571777344,260.9892272949219,103.65274047851562,33.47565460205078
2023-02-09,148.77182006835938,257.9461669921875,104.04399871826172,34.255165100097656
2023-02-10,149.1372833251953,257.43731689453125,108.42958068847656,35.20790100097656
2023-02-13,151.94203186035156,265.4804382324219,108.00782775878906,35.17325973510742
2023-02-14,151.3000946044922,266.31219482421875,106.74252319335938,35.52837371826172
2023-02-15,153.40370178222656,264.18359375,106.421630859375,35.407108306884766
2023-02-16,151.80377197265625,257.15032958984375,106.10989379882812,35.815555572509766
2023-02-17,150.6581573486328,253.1383056640625,102.02979278564453,35.00216293334961
2023-02-21,146.63861083984375,247.85105895996094,101.928955078125,34.783504486083984
2023-02-22,147.06332397460938,246.7132110595703,100.608642578125,34.048824310302734
2023-02-23,147.54725646972656,249.91104125976562,101.5346908569336,34.70479202270508
2023-02-24,144.89060974121094,244.46690368652344,101.54386138916016,34.722286224365234
2023-02-27,146.08558654785156,245.3889617919922,101.36048126220703,35.177085876464844
2023-02-28,145.58189392089844,244.66305541992188,100.773681640625,34.63481903076172
2023-03-01,143.5079345703125,241.57313537597656,101.67222595214844,34.92344284057617
2023-03-02,144.1005096435547,246.3208465576172,102.13982391357422,35.212066650390625
2023-03-03,149.1570281982422,250.42111206054688,103.43262481689453,35.177085876464844
2023-03-06,151.9222869873047,251.97097778320312,104.34949493408203,35.35200500488281
2023-03-07,149.71994018554688,249.3028564453125,102.3323745727539,34.80974197387695
2023-03-08,150.97418212890625,248.8614501953125,100.8378677368164,34.68730163574219
2023-03-09,148.72247314453125,247.50778198242188,100.05851745605469,34.40742111206055
2023-03-10,146.65838623046875,243.84889221191406,98.82073974609375,34.11879348754883
2023-03-13,148.6039581298828,249.07723999023438,97.68382263183594,33.24417495727539
2023-03-14,150.69764709472656,255.8162841796875,98.05056762695312,33.45408630371094
2023-03-15,151.09271240234375,260.3775329589844,93.17280578613281,31.355009078979492
2023-03-16,153.91725158691406,270.9323425292969,92.63182830810547,31.153844833374023
2023-03-17,153.07778930664062,274.1007080078125,91.5407485961914,30.760272979736328
2023-03-20,155.44798278808594,267.0380859375,93.93378448486328,31.311275482177734
2023-03-21,157.30470275878906,268.55853271484375,98.14226531982422,32.37831115722656
2023-03-22,155.87266540527344,267.0968933105469,95.89591217041016,32.20338821411133
2023-03-23,156.9590301513672,272.36456298828125,94.81399536132812,31.90601921081543
2023-03-24,158.26271057128906,275.218994140625,94.92401123046875,31.38124656677246
2023-03-27,156.31710815429688,271.10888671875,97.00534057617188,32.255863189697266
2023-03-28,155.69488525390625,269.9808349609375,98.21561431884766,32.73690414428711
2023-03-29,158.77621459960938,275.16009521484375,99.90265655517578,32.96430587768555
2023-03-30,160.3465118408203,278.63262939453125,100.38860321044922,33.21793746948242
2023-03-31,162.85494995117188,282.8016052246094,100.54446411132812,33.18295669555664
2023-04-03,164.1092529296875,281.7519836425781,106.47664642333984,34.75727081298828
2023-04-04,163.575927734375,281.702880859375,105.45890808105469,34.39867401123047
2023-04-05,161.7291259765625,278.9170227050781,107.26515197753906,34.888458251953125
2023-04-06,162.61801147460938,286.0386047363281,105.48641967773438,34.55610656738281
2023-04-10,160.02061462402344,283.87078857421875,105.01881408691406,34.722286224365234
2023-04-11,158.80584716796875,277.4359130859375,105.761474609375,34.86222839355469
2023-04-12,158.11453247070312,278.0832824707031,105.6514663696289,35.15959167480469
2023-04-13,163.50680541992188,284.31219482421875,106.14655303955078,35.386993408203125
2023-04-14,163.16114807128906,280.6827392578125,106.40330505371094,35.49195098876953
2023-04-17,163.180908203125,283.2920227050781,105.16551208496094,35.360755920410156
2023-04-18,164.4055633544922,282.8702087402344,107.21932220458984,35.55316925048828
2023-04-19,165.55116271972656,282.9486999511719,106.88006591796875,35.03715515136719
2023-04-20,164.5832977294922,280.6532897949219,106.02738189697266,34.86222839355469
2023-04-21,162.9735107421875,280.30999755859375,106.36661529541016,34.66980743408203
2023-04-24,163.2796630859375,276.3961181640625,108.37457275390625,35.07213592529297
2023-04-25,161.739013671875,270.1672058105469,106.834228515625,34.60858154296875
2023-04-26,161.7291259765625,289.7367248535156,105.85316467285156,34.47739028930664
2023-04-27,166.32147216796875,299.0163269042969,107.11846160888672,34.40742111206055
2023-04-28,167.57569885253906,301.39996337890625,108.50292205810547,35.22956466674805
2023-05-01,167.48684692382812,299.73236083984375,105.13800811767578,34.993408203125
2023-05-02,166.44984436035156,299.5852355957031,100.9478988647461,32.168399810791016
2023-05-03,165.3733673095703,298.5944519042969,98.95826721191406,31.888525009155273
2023-05-04,163.73397827148438,299.5852355957031,97.22538757324219,31.582414627075195
2023-05-05,171.41748046875,304.72528076171875,99.64592742919922,32.474517822265625
2023-05-08,171.34835815429688,302.763427734375,100.04017639160156,32.387054443359375
2023-05-09,169.63980102539062,301.14495849609375,100.06769561767578,32.35206985473633
2023-05-10,171.40760803222656,306.35357666015625,98.7840576171875,32.14217758178711
2023-05-11,171.59524536132812,304.195556640625,96.99616241455078,31.803524017333984
2023-05-12,170.66561889648438,303.07733154296875,96.98700714111328,31.662063598632812
2023-05-15,170.171142578125,303.5579833984375,97.17195129394531,31.998046875
2023-05-16,170.171142578125,305.79449462890625,94.81363677978516,31.4233341217041
2023-05-17,170.7843017578125,308.6847229003906,96.94074249267578,31.830053329467773
2023-05-18,173.11827087402344,313.12823486328125,97.81932830810547,31.794689178466797
2023-05-19,173.22705078125,312.9512939453125,98.27250671386719,31.856578826904297
2023-05-22,172.27760314941406,315.7431640625,97.07948303222656,31.732791900634766
2023-05-23,169.66676330566406,309.9233703613281,98.40198516845703,31.989206314086914
2023-05-24,169.9436798095703,308.53729248046875,99.50252532958984,31.865421295166016
2023-05-25,171.08099365234375,320.4029541015625,97.71760559082031,31.264190673828125
2023-05-26,173.49404907226562,327.2549743652344,97.07948303222656,31.43218231201172
2023-05-30,175.3434295654297,325.6033935546875,96.2193832397461,30.937042236328125
2023-05-31,175.29396057128906,322.8311462402344,94.49919128417969,29.80530548095703
2023-06-01,178.10263061523438,326.9501953125,95.59050750732422,30.698318481445312
2023-06-02,178.95310974121094,329.72247314453125,97.81009674072266,31.520597457885742
2023-06-05,177.59825134277344,330.2533264160156,97.37541961669922,31.24650764465332
2023-06-06,177.2323455810547,328.0316467285156,98.1707763671875,31.211135864257812
2023-06-07,175.85769653320312,317.9059143066406,100.37185668945312,31.573646545410156
2023-06-08,178.5773468017578,319.7541198730469,100.05743408203125,31.662063598632812
2023-06-09,178.96304321289062,321.25823974609375,99.31756591796875,31.361448287963867
2023-06-12,181.7617645263672,326.23260498046875,98.42048645019531,30.742525100708008
2023-06-13,181.287109375,328.63128662109375,98.43898010253906,31.016620635986328
2023-06-14,181.9200439453125,331.6296691894531,97.25518798828125,30.990093231201172
2023-06-15,183.9573211669922,342.20751953125,97.93032836914062,31.281871795654297
2023-06-16,182.8793182373047,336.5351257324219,97.2274398803711,31.255348205566406
2023-06-20,182.96832275390625,332.3276062011719,94.99861145019531,31.007774353027344
2023-06-21,181.92994689941406,327.91363525390625,96.06216430664062,31.326080322265625
2023-06-22,184.93638610839844,333.95953369140625,95.5350112915039,31.158090591430664
2023-06-23,184.61988830566406,329.34893798828125,94.7026596069336,30.777896881103516
2023-06-26,183.2254638671875,323.0376281738281,96.4505844116211,31.158090591430664
2023-06-27,185.9846954345703,328.9065856933594,96.69104766845703,30.813261032104492
2023-06-28,187.1615447998047,330.1648864746094,97.4771499633789,30.848628997802734
2023-06-29,187.49778747558594,329.3784484863281,98.67943572998047,30.919361114501953
2023-06-30,191.82948303222656,334.7754821777344,99.18809509277344,31.20229721069336
2023-07-03,190.3361358642578,332.2686767578125,99.38231658935547,31.768163681030273
2023-07-05,189.21861267089844,332.4259033203125,98.87364959716797,31.211135864257812
2023-07-06,189.69329833984375,335.4931335449219,95.18356323242188,30.760208129882812
2023-07-07,188.57574462890625,331.5116882324219,95.40553283691406,31.16692543029785
2023-07-10,186.52862548828125,326.21295166015625,96.82051849365234,31.131559371948242
2023-07-11,186.0044708251953,326.842041015625,98.00431060791016,31.7504825592041
2023-07-12,187.6758270263672,331.4920349121094,98.48522186279297,32.104148864746094
2023-07-13,188.43728637695312,336.859619140625,96.68180084228516,32.29866409301758
2023-07-14,188.58567810058594,339.39593505859375,93.35240936279297,31.40565299987793
2023-07-17,191.84922790527344,339.87762451171875,93.75933074951172,31.228818893432617
2023-07-18,191.59210205078125,353.4047546386719,93.33391571044922,31.64438247680664
2023-07-19,192.94699096679688,349.0693359375,93.98129272460938,31.962682723999023
2023-07-20,190.99871826171875,340.99835205078125,95.63673400878906,32.3075065612793
2023-07-21,189.8218536376953,337.9507751464844,96.08065795898438,32.448974609375
2023-07-24,190.62294006347656,339.2680969238281,97.58812713623047,32.873374938964844
2023-07-25,191.4833221435547,345.0387878417969,97.7361068725586,32.91758346557617
2023-07-26,192.35362243652344,332.0523376464844,97.1904525756836,32.80263900756836
2023-07-27,191.08773803710938,325.1217346191406,97.49565124511719,32.41360855102539
2023-07-28,193.66896057128906,332.6421813964844,96.33036041259766,32.45781326293945
2023-07-31,194.2821044921875,330.2336730957031,99.17884826660156,32.97947311401367
2023-08-01,193.4513702392578,330.64654541015625,98.6054458618164,32.678855895996094
2023-08-02,190.45481872558594,321.95623779296875,97.37541961669922,31.856578826904297
2023-08-03,189.06036376953125,321.1304626464844,99.06785583496094,32.23676681518555
2023-08-04,179.981689453125,322.23150634765625,99.3453140258789,32.53738784790039
2023-08-07,176.8763427734375,324.52203369140625,99.141845703125,32.74958801269531
2023-08-08,177.8158416748047,320.53076171875,99.63201141357422,32.68769454956055
2023-08-09,176.22360229492188,316.77545166015625,101.3244400024414,33.0855712890625
2023-08-10,176.00599670410156,317.46356201171875,101.84234619140625,33.17145919799805
2023-08-11,176.0654296875,315.5760498046875,103.4238052368164,33.1893424987793
2023-08-14,177.71923828125,318.5547790527344,103.50704193115234,32.813621520996094
2023-08-15,175.72872924804688,316.4117126464844,100.84967041015625,32.26791763305664
2023-08-16,174.85728454589844,315.64324951171875,99.1526870727539,32.10688781738281
2023-08-17,172.31222534179688,312.1755676269531,101.07344055175781,32.285804748535156
2023-08-18,172.7974853515625,311.781494140625,102.60260009765625,32.41999435424805
2023-08-21,174.1343536376953,317.101318359375,101.36250305175781,32.724159240722656
2023-08-22,175.51087951660156,317.6726989746094,100.7937240600586,32.536293029785156
2023-08-23,179.3631591796875,322.1452941894531,99.9079360961914,32.20529556274414
2023-08-24,174.66912841796875,315.2196350097656,99.16199493408203,31.999542236328125
2023-08-25,176.8775177001953,318.1849670410156,100.93359375,32.3394889831543
2023-08-28,178.44216918945312,318.8942565917969,101.78208923339844,32.77783203125
2023-08-29,182.3340606689453,323.53436279296875,102.38815307617188,33.1893424987793
2023-08-30,185.82980346679688,323.9086608886719,103.38583374023438,33.359317779541016
2023-08-31,186.04766845703125,322.89404296875,103.67487335205078,33.26091384887695
2023-09-01,187.6222686767578,323.7806396484375,105.84740447998047,34.110774993896484
2023-09-05,187.85992431640625,328.5980224609375,105.85671997070312,34.352317810058594
2023-09-06,181.13580322265625,327.93798828125,106.7704849243164,34.73699188232422
2023-09-07,175.8376922607422,325.0120544433594,106.24832916259766,34.45071792602539
2023-09-08,176.45167541503906,329.30731201171875,107.796142578125,34.59385681152344
2023-09-11,177.62020874023438,332.9228515625,106.44413757324219,34.54018020629883
2023-09-12,174.5899200439453,326.8444519042969,109.54907989501953,34.08393478393555
2023-09-13,172.52017211914062,331.07080078125,108.5700454711914,34.22706604003906
2023-09-14,174.0353240966797,333.671630859375,110.50945281982422,34.9785270690918
2023-09-15,173.31239318847656,325.3175048828125,108.81246185302734,34.66542434692383
2023-09-18,176.2436981201172,324.1747131347656,109.68893432617188,34.495445251464844
2023-09-19,177.3330535888672,323.7707824707031,109.39988708496094,34.72804260253906
2023-09-20,173.78775024414062,316.00775146484375,108.53274536132812,34.54912567138672
2023-09-21,172.2428741455078,314.7861633300781,107.00359344482422,34.09288787841797
2023-09-22,173.09454345703125,312.3036193847656,107.17143249511719,34.388092041015625
2023-09-25,174.3720245361328,312.8257751464844,108.37423706054688,34.66542434692383
2023-09-26,170.29200744628906,307.5058898925781,108.54206848144531,34.5670166015625
2023-09-27,168.77682495117188,308.1462707519531,112.07591247558594,35.3184700012207
2023-09-28,169.03433227539062,308.983642578125,111.39525604248047,35.27375030517578
2023-09-29,169.5492706298828,311.0622863769531,109.63298034667969,34.638587951660156
2023-10-02,172.0646514892578,317.0224609375,107.81478881835938,33.83344650268555
2023-10-03,170.72772216796875,308.7373962402344,108.00126647949219,33.63663864135742
2023-10-04,171.9755096435547,314.2246398925781,103.96392822265625,32.48262023925781
2023-10-05,173.21340942382812,314.61871337890625,101.62357330322266,32.57207489013672
2023-10-06,175.7683563232422,322.4013977050781,99.92658233642578,33.3414306640625
2023-10-09,177.2538299560547,324.9234313964844,103.42312622070312,34.33442306518555
2023-10-10,176.6596221923828,323.5146484375,102.98489379882812,34.54912567138672
2023-10-11,178.05596923828125,327.48480224609375,99.29254150390625,34.575965881347656
2023-10-12,178.95713806152344,326.2435302734375,99.27388763427734,35.148502349853516
2023-10-13,177.1151885986328,322.864501953125,102.444091796875,35.7926025390625
2023-10-16,176.98643493652344,327.7015380859375,102.51868438720703,35.980472564697266
2023-10-17,175.43167114257812,327.1301574707031,103.86136627197266,36.50827407836914
2023-10-18,174.1343536376953,325.2091369628906,105.31591796875,36.42776870727539
2023-10-19,173.75807189941406,326.40118408203125,105.38119506835938,36.07887649536133
2023-10-20,171.2030792236328,321.8201904296875,103.57231140136719,35.43476867675781
2023-10-23,171.32191467285156,324.4308776855469,102.0524673461914,34.79961013793945
2023-10-24,171.75762939453125,325.62286376953125,101.06411743164062,34.701210021972656
2023-10-25,169.4403839111328,335.6123352050781,101.25060272216797,34.942745208740234
2023-10-26,165.2711944580078,323.0220642089844,100.32752227783203,34.72804260253906
2023-10-27,166.58827209472656,324.91357421875,98.41606903076172,34.5670166015625
2023-10-30,168.63819885253906,332.3022155761719,98.72378540039062,34.30758285522461
2023-10-31,169.11355590820312,333.09033203125,98.69579315185547,32.724159240722656
2023-11-01,172.28250122070312,340.93218994140625,98.49998474121094,32.285804748535156
2023-11-02,175.84759521484375,343.1488037109375,101.73545837402344,32.97464370727539
2023-11-03,174.93649291992188,347.562255859375,100.49535369873047,32.38421630859375
2023-11-06,177.49147033691406,351.2368469238281,98.71444702148438,32.47366714477539
2023-11-07,180.05633544921875,355.1775207519531,97.16664123535156,31.731164932250977
2023-11-08,181.115966796875,357.807861328125,95.97315979003906,31.22124481201172
2023-11-09,180.64065551757812,355.3351135253906,96.0011215209961,31.416919708251953
2023-11-10,184.8351287841797,364.1817932128906,96.73773956298828,31.779285430908203
2023-11-13,183.24855041503906,361.2361755371094,97.75406646728516,32.34095001220703
2023-11-14,185.8664093017578,364.77288818359375,98.13043975830078,32.476829528808594
2023-11-15,186.4315948486328,364.92095947265625,97.53764343261719,32.24129867553711
2023-11-16,188.11734008789062,371.3374938964844,96.40853881835938,31.724929809570312
2023-11-17,188.09751892089844,365.09869384765625,98.76087951660156,32.25941848754883
2023-11-20,189.84271240234375,372.5911560058594,98.32803344726562,32.50401306152344
2023-11-21,189.03952026367188,368.2773132324219,98.2904052734375,32.3771858215332
2023-11-22,189.70388793945312,372.99591064453125,97.86698913574219,31.9514102935791
2023-11-24,188.3751678466797,372.5812683105469,98.39390563964844,32.44965362548828
2023-11-27,188.19667053222656,373.74609375,97.81993865966797,32.5583610534668
2023-11-28,188.80154418945312,377.7835388183594,97.76346588134766,32.5583610534668
2023-11-29,187.7801971435547,373.9830322265625,96.29560852050781,32.67613983154297
2023-11-30,188.35531616210938,374.042236328125,96.67198181152344,32.875431060791016
2023-12-01,189.63449096679688,369.6988220214844,96.90721893310547,32.59459686279297
2023-12-04,187.8396759033203,364.3977966308594,96.38030242919922,32.24129867553711
2023-12-05,191.79617309570312,367.73431396484375,94.5078353881836,31.969524383544922
2023-12-06,190.70542907714844,364.0621337890625,93.2563705444336,31.570924758911133
2023-12-07,192.6390380859375,366.1845397949219,92.60713958740234,31.425979614257812
2023-12-08,194.0669403076172,369.42236328125,93.67040252685547,31.978586196899414
2023-12-11,191.55821228027344,366.530029296875,93.73626708984375,31.8245792388916
2023-12-12,193.07537841796875,369.5704345703125,92.25898742675781,31.489391326904297
2023-12-13,196.29808044433594,369.5605773925781,93.07759857177734,31.733991622924805
2023-12-14,196.4468231201172,361.22900390625,95.58050537109375,32.43153762817383
2023-12-15,195.911376953125,365.9673767089844,94.94066619873047,31.534690856933594
2023-12-18,194.24545288085938,367.8626708984375,95.6463623046875,31.815521240234375
2023-12-19,195.28662109375,368.4648132324219,96.90721893310547,32.069175720214844
2023-12-20,193.19436645507812,365.8587646484375,95.28880310058594,31.724929809570312
2023-12-21,193.04559326171875,368.74127197265625,95.72164154052734,32.12352752685547
2023-12-22,191.9746856689453,369.7679138183594,95.8910140991211,32.005760192871094
2023-12-26,191.4292755126953,369.84686279296875,96.10742950439453,32.31376647949219
2023-12-27,191.52845764160156,369.26446533203125,95.65577697753906,32.368125915527344
2023-12-28,191.95484924316406,370.4588623046875,94.27259063720703,32.005760192871094
2023-12-29,190.91366577148438,371.2091369628906,94.07498931884766,32.069175720214844
2024-01-02,184.08148193359375,366.1055603027344,96.3144302368164,32.159767150878906
2024-01-03,182.7031707763672,365.8390197753906,97.12364196777344,32.61272048950195
2024-01-04,180.38282775878906,363.2132263183594,96.27677917480469,32.395301818847656
2024-01-05,179.658935546875,363.0256042480469,96.56848907470703,32.63990020751953
2024-01-08,184.00216674804688,369.8764953613281,94.95948791503906,32.09634780883789
2024-01-09,183.58567810058594,370.9623107910156,93.78330993652344,31.60716438293457
2024-01-10,184.6269073486328,377.8526611328125,92.86119079589844,31.435039520263672
2024-01-11,184.03192138671875,379.68878173828125,92.84236907958984,31.35350799560547
2024-01-12,184.35914611816406,383.47943115234375,94.04676818847656,31.579984664916992
2024-01-16,182.08837890625,385.25628662109375,91.92024230957031,31.054553985595703
2024-01-17,181.14633178710938,384.4665832519531,91.25218963623047,30.710311889648438
2024-01-18,187.04638671875,388.81005859375,91.08282470703125,30.828081130981445
2024-01-19,189.95179748535156,393.5483703613281,91.22395324707031,30.665016174316406
2024-01-22,192.26222229003906,391.4161682128906,91.10162353515625,31.02737808227539
2024-01-23,193.54141235351562,393.77545166015625,92.12726593017578,31.02737808227539
2024-01-24,192.86712646484375,397.3884582519531,93.7174301147461,31.30821418762207
2024-01-25,192.53988647460938,399.66876220703125,96.09800720214844,31.842700958251953
2024-01-26,190.8045654296875,398.7408142089844,96.9166259765625,32.277530670166016
2024-01-29,190.120361328125,404.4564514160156,97.03895568847656,32.277530670166016
2024-01-30,186.46136474609375,403.3409729003906,98.65735626220703,32.51306915283203
2024-01-31,182.85191345214844,392.4723815917969,96.73785400390625,31.797399520874023
2024-02-01,185.29124450683594,398.5927734375,96.34265899658203,31.8245792388916
2024-02-02,184.2897491455078,405.93719482421875,95.94746398925781,31.380685806274414
2024-02-05,186.10433959960938,400.4387512207031,95.55227661132812,31.018320083618164
2024-02-06,187.71078491210938,400.28082275390625,96.21092987060547,32.966026306152344
2024-02-07,187.8198699951172,408.7308349609375,96.18270111083984,32.7667236328125
2024-02-08,186.73902893066406,408.7900695800781,97.82933807373047,32.80295944213867
2024-02-09,187.50352478027344,415.1473083496094,95.75926971435547,32.938846588134766
2024-02-12,185.81561279296875,409.92529296875,97.07659912109375,33.00225830078125
2024-02-13,183.7206573486328,401.10015869140625,96.24085998535156,32.64896011352539
2024-02-14,182.83702087402344,404.9769287109375,95.76602172851562,32.395301818847656
2024-02-15,182.54910278320312,402.0792541503906,98.51061248779297,32.6575927734375
2024-02-16,181.01014709472656,399.60675048828125,98.51061248779297,32.51085662841797
2024-02-20,180.26547241210938,398.35076904296875,97.57992553710938,32.44666290283203
2024-02-21,181.0200653076172,397.74749755859375,99.57424926757812,32.74013137817383
2024-02-22,183.05545043945312,407.1131286621094,99.48878479003906,32.54753875732422
2024-02-23,181.21865844726562,405.81756591796875,98.61506652832031,32.44666290283203
2024-02-26,179.86834716796875,403.0484313964844,99.00444793701172,32.39163589477539
2024-02-27,181.32786560058594,402.98907470703125,98.79550170898438,32.48333740234375
2024-02-28,180.12648010253906,403.2264404296875,99.07091522216797,32.06147766113281
2024-02-29,179.46124267578125,409.08123779296875,99.26085662841797,32.088993072509766
2024-03-01,178.37904357910156,410.9206848144531,100.51444244384766,32.68510055541992
2024-03-04,173.85154724121094,410.34710693359375,99.1089096069336,32.71261215209961
2024-03-05,168.90704345703125,398.2123107910156,100.32450103759766,32.83183288574219
2024-03-06,167.91416931152344,397.658447265625,101.39763641357422,33.40043258666992
2024-03-07,167.7950439453125,404.63079833984375,101.96744537353516,33.40959930419922
2024-03-08,169.5126953125,401.74298095703125,102.92662811279297,33.39126205444336
2024-03-11,171.518310546875,400.0616760253906,103.53443145751953,33.464630126953125
2024-03-12,171.99488830566406,410.7030944824219,102.8696517944336,33.61136245727539
2024-03-13,169.9098663330078,410.5251159667969,104.01876831054688,34.22581100463867
2024-03-14,171.76649475097656,420.5335388183594,105.86116027832031,34.38172149658203
2024-03-15,171.38922119140625,411.83056640625,105.67120361328125,34.38172149658203
2024-03-18,172.4813995361328,412.7206115722656,106.64940643310547,34.65684509277344
2024-03-19,174.82456970214844,416.7655944824219,107.39964294433594,34.70269775390625
2024-03-20,177.3960723876953,420.5434875488281,107.3046646118164,34.74855422973633
2024-03-21,170.1481475830078,424.6378479003906,107.7795181274414,34.60182189941406
2024-03-22,171.05166625976562,424.0147705078125,107.7795181274414,34.666019439697266
2024-03-25,169.63185119628906,418.1995544433594,108.88114929199219,35.0878791809082
2024-03-26,168.5,417.0028991699219,108.06442260742188,34.45508575439453
2024-03-27,172.07431030273438,416.78533935546875,109.18505859375,34.35420227050781
2024-03-28,170.25733947753906,416.0831604003906,110.3911361694336,34.55596923828125
2024-04-01,168.8177032470703,419.8907470703125,111.10340881347656,34.794410705566406
2024-04-02,167.63616943359375,416.79522705078125,113.2781753540039,35.4455451965332
2024-04-03,168.44039916992188,415.8161315917969,113.29717254638672,35.592281341552734
2024-04-04,167.6163330078125,413.27447509765625,113.69603729248047,35.21627426147461
2024-04-05,168.3708953857422,420.83026123046875,115.26301574707031,35.454715728759766
2024-04-08,167.24896240234375,419.9104919433594,114.4842758178711,35.68398666381836
2024-04-09,168.46026611328125,421.58184814453125,115.08258056640625,36.0324821472168
2024-04-10,166.583740234375,418.59515380859375,116.05125427246094,36.15169906616211
2024-04-11,173.79197692871094,423.2137145996094,115.66188049316406,36.362632751464844
2024-04-12,175.29122924804688,417.2501525878906,114.31333923339844,36.1700439453125
2024-04-15,171.45872497558594,409.08123779296875,113.6580581665039,35.83072280883789
2024-04-16,168.17233276367188,410.01080322265625,112.71786499023438,35.427207946777344
2024-04-17,166.8021697998047,407.301025390625,112.66088104248047,35.18875503540039
2024-04-18,165.8489990234375,399.8144836425781,112.5564193725586,34.776065826416016
2024-04-19,163.8235626220703,394.72119140625,113.84798431396484,35.32632827758789
2024-04-22,164.65757751464844,396.54095458984375,114.4937744140625,35.68398666381836
2024-04-23,165.7100067138672,403.0780944824219,114.94012451171875,36.0324821472168
2024-04-24,167.81491088867188,404.5516662597656,114.95912170410156,36.07833480834961
2024-04-25,168.67869567871094,394.6421203613281,115.22503662109375,36.335121154785156
2024-04-26,168.0928955078125,401.84185791015625,112.02459716796875,36.19755935668945
2024-04-29,172.26292419433594,397.8167419433594,113.62006378173828,36.19755935668945
2024-04-30,169.1155548095703,385.0390930175781,112.31900024414062,35.55559158325195
2024-05-01,168.0928955078125,390.5872802734375,110.19171142578125,35.05119323730469
2024-05-02,171.7963104248047,393.4553527832031,110.3911361694336,35.46388626098633
2024-05-03,182.07252502441406,402.1781005859375,110.16321563720703,35.491397857666016
2024-05-06,180.4144287109375,408.9822998046875,110.87548065185547,35.80320739746094
2024-05-07,181.09947204589844,404.8285827636719,110.32466125488281,34.46426010131836
2024-05-08,181.43707275390625,406.0153503417969,110.30567932128906,34.418399810791016
2024-05-09,183.25404357910156,407.7757568359375,112.48046112060547,34.88611602783203
2024-05-10,181.99139404296875,410.1690368652344,112.02459716796875,34.70269775390625
2024-05-13,185.2026824951172,409.1602783203125,111.97711944580078,34.94114303588867
2024-05-14,186.3460235595703,411.9690246582031,112.65686798095703,34.812747955322266
2024-05-15,188.622802734375,419.1718444824219,113.5280990600586,34.629329681396484
2024-05-16,188.74209594726562,417.10113525390625,112.84834289550781,34.430782318115234
2024-05-17,188.7719268798828,416.3283386230469,114.54293060302734,34.78335189819336
2024-05-20,189.93516540527344,421.4109802246094,113.61426544189453,34.5699577331543
2024-05-21,191.2375946044922,425.0768127441406,112.82919311523438,34.384395599365234
2024-05-22,189.79595947265625,426.5431213378906,110.56017303466797,33.92049026489258
2024-05-23,185.7992401123047,423.0556335449219,108.67408752441406,33.79059600830078
2024-05-24,188.88128662109375,426.18646240234375,108.58792877197266,34.068939208984375
2024-05-28,188.89122009277344,426.3450012207031,109.96658325195312,34.69984817504883
2024-05-29,189.18951416015625,425.20562744140625,108.78897857666016,34.44005584716797
2024-05-30,190.1837158203125,410.83953857421875,109.13363647460938,34.2637825012207
2024-05-31,191.13816833496094,411.2952880859375,112.26432800292969,34.857574462890625
2024-06-03,192.90786743164062,409.7001647949219,109.57404327392578,33.77204513549805
2024-06-04,193.2260284423828,412.22662353515625,107.86988067626953,32.9926872253418
2024-06-05,194.7372283935547,420.09326171875,108.30072021484375,32.77928924560547
2024-06-06,193.35528564453125,420.59857177734375,109.114501953125,32.89063262939453
2024-06-07,195.7513427734375,419.9347839355469,107.94647979736328,32.7143440246582
2024-06-10,192.0031280517578,423.9175720214844,108.26241302490234,33.32669448852539
2024-06-11,205.95199584960938,428.68316650390625,107.39118194580078,33.094749450683594
2024-06-12,211.83778381347656,436.98577880859375,106.2040023803711,32.9926872253418
2024-06-13,213.00100708007812,437.5009765625,105.3519287109375,32.6494026184082
2024-06-14,211.26112365722656,438.4818115234375,104.4615478515625,32.371063232421875
2024-06-17,215.4169464111328,444.228271484375,103.7435073852539,32.57518005371094
2024-06-18,213.05067443847656,442.2170104980469,104.72004699707031,32.834957122802734
2024-06-20,208.4673614501953,441.5829162597656,106.97949981689453,33.131858825683594
2024-06-21,206.29005432128906,445.625244140625,106.04126739501953,32.94629669189453
2024-06-24,206.936279296875,443.53472900390625,109.19108581542969,33.632869720458984
2024-06-25,207.86090087890625,446.7844543457031,109.49745178222656,33.47515106201172
2024-06-26,212.01670837402344,447.9832763671875,109.53575897216797,33.141136169433594
2024-06-27,212.86181640625,448.6668701171875,110.00487518310547,33.37308883666992
2024-06-28,209.4019317626953,442.82135009765625,110.21550750732422,33.49369812011719
2024-07-01,215.49647521972656,452.5110168457031,110.06231689453125,33.79987716674805
2024-07-02,218.9961395263672,455.0374450683594,109.3155517578125,34.10605239868164
2024-07-03,220.26873779296875,456.513671875,109.87083435058594,34.3008918762207
2024-07-05,225.031005859375,463.240966796875,108.54005432128906,34.3751106262207
2024-07-08,226.50247192382812,461.93316650390625,107.4007568359375,33.911216735839844
2024-07-09,227.3574676513672,455.2950439453125,106.21358489990234,32.287559509277344
2024-07-10,231.63262939453125,461.94305419921875,107.1518325805664,32.380340576171875
2024-07-11,226.25389099121094,450.4997863769531,108.4251708984375,32.519508361816406
2024-07-12,229.20672607421875,449.3603515625,108.44432067871094,32.6494026184082
2024-07-15,233.04440307617188,449.7666320800781,110.30166625976562,32.50094985961914
2024-07-16,233.46197509765625,445.3676452636719,111.09630584716797,32.371063232421875
2024-07-17,227.55633544921875,439.42303466796875,112.62814331054688,32.862796783447266
2024-07-18,222.8834991455078,436.3021545410156,113.73872375488281,33.02052307128906
2024-07-19,223.01275634765625,433.072265625,111.12503051757812,32.825687408447266
2024-07-22,222.66477966308594,438.848388671875,110.3591079711914,32.77928924560547
2024-07-23,223.70870971679688,440.74078369140625,108.57836151123047,32.42673110961914
2024-07-24,217.276123046875,424.9380798339844,110.11019134521484,32.14839172363281
2024-07-25,216.23220825195312,414.53509521484375,112.42709350585938,32.6401252746582
2024-07-26,216.69947814941406,421.34161376953125,112.33134460449219,32.70507049560547
2024-07-29,216.9778594970703,422.78814697265625,111.15374755859375,32.43600845336914
2024-07-30,217.53463745117188,419.01336669921875,113.13556671142578,32.296836853027344
2024-07-31,220.795654296875,414.4855651855469,113.53766632080078,32.834957122802734
2024-08-01,217.09716796875,413.2569885253906,111.967529296875,32.25044250488281
2024-08-02,218.58848571777344,404.7166442871094,111.90052032470703,31.619537353515625
2024-08-05,208.05972290039062,391.4998474121094,109.88041687011719,30.60823631286621
2024-08-06,206.0315399169922,395.9186706542969,109.2964096069336,30.56184196472168
2024-08-07,208.60655212402344,394.7495422363281,110.75165557861328,30.663902282714844
2024-08-08,212.0763702392578,398.97021484375,112.86750030517578,31.0814151763916
2024-08-09,214.98944091796875,402.2694396972656,113.78658294677734,31.307323455810547
2024-08-12,216.5222930908203,403.0521545410156,113.9301986694336,31.674428939819336
2024-08-13,220.2449951171875,410.1856384277344,112.83877563476562,31.730905532836914
2024-08-14,220.69287109375,413.0093078613281,113.88233184814453,31.72149085998535
2024-08-15,223.67898559570312,417.89263916015625,114.58686828613281,32.11683654785156
2024-08-16,225.00283813476562,415.3517150878906,114.04640197753906,32.107421875
2024-08-19,224.84356689453125,418.388916015625,114.39383697509766,32.135658264160156
2024-08-20,225.460693359375,421.63458251953125,110.58168029785156,31.42028045654297
2024-08-21,225.35122680664062,420.9795227050781,109.87713623046875,31.55205726623535
2024-08-22,223.4898681640625,412.4534606933594,110.72644805908203,31.533233642578125
2024-08-23,225.78916931152344,413.6842346191406,112.26095581054688,32.107421875
2024-08-26,226.12759399414062,410.4088439941406,114.66407012939453,32.37097930908203
2024-08-27,226.97366333007812,410.7562255859375,113.57350158691406,32.361568450927734
2024-08-28,225.4407958984375,407.5403747558594,112.4539794921875,32.220375061035156
2024-08-29,228.72549438476562,410.0415954589844,114.00779724121094,32.446285247802734
2024-08-30,227.9391632080078,414.03167724609375,113.82442474365234,31.966222763061523
2024-09-03,221.738037109375,406.3890380859375,111.44062042236328,30.940217971801758
2024-09-04,219.82693481445312,405.8530578613281,110.0798110961914,30.507226943969727
2024-09-05,221.34983825683594,405.34686279296875,109.22087097167969,30.45074462890625
2024-09-06,219.79705810546875,398.7066955566406,108.70936584472656,30.02716827392578
2024-09-09,219.88665771484375,402.6967468261719,110.99667358398438,29.93303871154785
2024-09-10,219.09034729003906,411.1135559082031,106.952880859375,29.321199417114258
2024-09-11,221.6285400390625,419.8876647949219,105.89127349853516,29.452980041503906
2024-09-12,221.738037109375,423.81817626953125,107.34857940673828,29.7259521484375
2024-09-13,221.46926879882812,427.38140869140625,107.27136993408203,29.97068977355957
2024-09-16,215.3179168701172,428.1258544921875,108.77692413330078,30.403684616088867
2024-09-17,215.7857208251953,431.90740966796875,110.19563293457031,30.639007568359375
2024-09-18,219.6676483154297,427.5997619628906,110.58168029785156,30.526050567626953
2024-09-19,227.80975341796875,435.4210510253906,111.9521255493164,30.8366756439209
2024-09-20,227.1428680419922,432.0265197753906,111.24758911132812,30.723724365234375
2024-09-23,225.42088317871094,430.2796630859375,113.2646713256836,30.93080711364746
2024-09-24,226.3167266845703,425.9720153808594,112.96548461914062,30.902570724487305
2024-09-25,225.32135009765625,428.89007568359375,110.76504516601562,29.820083618164062
2024-09-26,226.46603393554688,428.0960388183594,108.86380004882812,28.982336044311523
2024-09-27,226.73477172851562,424.8305358886719,111.77840423583984,29.575349807739258
2024-09-30,231.92062377929688,427.09356689453125,113.12954711914062,29.547109603881836
2024-10-01,225.16209411621094,417.5552062988281,115.74498748779297,30.206012725830078
2024-10-02,225.72943115234375,414.021728515625,117.27950286865234,30.469573974609375
2024-10-03,224.6245880126953,413.4361267089844,118.3025131225586,30.554290771484375
2024-10-04,225.74937438964844,412.959716796875,120.47400665283203,30.94963264465332
2024-10-07,220.66305541992188,406.48828125,120.99515533447266,31.194368362426758
2024-10-08,224.72413635253906,411.6197509765625,117.78135681152344,30.1495361328125
2024-10-09,228.47666931152344,414.3492431640625,117.82959747314453,30.10247039794922
2024-10-10,227.97897338867188,412.7413024902344,118.84296417236328,30.44133758544922
2024-10-11,226.49588012695312,413.2177734375,119.29656219482422,30.22484016418457
2024-10-14,230.228515625,416.0167541503906,119.75017547607422,30.11188507080078
2024-10-15,232.76669311523438,415.61968994140625,116.15032196044922,28.93526840209961
2024-10-16,230.70628356933594,413.01922607421875,116.44951629638672,29.114116668701172
2024-10-17,231.07456970214844,413.6147766113281,116.15032196044922,29.481220245361328
2024-10-18,233.911376953125,415.0440673828125,115.82218933105469,29.490633010864258
2024-10-21,235.38450622558594,415.659423828125,115.88975524902344,29.622411727905273
2024-10-22,234.76739501953125,424.3243713378906,116.48811340332031,29.7259521484375
2024-10-23,229.69100952148438,421.4360656738281,116.07311248779297,29.4718074798584
2024-10-24,229.5018768310547,421.5650939941406,115.41683959960938,29.462392807006836
2024-10-25,230.33799743652344,424.9595947265625,115.32034301757812,29.669479370117188
2024-10-28,232.31878662109375,423.4112243652344,114.75092315673828,29.227069854736328
2024-10-29,232.58753967285156,428.7312927246094,113.18746185302734,27.63629150390625
2024-10-30,229.03407287597656,429.3069763183594,112.6180419921875,27.316251754760742
2024-10-31,224.86349487304688,403.3220520019531,112.70491027832031,27.63629150390625
2024-11-01,221.87738037109375,407.3121032714844,110.93875885009766,27.5139217376709
2024-11-04,220.98153686523438,405.41632080078125,114.4710464477539,27.984567642211914
2024-11-05,222.4148712158203,408.39398193359375,114.808837890625,28.20106315612793
2024-11-06,221.68824768066406,417.0489807128906,116.77764129638672,28.38932228088379
2024-11-07,226.42620849609375,422.2598571777344,116.92241668701172,28.511690139770508
2024-11-08,226.15716552734375,419.3913879394531,116.88380432128906,27.67001724243164
2024-11-11,223.4368133544922,414.8951721191406,116.26614379882812,27.660451889038086
2024-11-12,223.4368133544922,419.87774658203125,116.15032196044922,26.933551788330078
2024-11-13,224.32366943359375,422.0315856933594,117.23124694824219,27.325695037841797
2024-11-14,227.4127197265625,423.7090148925781,117.30908203125,27.784788131713867
2024-11-15,224.20408630371094,411.9075927734375,116.0927963256836,27.717836380004883
2024-11-18,227.21340942382812,412.6619567871094,117.06582641601562,28.1386775970459
2024-11-19,227.4724884033203,414.67681884765625,115.4311294555664,27.823047637939453
2024-11-20,228.18994140625,412.3939208984375,117.0755615234375,27.81348419189453
2024-11-21,227.71163940429688,410.61370849609375,118.64214324951172,28.23432159423828
2024-11-22,229.05685424804688,414.7211608886719,118.50592041015625,28.425607681274414
2024-11-25,232.04624938964844,416.5013732910156,116.73500061035156,28.04302978515625
2024-11-26,234.22850036621094,425.6510925292969,114.78893280029297,27.698707580566406
2024-11-27,234.09896850585938,420.67840576171875,114.48728942871094,27.861303329467773
2024-11-29,236.490478515625,421.1458435058594,114.77920532226562,28.033466339111328
2024-12-02,238.7424774169922,428.624755859375,114.67215728759766,27.727401733398438
2024-12-03,241.79165649414062,428.8435363769531,114.49701690673828,28.167369842529297
2024-12-04,242.150390625,435.0295715332031,111.19842529296875,27.861303329467773
2024-12-05,242.18026733398438,440.2011413574219,111.68495178222656,27.87087059020996
2024-12-06,241.98097229003906,441.1459655761719,110.50757598876953,27.45003318786621
2024-12-09,245.8771514892578,443.5825500488281,109.85564422607422,28.779495239257812
2024-12-10,246.8935546875,440.9072570800781,109.63184356689453,28.789058685302734
2024-12-11,245.61807250976562,446.5363464355469,108.90206146240234,29.009042739868164
2024-12-12,247.0828857421875,447.1032409667969,108.80476379394531,28.83687973022461
2024-12-13,247.2522735595703,444.8257141113281,107.85118865966797,28.674283981323242
2024-12-16,250.15196228027344,449.12213134765625,105.54509735107422,27.689146041870117
2024-12-17,252.58334350585938,451.9764099121094,105.09750366210938,27.81348419189453
2024-12-18,247.1725616455078,434.9997253417969,103.55036926269531,27.2970027923584
2024-12-19,248.90640258789062,434.6416931152344,102.6649169921875,27.17266273498535
2024-12-20,253.5897979736328,434.2140808105469,103.01520538330078,27.354389190673828
2024-12-23,254.36703491210938,432.8714294433594,103.4336166381836,27.497854232788086
2024-12-24,257.28668212890625,436.9291076660156,103.53091430664062,27.536113739013672
2024-12-26,258.1037292480469,435.7157897949219,103.61848449707031,27.5935001373291
2024-12-27,254.68588256835938,428.17718505859375,103.60875701904297,27.698707580566406
2024-12-30,251.30787658691406,422.50836181640625,102.9081802368164,27.823047637939453
2024-12-31,249.5341796875,419.1965637207031,104.66936492919922,28.2725772857666
2025-01-02,242.9874267578125,416.2925109863281,104.41637420654297,28.626462936401367
2025-01-03,242.49916076660156,421.0364685058594,104.95154571533203,29.1429443359375
2025-01-06,244.1333465576172,425.5118713378906,104.83477783203125,29.668991088867188
2025-01-07,241.3532257080078,420.0617980957031,105.81755065917969,30.44371223449707
2025-01-08,241.84146118164062,422.23980712890625,104.04662322998047,29.76463508605957
2025-01-10,236.01217651367188,416.6605224609375,103.66714477539062,29.927230834960938
2025-01-13,233.5708465576172,414.9101257324219,106.34298706054688,29.860279083251953
2025-01-14,232.45480346679688,413.3984375,106.76139831542969,29.735942840576172
2025-01-15,237.02854919433594,423.9802551269531,108.50312805175781,29.936796188354492
2025-01-16,227.4525604248047,422.25970458984375,108.31824493408203,30.395891189575195
2025-01-17,229.16647338867188,426.6853942871094,109.29127502441406,30.309810638427734
2025-01-21,221.85243225097656,426.1583251953125,108.46420288085938,30.147214889526367
2025-01-22,223.03822326660156,443.7615966796875,106.57650756835938,29.774198532104492
2025-01-23,222.8688507080078,444.2687683105469,107.17980194091797,30.118520736694336
2025-01-24,221.991943359375,441.6332702636719,105.72997283935547,30.080263137817383
2025-01-27,229.04689025878906,432.1852111816406,107.19925689697266,30.080263137817383
2025-01-28,237.4171905517578,444.7561340332031,105.12669372558594,29.802894592285156
2025-01-29,238.5133056640625,439.9127197265625,105.73970794677734,29.774198532104492
2025-01-30,236.74954223632812,412.7221374511719,106.61544036865234,30.233295440673828
2025-01-31,235.16519165039062,412.791748046875,103.94932556152344,29.707246780395508
2025-02-03,227.2034454345703,408.6744079589844,104.20230865478516,29.525522232055664
2025-02-04,231.97650146484375,410.116455078125,106.99491882324219,30.261987686157227
2025-02-05,231.64767456054688,411.0314636230469,106.91707611083984,30.290681838989258
2025-02-06,232.39501953125,413.5475769042969,105.50617218017578,30.568050384521484
2025-02-07,226.8247833251953,407.5107727050781,105.95377349853516,30.864547729492188
2025-02-10,227.0941162109375,409.96728515625,107.9776840209961,32.9209098815918
2025-02-11,232.052001953125,409.1915588378906,108.6588134765625,33.04524612426758
2025-02-12,236.29161071777344,406.8046569824219,105.38961791992188,33.169586181640625
2025-02-13,240.94024658203125,408.29644775390625,106.1553726196289,32.98786163330078
2025-02-14,244.00274658203125,406.1979675292969,106.26336669921875,33.475650787353516
2025-02-18,243.87306213378906,407.4013977050781,108.12866973876953,33.77214813232422
2025-02-19,244.27207946777344,412.5033264160156,108.28575134277344,33.03568649291992
2025-02-20,245.229736328125,414.6857604980469,109.95470428466797,33.14089584350586
2025-02-21,244.95042419433594,406.793212890625,108.66863250732422,32.869327545166016
2025-02-24,246.49664306640625,402.59783935546875,109.23802947998047,32.723846435546875
2025-02-25,246.43678283691406,396.5190124511719,107.72615814208984,32.22920227050781
2025-02-26,239.77308654785156,398.3426818847656,107.4610824584961,31.695770263671875
2025-02-27,236.72056579589844,391.1676330566406,108.13848876953125,32.12251663208008
2025-02-28,241.24948120117188,395.6121520996094,109.29693603515625,32.12251663208008
2025-03-03,237.4487762451172,387.14166259765625,105.7921371459961,30.851970672607422
2025-03-04,235.35391235351562,387.26123046875,105.5761489868164,30.493114471435547
2025-03-05,235.1643829345703,399.628173828125,103.5145034790039,30.919862747192383
2025-03-06,234.75538635253906,395.5125427246094,105.65469360351562,30.754981994628906
2025-03-07,238.4862518310547,391.9449462890625,107.02911376953125,31.104141235351562
2025-03-10,226.92454528808594,378.840576171875,109.75836181640625,31.23992347717285
2025-03-11,220.30076599121094,379.1296081542969,107.16657257080078,31.016849517822266
2025-03-12,216.45018005371094,381.9397888183594,107.13711547851562,31.230224609375
2025-03-13,209.1680145263672,377.45538330078125,106.68550872802734,31.395105361938477
2025-03-14,212.96871948242188,387.21142578125,109.85652923583984,32.3843879699707
2025-03-17,213.4774627685547,387.3509521484375,111.68257141113281,32.74324035644531
2025-03-18,212.170654296875,382.1889343261719,111.56475067138672,33.189388275146484
2025-03-19,214.7144317626953,386.4739990234375,113.30243682861328,33.56764221191406
2025-03-20,213.5772247314453,385.4974060058594,113.78348541259766,33.703426361083984
2025-03-21,217.73703002929688,389.9020690917969,113.39078521728516,33.50944900512695
2025-03-24,220.19102478027344,391.7157287597656,113.68531036376953,33.08270263671875
2025-03-25,223.2036590576172,393.7885437011719,114.46087646484375,33.25728225708008
2025-03-26,220.9890594482422,388.6165466308594,116.11019897460938,33.38336181640625
2025-03-27,223.30340576171875,389.2243957519531,115.73713684082031,33.37366485595703
2025-03-28,217.36793518066406,377.48529052734375,115.58007049560547,32.840232849121094
2025-03-31,221.58761596679688,374.087158203125,116.75814819335938,32.7723388671875
2025-04-01,222.64501953125,380.863525390625,116.86614227294922,32.79174041748047
2025-04-02,223.3433074951172,380.813720703125,116.50289154052734,32.79174041748047
2025-04-03,202.69386291503906,371.8150329589844,110.3768539428711,30.39612579345703
2025-04-04,187.92002868652344,358.5910949707031,102.43458557128906,27.525272369384766
2025-04-07,181.0169219970703,356.61798095703125,101.06015014648438,26.351715087890625
2025-04-08,171.99899291992188,353.3294372558594,98.92977905273438,25.323638916015625
2025-04-09,198.3644561767578,389.1347351074219,103.86792755126953,27.059730529785156
2025-04-10,189.95504760742188,380.0264587402344,98.1051254272461,25.44002342224121
2025-04-11,197.66615295410156,387.101806640625,101.25650024414062,25.7891845703125
2025-04-14,202.02549743652344,386.4640197753906,101.50193786621094,26.099544525146484
2025-04-15,201.64642333984375,384.3912658691406,101.21723175048828,26.39051055908203
2025-04-16,193.79563903808594,370.32025146484375,102.2873306274414,26.82695770263672
2025-04-17,196.4990234375,366.5035400390625,104.96746826171875,27.467079162597656
2025-04-21,192.68833923339844,357.87359619140625,103.42613983154297,27.23430824279785
2025-04-22,199.25228881835938,365.5469055175781,106.32227325439453,28.00051498413086
2025-04-23,204.10043334960938,373.09063720703125,105.40925598144531,27.7386474609375
2025-04-24,207.8612060546875,385.9557800292969,106.646240234375,28.12660026550293
2025-04-25,208.76898193359375,390.4900207519531,106.58734130859375,28.31087875366211
2025-04-28,209.62689208984375,389.80242919921875,106.646240234375,28.252683639526367
2025-04-29,210.69427490234375,392.67242431640625,106.38117980957031,27.224609375
2025-04-30,211.9811248779297,393.88818359375,103.7010269165039,26.632980346679688
2025-05-01,212.79913330078125,423.9235534667969,103.8482894897461,27.04033088684082
2025-05-02,204.8485870361328,433.769287109375,104.27043914794922,27.273103713989258
2025-05-05,198.40435791015625,434.65618896484375,101.38412475585938,28.301177978515625
2025-05-06,198.0252685546875,431.8061218261719,102.7978286743164,27.54467010498047
2025-05-07,195.7707977294922,431.8459777832031,102.69966125488281,27.282800674438477
2025-05-08,197.00778198242188,436.6492614746094,104.13299560546875,27.72894859313965
2025-05-09,198.0452423095703,437.2073059082031,105.35034942626953,28.873409271240234
2025-05-12,210.55104064941406,447.7007751464844,107.16657257080078,29.28076171875
2025-05-13,212.68861389160156,447.5812072753906,107.4610824584961,29.639616012573242
2025-05-14,212.08929443359375,451.36798095703125,106.49898529052734,29.445640563964844
2025-05-15,211.21029663085938,452.3863220214844,107.57894134521484,29.203170776367188
2025-05-16,211.0205078125,453.5244445800781,107.19253540039062,29.331298828125
2025-05-19,208.54331970214844,458.11688232421875,105.48838806152344,28.976484298706055
2025-05-20,206.62550354003906,457.4180603027344,103.9823989868164,28.77936553955078
2025-05-21,201.86090087890625,451.8272399902344,102.70429992675781,28.463973999023438
2025-05-22,201.13172912597656,454.11346435546875,102.02066040039062,28.52311134338379
2025-05-23,195.04864501953125,449.441162109375,102.0801010131836,28.670949935913086
2025-05-27,199.98304748535156,459.93389892578125,102.56558227539062,28.730085372924805
2025-05-28,200.1927947998047,456.609375,101.16858673095703,28.52311134338379
2025-05-29,199.72332763671875,457.9272155761719,101.74324035644531,28.749797821044922
2025-05-30,200.622314453125,459.60443115234375,101.35684204101562,28.680805206298828
2025-06-02,201.47134399414062,461.2118225097656,102.09992218017578,29.15389060974121
2025-06-03,203.03956604003906,462.2101745605469,102.84300994873047,29.134178161621094
2025-06-04,202.590087890625,463.1086730957031,101.35684204101562,28.503398895263672
2025-06-05,200.40257263183594,466.91241455078125,100.89117431640625,28.63152503967285
2025-06-06,203.68882751464844,469.6080017089844,103.30867004394531,28.86806869506836
2025-06-09,201.2216339111328,471.97412109375,104.0022201538086,29.03561782836914
2025-06-10,202.44024658203125,470.1471252441406,106.23147583007812,29.794527053833008
2025-06-11,198.55465698242188,471.8443298339844,108.30220794677734,30.366172790527344
2025-06-12,198.97418212890625,478.0840759277344,108.71833801269531,30.47458839416504
2025-06-13,196.227294921875,474.18048095703125,111.0863037109375,31.263063430786133
2025-06-16,198.195068359375,478.3536376953125,111.44298553466797,30.711130142211914
2025-06-17,195.418212890625,477.25543212890625,112.94896697998047,31.125080108642578
2025-06-18,196.35714721679688,479.4518127441406,112.14643859863281,30.691417694091797
2025-06-20,200.7721405029297,476.6164855957031,113.64250946044922,30.799833297729492
2025-06-23,201.27157592773438,485.2023620605469,110.70980072021484,29.883230209350586
2025-06-24,200.07293701171875,489.30560302734375,107.34114837646484,29.40028953552246
2025-06-25,201.33151245117188,491.4620666503906,107.3708724975586,29.883230209350586
2025-06-26,200.7721405029297,496.6335754394531,108.97593688964844,29.85366439819336
2025-06-27,200.85205078125,495.1260681152344,108.3715591430664,29.902942657470703
2025-06-30,204.93740844726562,496.5936584472656,106.8061294555664,29.498849868774414
2025-07-01,207.58441162109375,491.242431640625,108.23284912109375,30.060638427734375
2025-07-02,212.1991729736328,490.2840270996094,110.02616882324219,30.84911346435547
2025-07-03,213.30792236328125,498.02130126953125,111.16555786132812,30.48444366455078
2025-07-07,209.7119903564453,496.90313720703125,110.08560943603516,29.814239501953125
2025-07-08,209.7719268798828,495.804931640625,113.13721466064453,30.81954574584961
2025-07-09,210.90065002441406,502.68365478515625,112.75081634521484,30.81954574584961
2025-07-10,212.16920471191406,500.656982421875,113.87039184570312,31.06594467163086
2025-07-11,210.92062377929688,502.49395751953125,114.36578369140625,32.1698112487793
2025-07-14,208.3834991455078,502.1944274902344,112.86970520019531,31.637588500976562
2025-07-15,208.87295532226562,504.9898376464844,111.8690185546875,31.401046752929688
2025-07-16,209.92176818847656,504.7901611328125,111.1952896118164,31.460182189941406
2025-07-17,209.78192138671875,510.8601989746094,110.63054656982422,31.62773323059082
2025-07-18,210.9405975341797,509.212890625,106.77640533447266,31.5291748046875
2025-07-21,212.23912048339844,509.2228698730469,107.05382537841797,31.765716552734375
2025-07-22,214.15695190429688,504.44073486328125,107.539306640625,32.05154037475586
2025-07-23,213.9072265625,505.0397644042969,108.91648864746094,32.238800048828125
2025-07-24,213.51766967773438,510.0415344238281,109.76856231689453,31.667158126831055
2025-07-25,213.63754272460938,512.866943359375,109.38215637207031,31.736148834228516
2025-07-28,213.80735778808594,511.65887451171875,110.4125747680664,32.19937515258789
2025-07-29,211.03050231933594,511.728759765625,111.83928680419922,32.485198974609375
2025-07-30,208.81301879882812,512.3976440429688,110.86833190917969,31.785429000854492
2025-07-31,207.33470153808594,532.6243896484375,110.61072540283203,31.686870574951172
2025-08-01,202.1505889892578,523.2498168945312,108.62916564941406,31.292631149291992
2025-08-04,203.11949157714844,534.7609252929688,106.38009643554688,32.02197265625
2025-08-05,202.68995666503906,526.8838500976562,106.25128936767578,33.1159782409668
2025-08-06,213.0082550048828,524.0784912109375,105.52802276611328,33.39194869995117
2025-08-07,219.7805633544922,519.9852294921875,104.97318267822266,33.697479248046875
2025-08-08,229.0900115966797,521.1832275390625,105.81535339355469,33.64820098876953
2025-08-11,227.17999267578125,520.9136962890625,104.85429382324219,33.460941314697266
2025-08-12,229.64999389648438,528.3713989257812,105.15151977539062,33.5792121887207
2025-08-13,233.3300018310547,519.7256469726562,106.60797119140625,33.81575393676758
2025-08-14,232.77999877929688,521.6224975585938,106.38999938964844,34.14099884033203
2025-08-15,231.58999633789062,519.3162841796875,106.48999786376953,34.33000183105469
2025-08-18,230.88999938964844,516.2512817382812,106.72000122070312,34.04999923706055
2025-08-19,230.55999755859375,508.933349609375,107.41999816894531,33.81999969482422
2025-08-20,226.00999450683594,504.8900146484375,108.52999877929688,33.880001068115234
2025-08-21,224.89999389648438,504.239990234375,109.2300033569336,34.04999923706055
2025-08-22,227.75999450683594,507.2300109863281,111.27999877929688,34.7400016784668
2025-08-25,227.16000366210938,504.260009765625,111.73999786376953,34.970001220703125
2025-08-26,229.30999755859375,502.0400085449219,111.48999786376953,34.66999816894531
2025-08-27,230.49000549316406,506.739990234375,112.75,34.88999938964844
2025-08-28,232.55999755859375,509.6400146484375,113.3499984741211,35.349998474121094
2025-08-29,232.13999938964844,506.69000244140625,114.29000091552734,35.22999954223633
2025-09-02,229.72000122070312,505.1199951171875,114.69000244140625,35.22999954223633
2025-09-03,238.47000122070312,505.3500061035156,111.91000366210938,34.459999084472656
2025-09-04,239.77999877929688,507.9700012207031,112.4000015258789,34.29999923706055
2025-09-05,239.69000244140625,495.0,109.2300033569336,33.93000030517578
2025-09-08,237.8800048828125,498.20001220703125,109.8499984741211,33.90999984741211
2025-09-09,234.35000610351562,498.4100036621094,110.6500015258789,34.09000015258789
2025-09-10,226.7899932861328,500.3699951171875,112.5,34.7599983215332
2025-09-11,230.02999877929688,501.010009765625,112.13999938964844,34.470001220703125
2025-09-12,234.07000732421875,509.8999938964844,112.16000366210938,33.88999938964844
2025-09-15,236.6999969482422,515.3599853515625,112.3499984741211,34.209999084472656
2025-09-16,238.14999389648438,509.0400085449219,114.68000030517578,34.43000030517578
2025-09-17,238.99000549316406,510.0199890136719,115.29000091552734,34.29999923706055
2025-09-18,237.8800048828125,508.45001220703125,113.93000030517578,34.560001373291016
2025-09-19,245.5,517.9299926757812,112.81999969482422,34.119998931884766
2025-09-22,256.0799865722656,514.4500122070312,112.0199966430664,34.369998931884766
2025-09-23,254.42999267578125,509.2300109863281,113.94999694824219,34.7400016784668
2025-09-24,252.30999755859375,510.1499938964844,114.55999755859375,35.209999084472656
2025-09-25,256.8699951171875,507.0299987792969,115.58999633789062,35.2599983215332
2025-09-26,255.4600067138672,511.4599914550781,117.22000122070312,35.689998626708984
2025-09-29,254.42999267578125,514.5999755859375,114.22000122070312,34.75
2025-09-30,254.6300048828125,517.9500122070312,112.75,34.459999084472656
2025-10-01,255.4499969482422,519.7100219726562,111.98999786376953,34.459999084472656
2025-10-02,257.1300048828125,515.739990234375,111.29000091552734,33.86000061035156
2025-10-03,258.0199890136719,517.3499755859375,113.26000213623047,34.15999984741211
2025-10-06,256.69000244140625,528.5700073242188,114.19999694824219,34.83000183105469
2025-10-07,256.4800109863281,523.97998046875,114.26000213623047,34.970001220703125
2025-10-08,258.05999755859375,524.8499755859375,114.0199966430664,34.52000045776367
2025-10-09,254.0399932861328,522.4000244140625,112.91000366210938,34.290000915527344
2025-10-10,245.27000427246094,510.9599914550781,110.7300033569336,33.4900016784668
2025-10-13,247.66000366210938,514.0499877929688,112.23999786376953,33.70000076293945
2025-10-14,247.77000427246094,513.5700073242188,112.29000091552734,33.11000061035156
2025-10-15,249.33999633789062,513.4299926757812,111.61000061035156,33.34000015258789
2025-10-16,247.4499969482422,511.6099853515625,110.63999938964844,32.779998779296875
2025-10-17,252.2899932861328,513.5800170898438,112.23999786376953,33.130001068115234
2025-10-20,262.239990234375,516.7899780273438,112.69999694824219,33.220001220703125
2025-10-21,262.7699890136719,517.6599731445312,112.70999908447266,33.15999984741211
2025-10-22,258.45001220703125,520.5399780273438,114.70999908447266,34.31999969482422
2025-10-23,259.5799865722656,520.5599975585938,115.9800033569336,35.0
2025-10-24,262.82000732421875,523.6099853515625,115.38999938964844,34.540000915527344
2025-10-27,268.80999755859375,531.52001953125,115.94000244140625,34.77000045776367
2025-10-28,269.0,542.0700073242188,115.02999877929688,34.459999084472656
2025-10-29,269.70001220703125,541.5499877929688,116.44999694824219,35.20000076293945
