Price,Close,High,Low,Open,Volume
Ticker,MSFT,MSFT,MSFT,MSFT,MSFT
Date,,,,,
2000-01-03,35.66806411743164,36.29918804015295,34.27194150050268,35.916688693049124,53228400
2000-01-04,34.46320724487305,35.84020553656609,34.34845738723196,34.750081888975764,54119000
2000-01-05,34.826595306396484,35.61071963784199,33.468721464137204,34.0042210075634,64059600
2000-01-06,33.65996551513672,34.845714300329035,33.1627160245722,34.32933982935818,54976600
2000-01-07,34.09983444213867,34.34845914642796,32.8375859434392,33.23921046575267,62013600
2000-01-10,34.34844970703125,34.78832406296762,34.08070009906998,34.71182417497869,44963600
2000-01-11,33.46872329711914,34.960472106933594,33.25834846496582,34.11897277832031,46743600
2000-01-12,32.37858200073242,33.3157057562173,31.957832559494317,33.2009559086069,66532400
2000-01-13,32.9905891418457,33.23921387161034,31.05896624136662,31.938715285149172,83144000
2000-01-14,34.34844970703125,34.864823950956556,32.35945261931897,32.79932697525534,73416400
2000-01-18,35.28556442260742,35.6489387987752,34.19544129410411,34.21456626127083,81483600
2000-01-19,32.74197006225586,34.118968803191855,32.43597034204786,33.812969082983855,97568200
2000-01-20,32.43595504760742,33.56432848381546,32.397705100617316,32.7610795970233,56349800
2000-01-21,31.74745750427246,32.818456070681655,31.59445770907115,32.741956173081,68416200
2000-01-24,30.98246192932129,32.34033526079154,30.84858709382422,31.761804721679216,63597600
2000-01-25,31.460594177246094,31.78571885871308,30.46609515158239,30.90596972062595,59823200
2000-01-26,30.408700942993164,31.670948906664577,30.332201066407016,31.345824431173455,49365000
2000-01-27,30.217470169067383,30.963344432734235,29.758470622195475,30.56650107450123,63654800
2000-01-28,30.0644588470459,30.67645800932673,29.75845926590548,30.026208899403343,58225400
2000-01-31,29.949708938598633,30.04533380749582,29.031710197185646,29.873209043480884,73194200
2000-02-01,31.49884796142578,31.594472879341463,29.892349340442316,30.14097412702309,70196600
2000-02-02,30.84859848022461,31.804847658160895,30.75297356243098,31.345848052751478,49915600
2000-02-03,31.709217071533203,31.88134189279002,30.638218183713025,31.231092568042055,49186000
2000-02-04,32.60810852050781,33.04798329820382,31.86701514504173,31.93873385879651,55365400
2000-02-07,32.627201080322266,32.70370096562196,31.90045216997511,32.68457599429704,40005800
2000-02-08,33.64082717895508,33.65995215176858,32.569828701398805,32.569828701398805,56229000
2000-02-09,31.823970794677734,33.487844267716774,31.78572082978029,33.487844267716774,55090000
2000-02-10,32.43595504760742,32.608079809062886,31.364956531884534,31.79048719214943,54527800
2000-02-11,30.580839157104492,32.09171238625475,30.332214448510147,32.09171238625475,115559000
2000-02-14,30.485219955444336,31.13546931459434,30.313095125081098,30.977688220094706,81028600
2000-02-15,30.16009521484375,30.59996978043754,30.026220347054338,30.52346985598645,71027600
2000-02-16,29.873212814331055,30.65733683826676,29.720213004782625,30.370462195363455,65202600
2000-02-17,30.485219955444336,30.504344936595803,29.725001954673374,30.14097029471786,80343400
2000-02-18,29.089094161987305,30.619092540001105,29.03171922281179,30.599967560275932,79063000
2000-02-22,28.706592559814453,29.7202164143582,28.400592905612566,29.108217105954427,66296200
2000-02-23,28.84046173095703,29.299461121900645,28.171087619164265,28.610962035485226,75847200
2000-02-24,28.99346351623535,29.33771308305081,28.151964575130897,28.840463708761813,69733200
2000-02-25,27.941600799560547,28.979131150947378,27.69297601489642,28.974349905088452,65301400
2000-02-28,28.018096923828125,28.19022175134652,26.966222977882357,27.616472326285194,76131800
2000-02-29,27.348724365234375,28.075473684030815,27.195724508645654,28.075473684030815,58437400
2000-03-01,27.788593292236328,28.79265464656696,27.21484394690454,27.42521870685953,106889800
2000-03-02,28.572738647460938,29.184738404300795,27.884238921016095,28.094613837429797,106932600
2000-03-03,29.414199829101562,30.255698393783273,28.72570100345289,28.99345054676071,101435200
2000-03-06,27.731225967407227,29.79672417739342,27.57822610000084,29.37597454202586,93609400
2000-03-07,28.419719696044922,29.83496818696506,28.13284500193949,29.414218635610425,135061000
2000-03-08,29.242084503173828,29.433334238315577,27.84596143663904,28.70658524477692,94290000
2000-03-09,30.59994888305664,30.599948883056637,29.069951438903807,29.165576279163357,88198800
2000-03-10,30.905942916870117,31.36494206910086,30.44694376463937,30.46606872931565,85589000
2000-03-13,29.987964630126953,30.676463818063542,29.83496481058549,29.873214765470856,61831800
2000-03-14,29.108213424682617,30.37046183863075,29.10821342468262,30.17921207894164,73489200
2000-03-15,29.184717178344727,29.567216748178865,28.66834275906864,28.936092457952537,53208000
2000-03-16,29.184717178344727,29.58634172667057,28.53446790962669,29.35684198477009,77300800
2000-03-17,30.408700942993164,30.446950881286234,28.916953349563308,29.146452979321747,81161600
2000-03-20,29.796707153320312,30.523456108279344,29.528957538335405,30.217456548296592,47773000
2000-03-21,31.441452026367188,31.556201851280935,29.528954944471373,29.605454827747206,81648800
2000-03-22,31.594463348388672,32.321212505312864,30.944214102719656,31.460588503692108,93975800
2000-03-23,34.233699798583984,34.53969934985624,32.62720215440463,32.684577070268176,148224000
2000-03-24,34.176334381103516,35.18995817640205,33.52608515393087,34.46320904015027,112196800
2000-03-27,31.84308433532715,33.12445769897094,31.804834384173603,32.97623913825095,111434000
2000-03-28,31.919588088989258,32.87583698320703,31.32671377457424,31.70921333226135,81114400
2000-03-29,32.79933166503906,33.3348309575295,32.16820749888962,32.187332473621424,64363800
2000-03-30,31.632705688476562,33.239203438072714,31.364956063543872,32.49332948290307,64178400
2000-03-31,32.51247024536133,33.12446968527401,31.8622208404541,32.43597031537224,64281400
2000-04-03,27.8077335357666,29.528982516659994,27.539983694294293,28.897857890332414,260118200
2000-04-04,27.100093841552734,28.151967632156406,25.990845116916137,28.018092786079574,181244400
2000-04-05,26.430713653564453,27.0809627593685,26.277713863963502,27.004462864568023,82887600
2000-04-06,26.31597137451172,26.92797070880269,26.091252868951752,26.889720750409502,66421400
2000-04-07,27.25309181213379,27.348716695685134,26.00996832596628,26.6219675806949,82613600
2000-04-10,26.335105895996094,27.119230327176805,26.315980909869737,27.119230327176805,60685400
2000-04-11,25.665714263916016,26.3350883319019,25.550964423689862,26.04821373133652,71961800
2000-04-12,24.288715362548828,25.16846410796398,24.097465635284664,25.130214162511148,153003800
2000-04-13,24.250463485717773,25.16846210347365,24.173963600904784,24.747712737002207,94316200
2000-04-14,22.68222999572754,24.326978545164778,22.41448023186566,24.21222864636683,151217800
2000-04-17,23.217723846435547,23.255973803348947,22.33797483742728,22.72047440656131,119772200
2000-04-18,24.6520938873291,25.072843356313772,23.217720697608634,23.408970456238027,91794600
2000-04-19,24.07834243774414,24.93896627388273,23.906217670516423,24.919841299746317,53715400
2000-04-20,24.15485382080078,24.44172856926635,23.714979206486912,24.059228904645593,52387400
2000-04-24,20.387226104736328,20.807975611588297,19.889976687547637,20.578475880578132,313645800
2000-04-25,21.228727340698242,21.26697729987067,20.693227912284232,21.037477544836097,159517400
2000-04-26,20.80797004699707,21.764218670480393,20.616720322300406,21.419969166026394,107091200
2000-04-27,21.362607955932617,21.40085792541504,20.61673355102539,20.6358585357666,77669800
2000-04-28,21.34347152709961,21.725971016832577,20.884472139420048,21.649471118885984,78082600
2000-05-01,22.471851348876953,22.643976167719416,21.936351912478184,22.29972653003449,107811000
2000-05-02,21.3817195892334,22.490968011572875,21.266969752439657,22.280593310784354,97716200
2000-05-03,21.592105865478516,21.6686057976857,21.056606340028207,21.534730916323124,55354800
2000-05-04,21.553850173950195,21.8024748875805,21.209600570462083,21.515600218007073,43317200
2000-05-05,21.764219284057617,21.974593987154833,21.381719823880857,21.496469661933883,36402200
2000-05-08,21.362607955932617,21.84073257446289,21.324357986450195,21.706857681274414,36187600
2000-05-09,20.7506046295166,21.553853840981763,20.654979723389797,21.477353916080318,60778400
2000-05-10,20.253353118896484,20.769727561021323,20.119478263530784,20.73147760234541,67740000
2000-05-11,20.769731521606445,20.846231453546064,20.119482100119686,20.387231861908354,58390800
2000-05-12,21.056604385375977,21.34347910452279,20.88447955388789,20.94185449771725,37886000
2000-05-15,21.228727340698242,21.24785232028446,20.80797778980152,21.113977463180955,33899600
2000-05-16,21.266965866088867,21.61121531356153,21.13309108096061,21.286090835392905,48410600
2000-05-17,20.71234703063965,21.152221436645846,20.578472211420372,21.075721539949118,53242000
2000-05-18,20.253353118896484,20.827102499035195,20.1577282222067,20.827102499035195,53640400
2000-05-19,19.909095764160156,20.176845370978835,19.73697101691958,20.004720623738255,66578000
2000-05-22,19.641359329223633,19.96648406982422,19.105859756469727,19.928234100341797,69955000
2000-05-23,19.335351943969727,20.062101077373136,19.29710198958007,19.54572669311282,57963200
2000-05-24,20.062097549438477,20.36809713074545,19.277973622339356,19.316223570002727,85482400
2000-05-25,18.8189754486084,19.813474151177136,18.704225598312007,19.75609922602894,94348800
2000-05-26,18.799854278564453,19.163228878048407,18.47472963692092,18.991104067766535,55822000
2000-05-30,19.392724990844727,19.62222469487839,18.971975533449672,19.105850360802645,68536400
2000-05-31,19.144100189208984,19.493130986864394,18.991100387497024,19.4740060116504,54968200
2000-06-01,19.756107330322266,20.195981936902527,19.526607535584734,19.698732381637882,94507200
2000-06-02,20.29159927368164,20.42547410395098,19.889974782873615,20.195974394917823,80463200
2000-06-05,20.463729858398438,20.922729406624196,20.19598012193341,20.20076136722743,64400000
2000-06-06,21.305225372314453,21.381725283884702,20.750601013430146,20.865350880785517,99019000
2000-06-07,21.57297706604004,21.649476984713942,20.54022816394238,21.190477472670537,76310600
2000-06-08,21.056604385375977,22.070228393028046,20.88447955388789,21.89810356153996,94765600
2000-06-09,21.056604385375977,21.324354123246334,20.903604535164344,21.305229141969882,35710200
2000-06-12,20.463729858398438,21.113979218384927,20.31073000898985,21.113979218384927,49260600
2000-06-13,20.769731521606445,20.807981487576257,20.234231998029117,20.425481827878162,44289200
2000-06-14,21.57297706604004,21.725976903387842,21.266977391344437,21.362602289686812,79992400
2000-06-15,22.14672088623047,22.242345760523346,21.611221590190354,21.66859651476608,65592600
2000-06-16,22.204099655151367,22.376224458679673,21.87897502626457,22.22322463332118,68710600
2000-06-19,22.548364639282227,22.586614621706794,22.031989876550572,22.204114797461123,46604800
2000-06-20,22.930849075317383,23.026473967207778,22.56747448613387,22.60572444289003,62275000
2000-06-21,24.690349578857422,25.149349106272275,23.54285076032028,23.561975740629236,160399600
2000-06-22,24.441720962524414,25.091970190009416,24.26959616701368,24.90072041721971,87315200
2000-06-23,23.7723388671875,24.49908776256411,23.561964186946902,24.46083782070218,49811600
2000-06-26,24.32696533203125,24.518215059484326,23.714966204181408,23.714966204181408,48287000
2000-06-27,24.116594314575195,24.51821880355702,23.98271948491459,24.250469144235804,31071200
2000-06-28,24.15485382080078,24.499103518959465,24.059228904645593,24.173978804031822,37459200
2000-06-29,23.61935043334961,24.15484987637292,23.58110047313366,23.94447509518519,38449000
2000-06-30,24.47996711730957,24.47996711730957,23.466343478858473,23.58109332472086,52356400
2000-07-03,24.47996711730957,24.499092091619968,24.28871737420559,24.38434224575758,15734800
2000-07-05,24.020977020263672,24.441726617752366,23.944477093447546,24.441726617752366,34824400
2000-07-06,24.766845703125,24.996345431648166,24.02097158542471,24.135721449686294,47873200
2000-07-07,25.09196662902832,25.359716272935636,24.652092214037733,24.867248177891824,54153200
2000-07-10,24.307851791381836,24.881601243578103,24.28872680964196,24.690351426179348,52689800
2000-07-11,24.21222496032715,24.632974525198556,24.020975158112876,24.116600059220012,37164800
2000-07-12,24.575597763061523,24.785972529904853,23.61934882286458,23.94447346253154,58370200
2000-07-13,24.460844039916992,24.479969015710516,23.676720032382512,24.116594475633562,80843200
2000-07-14,24.15485382080078,24.403478602804274,24.00185395495248,24.326978669880123,51180600
2000-07-17,23.92534637451172,24.34609587110585,23.714971626214655,23.944471351629634,53992800
2000-07-18,24.020977020263672,24.326976727528177,23.695852331295136,23.75322727640723,70617200
2000-07-19,22.3762264251709,23.714975014711037,22.28060152591803,23.27510047814785,139924600
2000-07-20,22.892608642578125,23.026483546920687,22.37623401154253,22.471858943215786,54690600
2000-07-21,22.127607345581055,22.949981689453125,21.993732452392578,22.87348175048828,56100600
2000-07-24,21.592105865478516,22.070230441773433,21.419981018012344,22.051105458721636,56165600
2000-07-25,21.11397933959961,21.725978740747426,20.92272952674092,21.66860379688982,64188600
2000-07-26,20.7506046295166,21.26697912260135,20.578479798488353,21.13310425402382,85404600
2000-07-27,21.228727340698242,21.458227095732816,20.654977953111803,20.76972783062909,74337600
2000-07-28,21.324350357055664,21.974599605611623,21.305225379156962,21.706849915029757,75645600
2000-07-31,21.362607955932617,21.764232635498047,21.19048309326172,21.477357864379883,70283800
2000-08-01,21.018356323242188,21.439105949367143,20.865356459196747,21.400855983355783,47163600
2000-08-02,21.228727340698242,21.55385199366389,20.96097762649124,20.980102606077452,48269200
2000-08-03,21.496469497680664,21.534719443406075,20.846220420348686,20.865345393211392,54543400
2000-08-04,21.152225494384766,21.381725228501058,20.8653508267394,21.247850383599886,38107400
2000-08-07,21.41996955871582,21.764219069480895,21.343469667434693,21.477344477176665,52741800
2000-08-08,22.68222999572754,22.854354843924458,21.41998110895012,21.43910609208311,138038800
2000-08-09,22.720481872558594,22.911731719970703,22.376232147216797,22.567481994628906,63945600
2000-08-10,22.223228454589844,22.663103028131637,21.955478714173097,22.586603102298284,48986000
2000-08-11,22.165855407714844,22.24235534009695,21.917230627473003,22.165855407714844,35629600
2000-08-14,22.08934211730957,22.452716576382198,21.840717487417773,22.127592060369846,53427000
2000-08-15,21.917219161987305,22.33796856998357,21.878969215805824,22.03196900053174,40714200
2000-08-16,21.725971221923828,22.108470715267558,21.592096399253524,21.99372086726444,44976200
2000-08-17,21.89810562133789,22.03198050286572,21.59210589213142,21.76423073981006,36112800
2000-08-18,21.725971221923828,21.859846044594132,21.419971627248845,21.7642211712582,54438800
2000-08-21,21.611221313476562,21.66859623731765,21.439096541953298,21.63034628809026,34119600
2000-08-22,21.802474975585938,22.16584955851237,21.486912837781404,21.66860012924462,54428200
2000-08-23,21.649473190307617,21.764223048206777,21.53472333240846,21.668598166624143,36726800
2000-08-24,21.764219284057617,21.783344257066453,21.400844796889693,21.611219499986912,42405400
2000-08-25,21.611221313476562,21.936345881909396,21.592096338862866,21.63034628809026,52729400
2000-08-28,21.82159423828125,22.07021888779716,21.45821975052722,21.477344723566908,56421600
2000-08-29,21.706844329833984,22.261468546190976,21.687719356856157,21.783344221745292,59400200
2000-08-30,21.41996955871582,21.70684415102005,21.32434469461441,21.630344259738923,53498800
2000-08-31,21.362607955932617,22.031982421875,21.324357986450195,21.687732696533203,72575400
2000-09-01,21.47735595703125,21.61123083833064,21.324356092689086,21.419981007902937,37629800
2000-09-05,21.458223342895508,21.630348129068466,21.362598461688307,21.419973390412625,50755200
2000-09-06,21.247859954833984,21.63035968399391,21.20960998191799,21.439109819413947,62960800
2000-09-07,21.43910026550293,22.051099559433432,21.247850486149648,21.419975287567603,111711200
2000-09-08,21.209592819213867,21.68771709376783,21.17134287724955,21.534717325910563,56709600
2000-09-11,21.056604385375977,21.324354123246334,20.827104610058527,21.15222929175825,48495200
2000-09-12,20.846221923828125,21.209596434426963,20.693222129891772,21.037471666248567,46781200
2000-09-13,20.884479522705078,21.037479372688267,20.559354841490805,20.674104728978197,40744800
2000-09-14,20.138601303100586,21.037475245404224,20.100351348108944,21.0183502679084,78503000
2000-09-15,19.641359329223633,20.081233978271484,19.37360954284668,20.02385902404785,99915200
2000-09-18,19.277982711791992,19.77523226586599,19.02935793475499,19.66048236877199,69037800
2000-09-19,19.889982223510742,20.119482018397402,19.39273266792297,19.46923259955186,79311200
2000-09-20,19.660478591918945,19.88997834201917,19.335353945943634,19.85172838366913,67791400
2000-09-21,19.641359329223633,19.928234100341797,19.450109481811523,19.583984375,48952200
2000-09-22,19.354476928710938,19.43097683752007,18.66597774942873,18.704227703833297,84476600
2000-09-25,18.742481231689453,19.430980542241308,18.493856480656838,19.354480618846658,53484200
2000-09-26,19.182348251342773,20.157721891241557,18.49384921141422,18.646848998065007,155704800
2000-09-27,18.551227569580078,19.4501014827453,18.302602870193954,19.411851528993587,106155600
2000-09-28,18.761606216430664,18.93373104410434,18.55123142705173,18.608606369609618,52360400
2000-09-29,18.455608367919922,18.761608092154862,17.93923383327346,18.665983178331444,74053600
2000-10-02,18.09222412109375,18.608598382478032,17.824474504079678,18.512973519258722,58562400
2000-10-03,17.30810546875,18.30260434651243,17.288980490331493,18.226104432838397,85374000
2000-10-04,16.96384620666504,17.308095622358355,16.676971693587276,17.2507207197428,136453400
2000-10-05,16.944730758666992,17.518480107154588,16.90648080210115,16.98298071523283,81099400
2000-10-06,17.002103805541992,17.365478352567074,16.7534791154722,17.07860371017885,61794000
2000-10-09,16.58135414123535,17.05947853977155,16.217979598347842,17.021228587888654,58323600
2000-10-10,16.696107864379883,17.00210755032499,16.466608099921054,16.50485806066419,62066200
2000-10-11,17.059486389160156,17.422861099243164,16.52398681640625,16.52398681640625,101205800
2000-10-12,16.638723373413086,17.403722149202196,16.46659864886054,17.231597424649646,90219600
2000-10-13,16.44748306274414,16.791732708243437,15.950233574800713,16.485733023355174,104521200
2000-10-16,15.41473388671875,16.466607787177225,15.166109146610383,16.370982887135547,119759000
2000-10-17,15.433856010437012,16.04585525744319,15.376481081030184,15.873730469222702,81276600
2000-10-18,15.835478782653809,16.29447816765827,14.821855140768964,15.185229653897494,110536400
2000-10-19,18.93372917175293,19.029354066559762,17.7479804761482,17.881855328877766,256993200
2000-10-20,19.947349548339844,20.234224182304462,18.70422613449316,18.761601061286086,160378600
2000-10-23,19.010225296020508,20.272473655716034,18.570350867641764,19.775224301896586,185170400
2000-10-24,18.8189754486084,19.25884987474457,18.417350972571025,19.163224999497576,94427400
2000-10-25,18.742481231689453,19.411855561392645,18.493856480656838,18.95285602102474,167603800
2000-10-26,19.71786117553711,19.909111041449208,18.608611953246953,18.665986913020582,114826600
2000-10-27,20.71234703063965,21.17134641082003,19.775223296104706,19.79434827027889,124292400
2000-10-30,21.133100509643555,21.45822513286884,20.616726108050454,20.654976063724014,110057600
2000-10-31,21.075721740722656,21.266971484286383,20.80797209973344,21.113971689435402,104474000
2000-11-01,21.305225372314453,21.439100217562387,20.94185079235577,20.96097577024833,81309400
2000-11-02,21.515609741210938,21.67817212592231,21.305234890407988,21.53473472764757,77985200
2000-11-03,20.884479522705078,21.305229110158844,20.827104578961382,21.190479222671453,68711000
2000-11-06,21.266965866088867,21.458215559129236,20.884466480008133,21.018341265136392,74851400
2000-11-07,21.57297706604004,21.993726618746496,21.266977391344437,21.343477310018336,104331200
2000-11-08,21.247859954833984,22.14673431835981,20.807985266300065,21.764234589199884,206149400
2000-11-09,21.687728881835938,21.8216037514769,20.941854608122004,20.960979589499285,91058600
2000-11-10,20.61672019958496,21.515593900308982,20.44459544838249,21.400844066174,93744400
2000-11-13,20.32984733581543,20.846221633150346,19.708285681615994,20.4063472317169,83364800
2000-11-14,21.056604385375977,21.362604085799244,20.59760483474108,20.807979628782075,84218600
2000-11-15,21.43910026550293,21.687724978662196,21.01835075092571,21.13310061853768,60422200
2000-11-16,21.0948543548584,21.878978587450597,21.0948543548584,21.24785420512029,92128600
2000-11-17,21.133100509643555,21.419975177195276,20.745819708448728,21.247850376664243,106525600
2000-11-20,20.55935287475586,20.96097744254179,20.062103409878045,20.846227566031523,80157200
2000-11-21,20.731483459472656,21.19048309326172,20.61673355102539,20.61673355102539,59487600
2000-11-22,20.884479522705078,21.266979147663047,20.195980197780734,20.215105179028633,76343200
2000-11-24,21.40084457397461,21.55384435645164,20.96097019935315,21.113969981830177,34439200
2000-11-27,21.630348205566406,22.10847261329334,21.61122322925733,21.859847921275335,85307600
2000-11-28,20.501976013183594,21.343475028650083,20.44460108031088,21.228725162904652,127446200
2000-11-29,19.909095764160156,20.54021983737561,19.354471578607185,20.44459497779751,98280400
2000-11-30,17.556734085083008,18.991107784844694,17.441984189102076,18.971982802181202,197200800
2000-12-01,17.32723045349121,18.55122907272238,17.155105647661827,17.76710495727741,109809800
2000-12-04,17.269855499267578,18.053979613852263,16.88735593117749,17.51848021852614,80407200
2000-12-05,18.32172966003418,18.512979447717207,17.824480212058305,18.11135489358285,101734400
2000-12-06,17.346355438232422,18.379104273584737,17.155105653907917,18.359979295152286,90560800
2000-12-07,16.256235122680664,16.523984877642462,15.988485367718864,16.35186003516702,145308400
2000-12-08,16.657859802246094,17.097734400927678,16.35186008142412,16.715234749900212,120939800
2000-12-11,17.767101287841797,17.97747600707351,16.8299775385369,16.982977334341783,95576200
2000-12-12,17.862728118896484,18.359977509786535,17.36547872800643,17.690603329742235,63106000
2000-12-13,17.518470764160156,18.51296910448366,17.384595987578145,18.51296910448366,98360400
2000-12-14,16.98297691345215,17.972694318036776,16.94472696544888,17.728850899515926,71201400
2000-12-15,15.051368713378906,15.911993353915186,14.61149389710481,15.620337225733447,116899800
2000-12-18,14.630606651306152,15.299980811823428,14.381981963114022,14.993981195586958,107187400
2000-12-19,13.712605476379395,14.68797908766998,13.616980612527378,14.515854332736348,120271800
2000-12-20,12.698981285095215,13.463980157691312,12.660731341465409,13.100605693208166,149037800
2000-12-21,13.291865348815918,13.808239973877832,12.33561604314571,12.469490945939539,163173000
2000-12-22,14.209859848022461,14.42023462369978,13.693485398632681,13.693485398632681,109551800
2000-12-26,14.343728065490723,14.860102275848389,14.037728533426922,14.343728065490723,66941600
2000-12-27,14.209859848022461,14.324609725664635,13.769985317060797,14.114234949987317,69003800
2000-12-28,13.636109352111816,14.15248375955504,13.425734593523835,13.80823415459289,77619200
2000-12-29,13.27273178100586,14.018605757171894,13.157981938518777,13.444856544736481,99977600
2001-01-02,13.27273178100586,13.769981098449882,13.119731991023082,13.502231465980023,82413200
2001-01-03,14.66886043548584,14.955735150651796,13.196236897633938,13.215361878645,135962200
2001-01-04,14.821860313415527,15.452984688051284,14.343735787176316,14.630610502919842,112397000
2001-01-05,15.03222942352295,15.26172910937826,14.554105077991048,14.840979685310188,93414600
2001-01-08,14.974854469299316,15.223479128431999,14.286355413239576,14.974854469299316,79817600
2001-01-09,15.854608535766602,16.103233277582003,15.223484191158281,15.299984111716865,114965400
2001-01-10,16.179733276367188,16.466607979848877,15.529483948475363,15.605983869403813,90230200
2001-01-11,16.82998275756836,17.05948252244429,16.00760860009627,16.217983384565873,101854800
2001-01-12,16.37098503112793,16.82998461143993,16.064985310919933,16.79173464641393,73712000
2001-01-16,16.084108352661133,16.3709830557407,15.644233807939129,16.33273309533009,68462400
2001-01-17,16.1988525390625,16.79172671699749,16.084102698171858,16.409227247362015,72844200
2001-01-18,16.98297691345215,17.193351627470136,16.103228109376925,16.428352667404724,109788800
2001-01-19,18.66596794128418,18.799842711354867,18.015719058083707,18.3599684668369,209348800
2001-01-22,18.398229598999023,18.665979302102958,18.053979980722534,18.589479386930407,76673000
2001-01-23,18.532094955444336,18.646844769409938,18.034845761593406,18.283470358518873,70295200
2001-01-24,19.258853912353516,19.41185374482504,18.589479645290584,18.665979561526346,110455000
2001-01-25,18.914609909057617,19.583984375,18.838109970092773,19.20148468017578,85657400
2001-01-26,19.583984375,19.679609298706055,18.665985107421875,18.665985107421875,93080000
2001-01-29,19.73698616027832,19.775236133457156,19.43098637484765,19.450111361437067,84983800
2001-01-30,19.392724990844727,19.813474448239777,19.239725188155614,19.736974546895222,57276800
2001-01-31,18.685108184814453,19.507482444739757,18.66598320202549,19.27798265127223,81898800
2001-02-01,19.08672332763672,19.163223220733457,18.474724182862793,18.608598995782092,71792800
2001-02-02,18.608600616455078,19.392724588988127,18.589475641515246,19.1249749398305,71100000
2001-02-05,18.952857971191406,18.991107936824488,18.43648343514482,18.58948329767714,51399200
2001-02-06,19.144100189208984,19.526599693488887,18.876350536213057,18.991100387497024,96442000
2001-02-07,19.794355392456055,19.909105278789134,18.914606263902453,18.971981207068993,126061800
2001-02-08,19.048477172851562,19.736976347773908,18.97197726452686,19.507476622799793,88041200
2001-02-09,18.09222412109375,18.83809805420438,17.900974394655126,18.761598163628932,100575200
2001-02-12,17.97748565673828,18.1878604888916,17.499361038208008,17.996610641479492,71289400
2001-02-13,17.805355072021484,18.685104087395263,17.786230093426404,18.245229579708376,76070600
2001-02-14,17.862728118896484,18.053977884623425,17.250728868570263,17.63322840002415,61728400
2001-02-15,17.996612548828125,18.4173622577274,17.70973774730589,18.053987509132572,65627800
2001-02-16,17.537612915039062,17.82448771735704,17.17423816543629,17.441987980933067,66958400
2001-02-20,17.09772491455078,17.82447384827889,16.944725139029075,17.5567242411159,60730800
2001-02-21,17.212480545043945,17.767104918162026,16.88735591252645,16.90648089090983,63947200
2001-02-22,16.88735580444336,17.384605239228783,16.485731260962826,17.231605413140958,100816400
2001-02-23,17.36548614501953,17.594985961914062,16.619611740112305,16.657861709594727,92620600
2001-02-26,18.22610855102539,18.340858447464164,17.55673415513254,17.633234086091722,87936800
2001-02-27,18.16872787475586,18.72335219935367,17.953571886765328,18.16872787475586,99148600
2001-02-28,18.053977966308594,18.383883813680228,17.805353269738664,18.22610275624162,84608400
2001-03-01,18.1639461517334,18.2069773481971,17.21247858548045,17.92010270510576,81781600
2001-03-02,17.346355438232422,17.786229942178778,17.26985552450262,17.594980157854273,79800800
2001-03-05,17.575851440429688,17.9392259533439,17.308101799335002,17.51847651733797,49383600
2001-03-06,18.18785858154297,18.35998342616325,17.862733875037996,17.939233805980344,66781800
2001-03-07,18.570358276367188,18.704233155805465,18.149608655275447,18.321733500267523,59743600
2001-03-08,18.130477905273438,18.541664904179957,17.881853208260196,18.455602509059986,54626000
2001-03-09,17.346355438232422,17.80535492061123,16.791731063691362,17.728855006881428,103794400
2001-03-12,15.892862319946289,16.829986572265625,15.797237396240234,16.73436164855957,114376000
2001-03-13,16.58135414123535,16.753478924708382,15.911979983284674,15.969354911109019,91035600
2001-03-14,16.52398109436035,16.906480656729805,15.969356728924645,16.064981619517006,90686200
2001-03-15,16.428348541259766,17.159878613091184,16.370973633665145,16.925597740413146,71638400
2001-03-16,16.696107864379883,16.868232687724007,16.060202267025208,16.0649835121181,112848800
2001-03-19,16.619606018066406,16.98298060304139,16.256231433091422,16.67698095253614,61036400
2001-03-20,16.12236213684082,17.174236297607422,16.10323715209961,16.69611167907715,91822800
2001-03-21,15.31910228729248,16.294475841165035,15.22347742906968,15.988476294852076,124988600
2001-03-22,16.52398109436035,16.543106072478825,15.452982319725884,15.472107297844357,126363200
2001-03-23,17.30810546875,17.44198031767956,16.63873122410221,16.810856029868784,99519600
2001-03-26,17.155099868774414,17.594974224384014,17.002100092910204,17.48022439248586,63118600
2001-03-27,17.82447624206543,17.920101114608702,17.097727210736583,17.155102134262545,95135600
2001-03-28,17.002103805541992,17.728852899592155,16.944728877064346,17.55672811415922,78681600
2001-03-29,16.944730758666992,17.499355128871667,16.696106040989033,16.944730758666992,86985000
2001-03-30,16.73436164855957,17.193361282348633,16.485736846923828,17.059486389160156,91201600
2001-04-02,17.07860565185547,17.422855261859276,16.715231063518118,16.772605998518753,75924000
2001-04-03,16.33272933959961,16.925603589631915,16.141479581524674,16.925603589631915,94187600
2001-04-04,15.892862319946289,16.829986572265625,15.625112533569336,16.33273696899414,104046600
2001-04-05,17.36548614501953,17.55673599243164,16.370986938476562,16.447486877441406,113364000
2001-04-06,17.193359375,17.49935909691324,16.84910968784761,17.250734322858733,92622000
2001-04-09,17.487886428833008,17.570505335290488,17.031946281219913,17.310406010999483,56295600
2001-04-10,18.262062072753906,18.38752190226081,17.6806621795485,17.732682735210307,109199400
2001-04-11,18.372222900390625,18.818982197613767,18.26818295211847,18.558882910581513,109879600
2001-04-12,19.027061462402344,19.066841750293413,18.16108175005251,18.22534257427538,87520000
2001-04-16,18.601716995239258,18.84345697278984,18.396696644881196,18.7883769483531,65857400
2001-04-17,18.812864303588867,19.005644471022432,18.372225088179967,18.5191048266496,85149200
2001-04-18,20.021562576293945,20.290841500244692,19.27798313347616,19.39732284229693,156696400
2001-04-19,20.82021141052246,21.113970723039863,20.119472102027114,20.137831329499612,159375600
2001-04-20,21.11397933959961,21.756578243886327,20.960979489312656,21.51177988418267,192919600
2001-04-23,20.884479522705078,20.95179983023247,20.47138039466896,20.84163975147718,92171200
2001-04-24,20.670278549194336,21.39855692005944,20.544817564455418,20.869176466124316,89176600
2001-04-25,21.32511329650879,21.35571279020092,20.57847351054387,20.676393291113715,76744000
2001-04-26,21.153743743896484,21.725963626338665,20.88446503517766,21.441384009398764,118737600
2001-04-27,20.538700103759766,21.322058565779372,20.260239264299514,21.27615814520333,121572400
2001-04-30,20.731483459472656,21.13234239257872,20.710063569946215,20.97016289550811,74368200
2001-05-01,21.471996307373047,21.51177775865611,20.68557724798596,20.703938815728993,83702800
2001-05-02,21.346538543701172,21.7718779163822,21.221077553043735,21.725977497005275,92864400
2001-05-03,20.970155715942383,21.475055607166023,20.85081603878306,21.19047583826485,66273400
2001-05-04,21.649473190307617,21.741274010463677,20.79573396738687,20.807974232380467,119538400
2001-05-07,21.842260360717773,22.077881465300425,21.634180446420697,21.673961906322884,109356200
2001-05-08,22.050342559814453,22.062582830699377,21.64948361035328,21.955483378697494,75084000
2001-05-09,21.542375564575195,21.81777571313978,21.377135475436443,21.79941414684079,76676600
2001-05-10,21.41996955871582,21.79940836578462,21.40772929595987,21.76574822685361,64334600
2001-05-11,21.236379623413086,21.419978976291382,21.006879848667108,21.40773870815384,51128800
2001-05-14,21.028297424316406,21.175175956647568,20.899778124878594,21.15375607340793,44968000
2001-05-15,20.890596389770508,21.205778010114628,20.807977506304283,21.034416607834128,61385600
2001-05-16,21.162931442260742,21.383249172233317,20.602951667259084,20.71617001434399,91893800
2001-05-17,20.85999298095703,21.462812589877956,20.670274715735623,21.144572713380906,106984800
2001-05-18,20.835514068603516,21.175173850906493,20.578475495288803,20.71311608203,90605400
2001-05-21,21.049705505371094,21.416903964909714,20.73146575096188,20.82326653314197,103491600
2001-05-22,21.51483726501465,21.5270775326566,21.169058458850692,21.251677347193464,83455600
2001-05-23,21.328174591064453,21.909574390799396,21.27003624530539,21.539315095840966,93637400
2001-05-24,21.94629669189453,21.96465592501328,21.19659610011883,21.401617653177745,80781600
2001-05-25,21.698434829711914,22.001373808969586,21.530134099795486,21.927934551638735,52747600
2001-05-29,21.52401351928711,21.955474131535368,21.435275678283517,21.664775407881447,71210800
2001-05-30,21.1721134185791,21.597452682793097,21.00687335171592,21.285331778298744,86501800
2001-05-31,21.169055938720703,21.536254585895794,20.93037658459769,21.263915083412655,70682600
2001-06-01,21.52401351928711,21.634173576261475,21.02217429733366,21.297574439769573,57587600
2001-06-04,21.65865707397461,21.732096343818043,21.358778693601742,21.588278454630736,43736600
2001-06-05,22.2155704498291,22.36245128476347,21.572971757998545,21.652532307529313,89454200
2001-06-06,22.142135620117188,22.4848560803237,21.894276642186487,22.304315066644296,80022800
2001-06-07,22.546062469482422,22.561363391359823,22.0564633191133,22.06870358969664,66960000
2001-06-08,22.3961124420166,22.567471478376262,22.04727306966057,22.552170563876246,51867000
2001-06-11,22.068693161010742,22.2920715734675,21.88203320835959,22.2920715734675,47345600
2001-06-12,22.056447982788086,22.15742839394211,21.667827249410347,21.732086874347104,66714600
2001-06-13,21.631118774414062,22.123778460743264,21.615817856118678,22.047278538451057,55302400
2001-06-14,21.0833797454834,21.58827971617013,20.930379895856657,21.487299255114298,71972400
2001-06-15,20.814096450805664,20.899778319152844,20.318378481339813,20.658038300577186,108354400
2001-06-18,20.46525764465332,20.795737857525967,20.19903941866614,20.79267720705707,56846800
2001-06-19,20.59990119934082,21.068080400640653,20.456080956412354,20.872240765255004,63457400
2001-06-20,21.23943519592285,21.29451288748453,20.532574471186912,20.54481473639791,64108400
2001-06-21,21.37101173400879,21.588273512486985,21.089492651896094,21.15987358972015,69603800
2001-06-22,21.06195640563965,21.60663540744563,20.9854564933727,21.4199754347469,51092000
2001-06-25,21.068069458007812,21.36182875850941,20.737589369471742,21.14456934880275,49215600
2001-06-26,21.462810516357422,21.484230393735363,20.716170788455162,20.75289157878515,63077000
2001-06-27,21.768815994262695,21.888155676916206,21.22413696377392,21.377136796364795,69199800
2001-06-28,22.258411407470703,23.30187121832144,21.58215253646478,21.894273452062464,128975600
2001-06-29,22.337963104248047,22.46342401762895,21.848364379840238,22.21556283949838,94283800
2001-07-02,21.60358238220215,22.383882696567028,21.465883425357934,22.047283430708934,72810200
2001-07-03,21.563791275024414,21.664771699062616,21.398551217850514,21.511771905522885,28037400
2001-07-05,20.964031219482422,21.640289989841023,20.942611342940438,21.48729020465786,49242600
2001-07-06,20.21433448791504,20.930374824667926,20.0949948208882,20.89977532907497,67467800
2001-07-09,20.101119995117188,20.47443998324502,19.902219733538487,20.257178153097986,66476600
2001-07-10,19.730854034423828,20.272472266241245,19.691072594706206,20.16537287967752,66562600
2001-07-11,20.348974227905273,20.4254741310177,19.645174185434247,19.64823483524444,73822600
2001-07-12,21.909576416015625,22.047277671482163,21.520957853273565,21.63417623967482,128078000
2001-07-13,21.830013275146484,22.03197415887365,21.70761528638189,21.848374841134767,58934600
2001-07-16,21.781057357788086,22.080938071987006,21.465878060315035,21.86367624432681,55990800
2001-07-17,21.976886749267578,22.035027408618912,21.46280743149443,21.621928498795587,63241000
2001-07-18,21.59439468383789,21.878974444825595,21.380195867865208,21.60357429958072,57590800
2001-07-19,22.206396102905273,22.33797605524451,21.793297012637687,21.793297012637687,76549400
2001-07-20,21.169055938720703,21.23637623544095,20.789617025360833,20.81715587333254,124203600
2001-07-23,20.529508590698242,21.187408086969597,20.30306957846692,21.187408086969597,79999400
2001-07-24,20.293901443481445,20.80492041826011,20.104180775632805,20.501981347556768,67530200
2001-07-25,20.64885711669922,20.66109504808484,20.076636938852413,20.275537175453113,74065400
2001-07-26,20.37651824951172,20.599899050575047,20.042979707802996,20.5387000463729,77974000
2001-07-27,20.033794403076172,20.27247372013326,19.90527512998262,20.211274733305384,65396000
2001-07-30,20.134777069091797,20.465254903100924,20.05521650970443,20.088876656576318,42196400
2001-07-31,20.254119873046875,20.621318560771705,20.150078766283038,20.19903983642892,59031600
2001-08-01,20.339799880981445,20.44383865555586,20.122540380023953,20.44078033954535,55679000
2001-08-02,20.639677047729492,20.66721823233778,20.275539023716796,20.566237779761117,54198400
2001-08-03,20.468313217163086,20.612133403821502,20.195973757802477,20.593774174747388,43260400
2001-08-06,20.235761642456055,20.538703061122977,20.09806269549306,20.35816200341911,27831600
2001-08-07,20.30307960510254,20.517280795615566,20.19291952645982,20.20822044527948,31347800
2001-08-08,19.847139358520508,20.575417753786876,19.733918636883992,20.352039295580692,54996400
2001-08-09,19.893035888671875,20.058275963114426,19.675776439291436,19.883856273634816,45536200
2001-08-10,20.04909896850586,20.153140078686626,19.24738126257168,19.819599197492504,51756400
2001-08-13,20.143962860107422,20.192921603098856,19.8134825901927,19.963421804756855,32675400
2001-08-14,19.79512596130371,20.223523773640572,19.72168433525198,20.11948497195676,36481200
2001-08-15,19.339183807373047,19.90528402692398,19.339183807373047,19.801242901303937,39503000
2001-08-16,19.773704528808594,19.80124338548588,19.18618440646872,19.229024184361922,43905600
2001-08-17,18.935258865356445,19.623756917705776,18.81897867030678,19.51665750601269,52234200
2001-08-20,19.186172485351562,19.20147222976475,18.696572493059836,18.86793266545629,48371200
2001-08-21,18.598655700683594,19.339175355055,18.577235821622455,19.18617555187782,47111800
2001-08-22,18.56194496154785,18.711885354057674,18.078465959029646,18.705765218924984,78107200
2001-08-23,18.090700149536133,18.82815930697273,18.0539805160075,18.564999404209313,51813200
2001-08-24,18.987274169921875,19.057653934967696,18.12435542660071,18.237574947126966,63399000
2001-08-27,19.066843032836914,19.388142506378788,18.840402725720978,18.941383193937845,44562800
2001-08-28,18.586416244506836,19.262675081334457,18.53745635512782,19.076015138297006,47422800
2001-08-29,18.436479568481445,18.757778978954274,18.219220089402263,18.681279063732358,48170000
2001-08-30,17.42361831665039,18.25593767445459,17.29509903379318,18.06621823282426,97632000
2001-08-31,17.4572811126709,17.766341436112928,17.22778135790144,17.396080944606485,57900800
2001-09-04,17.166580200195312,18.078460200463944,17.15740058406849,17.500119871257102,67189200
2001-09-05,17.668415069580078,17.86731408277005,16.94931540476676,17.191055336791923,89470600
2001-09-06,17.142101287841797,17.86732016343028,17.10538165506792,17.307341386268362,112356800
2001-09-07,16.952381134033203,17.552140169902824,16.924841118748574,17.169640606114132,89863800
2001-09-10,17.61945915222168,17.732678687813866,16.73817989615463,16.805499020598013,84471800
2001-09-17,16.19043731689453,16.860575959723334,16.156777177188363,16.53009702877205,127502000
2001-09-18,16.621902465820312,16.82998234087298,16.27000236813815,16.343442804690444,83182600
2001-09-19,16.484195709228516,16.738175900307105,15.483577023803988,16.664735493460384,126950200
2001-09-20,15.53254508972168,16.098645265398194,15.505005068555837,16.019084685454075,117983200
2001-09-21,15.2112455368042,15.4835850961058,14.534986447503057,14.66350576736824,184976600
2001-09-24,15.91504192352295,16.049682522012137,15.26020283293087,15.498883363299852,85580200
2001-09-25,15.697782516479492,16.217982178299252,15.34894308658156,15.994602563843488,84940600
2001-09-26,15.382603645324707,15.85078276976153,15.162283508038621,15.762042584766178,58524400
2001-09-27,15.287739753723145,15.508059839515406,14.687980817172917,15.330579511005897,81191200
2001-09-28,15.658002853393555,15.786523324248245,14.987863983489351,15.183703589271614,116641200
2001-10-01,15.847722053527832,16.064981523504176,15.425442212352836,15.587621652293485,69999600
2001-10-02,16.2332763671875,16.38627614664694,15.777337678083947,15.798757553824615,80860800
2001-10-03,17.206363677978516,17.420563709990816,16.034385387175185,16.05886475715862,97199200
2001-10-04,17.270626068115234,17.870386486039244,17.20024626325249,17.417505813128322,101778000
2001-10-05,17.662296295166016,17.747975804827085,16.81161666110456,17.18493652570626,80844400
2001-10-08,17.760221481323242,17.94688147051507,17.362422135845115,17.380781369341932,60605800
2001-10-09,16.695337295532227,17.61639550616459,16.58211661189998,17.59497562921703,99477600
2001-10-10,16.986042022705078,17.059482460810358,16.217983325972178,16.401582670291134,86349200
2001-10-11,17.23390769958496,17.39302772695358,16.70452821462795,17.06254740073494,83742600
2001-10-12,17.25227165222168,17.331831098607523,16.692291373482853,17.044191663462673,63307000
2001-10-15,17.766338348388672,17.900977760893653,17.0900783013878,17.105379216216743,68437000
2001-10-16,17.885684967041016,18.026444566743567,17.506244777303305,17.7082045582276,66169000
2001-10-17,17.14515495300293,18.145773653095862,17.129855208480148,18.090693638977303,73710600
2001-10-18,17.36548614501953,17.6194665026851,16.982986450195312,17.240026291809045,78348000
2001-10-19,17.71736717224121,17.751026128459134,17.022748337501135,17.56436745976001,91219600
2001-10-22,18.40894317626953,18.415063310767614,17.585804346666308,17.717384320134343,72323600
2001-10-23,18.49155616760254,18.800615254107555,18.176376948940533,18.503796431916523,80325000
2001-10-24,18.763896942138672,18.855696596328812,18.243697345333302,18.51297734261419,79141400
2001-10-25,19.14333724975586,19.15557634779606,18.228397843557843,18.54663773852202,75318200
2001-10-26,19.033178329467773,19.470757919270945,18.996458698569164,19.069897960366383,64509400
2001-10-29,18.24982261657715,19.033182298650917,18.21922311232975,19.002581627107258,55129400
2001-10-30,18.017255783081055,18.219215461272327,17.806115323633968,18.029494879262515,57395600
2001-10-31,17.79387664794922,18.583354984155054,17.778575734593204,18.14577547651732,64700000
2001-11-01,18.92302131652832,19.048481145655245,18.237581481371517,18.38446236320928,109671200
2001-11-02,18.78838348388672,19.284102708957246,18.516042749528804,18.950562963755697,83360000
2001-11-05,19.3606014251709,19.593160686756896,18.89548173470267,18.929141888932698,66401600
2001-11-06,19.822654724121094,19.871615783218903,19.02093605812884,19.18617613069625,68612000
2001-11-07,19.660478591918945,19.905279259196057,19.593158291688134,19.651298975449688,58899000
2001-11-08,19.712501525878906,20.214340883062707,19.479942250828962,19.724741794906876,74227800
2001-11-09,19.95423698425293,20.088877577915518,19.556437670959717,19.688016447127016,48013600
2001-11-12,20.131717681884766,20.330617925534103,19.47687860372266,19.798176842301952,57752800
2001-11-13,20.777368545532227,20.792667121271368,20.379568222856328,20.44076952958631,60159600
2001-11-14,20.180679321289062,20.91201841897582,20.131720583179785,20.878360599733938,88625600
2001-11-15,20.232702255249023,20.51728208722559,20.027680669284234,20.226580953498836,77922000
2001-11-16,20.11947250366211,20.382632330781515,19.874671904381696,20.306132435330326,59249000
2001-11-19,20.36121940612793,20.492799364617877,20.104178455653287,20.272479216951705,56005000
2001-11-20,20.012371063232422,20.746770451116337,19.899150389130682,20.33366919040012,65921800
2001-11-21,19.599279403686523,19.767577818050935,19.424858521377338,19.694138552411776,50785200
2001-11-23,19.80124282836914,19.83184233534724,19.467703066203836,19.70026235420795,15754600
2001-11-26,19.932811737060547,20.10723139799961,19.706372709695604,19.886911334794178,41983600
2001-11-27,19.50442123413086,19.91140022485086,19.201481019966472,19.82572068307743,90819000
2001-11-28,19.216777801513672,19.620698413740737,19.195357919380665,19.329997345259,54536600
2001-11-29,19.841020584106445,19.859382154699766,19.26268247145355,19.31470186318404,54034400
2001-11-30,19.648244857788086,19.91446549687116,19.562565296131822,19.785946154386764,48234200
2001-12-03,19.819595336914062,19.96035722349179,19.52277648464768,19.53195726746134,47211800
2001-12-04,20.195980072021484,20.22046060816854,19.61458017878723,19.88998037396055,51005800
2001-12-05,20.838577270507812,20.859997154240418,19.95117775162848,20.345917610065598,74243000
2001-12-06,21.006879806518555,21.113979234266637,20.670280604484965,20.80186056845902,56026200
2001-12-07,20.75595474243164,21.065012677093137,20.364275603167776,20.884474022266627,42334800
2001-12-10,20.52033233642578,20.945671591741032,20.459133350538334,20.66109187164024,38367400
2001-12-11,20.59990119934082,20.84776022718365,20.523401268812282,20.703942318847787,54334000
2001-12-12,20.79267120361328,20.801853152368878,20.27247283452623,20.550933581989348,47884200
2001-12-13,20.27859878540039,20.881418558827484,20.21739978016199,20.541758710191836,53227800
2001-12-14,20.636615753173828,20.792673883256885,20.17455565910824,20.202094505149283,43000600
2001-12-17,21.107860565185547,21.14763968616942,20.550941198448978,20.55399951457603,57079800
2001-12-18,21.19659423828125,21.236375686000546,20.99157503782274,21.08949483017546,47255200
2001-12-19,21.2639102935791,21.38631059326336,20.945670448236644,20.997692151451744,56996200
2001-12-20,20.42853355407715,21.19047188963617,20.385693797674094,21.15987239714708,78585000
2001-12-21,20.66721534729004,20.81409386272323,20.501975266483768,20.811035547320976,84307600
2001-12-24,20.5845947265625,20.817155106320428,20.563174845176373,20.72229596512358,11701600
2001-12-26,20.710050582885742,21.135389790036985,20.62131042918342,20.6304900425679,29328000
2001-12-27,20.762073516845703,21.02523337385678,20.581534863677906,20.80185496113758,32406600
2001-12-28,20.768192291259766,21.068070571656172,20.716170588479905,20.878352326594797,28787200
2001-12-31,20.272478103637695,20.954858393818448,20.272478103637695,20.75901645752074,43006200
2002-01-02,20.514223098754883,20.53564298743117,20.046043864406915,20.394883385473744,48124000
2002-01-03,21.184358596801758,21.190477563101194,20.529517142333756,20.535638443225448,67590800
2002-01-04,21.0833797454834,21.392440095415296,21.012998787434427,21.19047917330363,52731400
2002-01-07,20.979331970214844,21.42609110907252,20.915072333933093,21.343472243736464,58508800
2002-01-08,21.230260848999023,21.377141749539753,20.807982053657582,21.01912261862466,47736400
2002-01-09,21.025218963623047,21.60967895128511,20.976260272516022,21.334279018213724,76304000
2002-01-10,21.199657440185547,21.35877858103203,20.84775734154396,20.95485909713352,50296600
2002-01-11,20.994632720947266,21.517891756252432,20.838572271423793,21.273091142670186,72993200
2002-01-14,20.951797485351562,21.126217201428013,20.72841670215574,20.899778102481363,50997800
2002-01-15,21.282272338867188,21.30369221670354,20.960971836730305,21.009932891551447,60717400
2002-01-16,20.768192291259766,21.37100950153175,20.76207099230142,21.068070571656172,61955400
2002-01-17,21.377132415771484,21.41997217335085,20.930373276306884,20.97015238417581,78958000
2002-01-18,20.226585388183594,20.76208501369689,20.0185054403147,20.53258517419119,107140400
2002-01-22,19.72473907470703,20.388757819400883,19.66047942211656,20.382638853027053,76837200
2002-01-23,19.50442123413086,19.8012401469729,19.351421385366187,19.599281560591592,80403000
2002-01-24,19.767578125,19.945058493093345,19.52277862357478,19.614578290697228,83886000
2002-01-25,19.52277374267578,19.84407308092417,19.434033580815083,19.642114564124206,48981200
2002-01-28,19.52889633178711,19.7063766778397,19.25043671462897,19.654357300939015,41622000
2002-01-29,19.069900512695312,19.73697992766521,18.968921222384992,19.553380581303074,58666000
2002-01-30,19.23207664489746,19.24737756052566,18.76695822565873,19.10967749094368,66100000
2002-01-31,19.495229721069336,19.525830374360222,19.00869042305213,19.296330727508625,69566200
2002-02-01,19.17394256591797,19.736982102032133,19.115803038867334,19.62988266607141,63462200
2002-02-04,18.702688217163086,19.183107315763895,18.589468734429847,19.09436835215968,70308400
2002-02-05,18.711872100830078,19.04235099284904,18.51297193543199,18.604771562809727,66772600
2002-02-06,18.48237419128418,18.938312889408273,18.436473789619956,18.852633384750476,66103000
2002-02-07,18.298782348632812,18.852642241661915,18.283482596655528,18.451782202998128,63314000
2002-02-08,18.558866500854492,18.56192598164425,18.001947613500036,18.39668600391177,61283000
2002-02-11,18.705759048461914,18.73941919694003,18.23451930436038,18.36303859786296,50899600
2002-02-12,18.402816772460938,18.62007622029549,18.36609714527806,18.50991733874686,44973800
2002-02-13,18.91690444946289,18.935264854687507,18.344685243871023,18.439544419290524,54168600
2002-02-14,18.874061584472656,19.274921611594994,18.763901505733926,18.97198139506348,57267000
2002-02-15,18.43035888671875,18.990338809780823,18.421179270700037,18.880178748372153,50179800
2002-02-19,18.032560348510742,18.402819662941454,17.93157989877723,18.332439880079953,52262600
2002-02-20,18.329378128051758,18.47013767635017,17.992777837903798,18.17637831451976,50492000
2002-02-21,17.763273239135742,18.442592598185595,17.751032977263797,18.274293082981032,59398400
2002-02-22,17.744918823242188,17.97747802536435,17.487879090740886,17.76327805373061,71347800
2002-02-25,18.078460693359375,18.32631967390966,17.714320346453423,17.72962009618061,51832200
2002-02-26,17.91628074645996,18.35998050888388,17.717381657991393,18.08458033433217,63276200
2002-02-27,17.867319107055664,18.405879136612786,17.74491994928069,18.075398959298735,65750000
2002-02-28,17.852020263671875,18.268179989264972,17.790820098032405,17.986659694241848,68068000
2002-03-01,18.779203414916992,18.79450316821164,18.00808394244392,18.069284122918866,62115600
2002-03-04,19.369773864746094,19.43097401636704,18.626194765696727,18.73941545474901,74464200
2002-03-05,19.302459716796875,19.547259218993897,19.076019447704564,19.27797918292912,55926400
2002-03-06,19.47076416015625,19.492184048987404,19.03012377895217,19.25044396955421,49835400
2002-03-07,19.192296981811523,19.54725650249215,18.929137115785274,19.48299569366774,58079200
2002-03-08,19.56867790222168,19.79817647302685,19.329997380835128,19.47075810734885,57701800
2002-03-11,19.688026428222656,19.889987421103232,19.27798780814621,19.434047195839735,43718200
2002-03-12,19.137216567993164,19.216775955803474,18.870996057402227,19.13109643550069,66407200
2002-03-13,19.002578735351562,19.28409903423101,18.956679485965278,18.99645976927026,44387400
2002-03-14,18.733299255371094,19.045419043592208,18.68127870701955,19.01481837771011,51819600
2002-03-15,19.121915817260742,19.128034782136293,18.65679627789657,18.665975892505752,69086800
2002-03-18,19.014814376831055,19.274914729269344,18.727175181837357,19.198414831604403,52296800
2002-03-19,19.042356491088867,19.277976342011183,18.81897690529663,19.027056743324234,36376400
2002-03-20,18.390575408935547,18.978095245241185,18.390575408935547,18.78837582095208,55235200
2002-03-21,18.776140213012695,18.846519998068132,18.30796108458925,18.42424012043939,46123400
2002-03-22,18.497678756713867,18.708818091343314,18.42729897850405,18.68127807662678,41341400
2002-03-25,18.12436294555664,18.5986622694624,18.09988357539638,18.506862588592945,47752400
2002-03-26,18.078460693359375,18.641498954014878,17.842840812213193,18.084579659413386,69357200
2002-03-27,18.18861961364746,18.32326021291925,17.928520366084182,17.992780015393308,47318400
2002-03-28,18.454835891723633,18.558875800135063,18.255935689164897,18.344675851370845,43901200
2002-04-01,18.47626304626465,18.48238318061626,18.115183290593475,18.307963437132283,47010000
2002-04-02,17.527664184570312,18.081524116846055,17.475644790702198,18.023384588294103,76509400
2002-04-03,17.23695945739746,17.628638604336437,16.982979208038262,17.57661806102964,76931400
2002-04-04,17.273683547973633,17.43280353434763,16.958503058659492,17.12986331336139,61763800
2002-04-05,17.096206665039062,17.533786425478294,17.087027045558784,17.40832656762976,50166000
2002-04-08,17.509305953979492,17.536845977991167,16.603545812760192,16.61578608283125,73389600
2002-04-09,16.790197372436523,17.573556752206578,16.768777494270168,17.542957259767732,63413000
2002-04-10,17.227783203125,17.475643385050283,16.84834422161792,16.866703456896374,75636400
2002-04-11,16.76572608947754,17.273685612843757,16.676985884436746,17.102325337657714,58165800
2002-04-12,17.11456871032715,17.215548036170244,16.787149021480776,16.875889242610207,52297600
2002-04-15,17.041122436523438,17.36548253044651,16.952383412940268,17.135982761321667,47388800
2002-04-16,17.689834594726562,17.77857357802997,17.2461350090269,17.25837527130863,51921600
2002-04-17,17.32876205444336,17.83366082167191,17.26450123505751,17.732681535144653,55158600
2002-04-18,17.249204635620117,17.53684513193078,16.12006604020925,17.377725130572962,74794800
2002-04-19,17.503185272216797,17.74186469466502,17.399145314455406,17.57662455575639,104268600
2002-04-22,17.010515213012695,17.35017490391053,16.829975429891128,17.295094890938145,51465200
2002-04-23,16.520915985107422,17.080894546716028,16.309775551516026,17.044174928076686,68281400
2002-04-24,16.224102020263672,16.655561491698297,16.21798188702323,16.47808112961367,61220400
2002-04-25,16.44135093688965,16.66167092284579,16.181251861365556,16.18737199067493,57290400
2002-04-26,15.758983612060547,16.661682906793146,15.746743344637967,16.545402700870945,62776600
2002-04-29,15.98542594909668,16.190445201998433,15.740625238299666,15.749806023697149,70246000
2002-04-30,15.991539001464844,16.309778873955654,15.887499088046535,15.942579110873632,77384000
2002-05-01,16.141481399536133,16.276120824158777,15.50194208981054,15.960941560887395,76413000
2002-05-02,15.670244216918945,16.545403537871465,15.651884982152467,16.107823877395205,79009200
2002-05-03,15.165340423583984,15.814059241356121,15.150039509921498,15.685538803825365,71628000
2002-05-06,14.877697944641113,15.465217693577454,14.801198056367339,15.128617484795445,66299400
2002-05-07,15.13780403137207,15.388723667105555,14.795083560905175,15.049063847021028,88385400
2002-05-08,16.820810317993164,16.820810317993164,15.673311003972456,15.688610761366732,101242000
2002-05-09,15.948699951171875,16.82997918823504,15.881380828180161,16.646379882190843,83288200
2002-05-10,15.315279006958008,16.116997593399763,15.29691977891392,16.074157838235852,64408800
2002-05-13,16.123125076293945,16.190445389271442,15.223486305786691,15.437686346563556,64819000
2002-05-14,16.793262481689453,16.860581616391393,16.517862307421115,16.646382777845044,64832400
2002-05-15,16.753475189208984,17.27061400313348,16.481135779293254,16.673915820641998,70412000
2002-05-16,17.056419372558594,17.14515837542258,16.72287973928165,16.741238969455484,53406400
2002-05-17,17.14515495300293,17.258375630522014,16.91259580128787,17.20023496712149,54646200
2002-05-20,16.527040481567383,16.9982802198294,16.370981174634387,16.982980470882403,52115800
2002-05-21,15.970128059387207,16.707587480713542,15.95176881970134,16.508688324572024,63120000
2002-05-22,16.429126739501953,16.438307526088867,15.866087132856643,15.872207268149102,54169400
2002-05-23,16.774906158447266,16.781026293507086,16.221046192145877,16.432186766172226,51412800
2002-05-24,16.297536849975586,16.68309696813957,16.230217737240466,16.566816802803285,35982000
2002-05-28,16.00990104675293,16.429120226064242,15.835481345605306,16.398520729029777,49602000
2002-05-29,15.927275657653809,16.13229595431218,15.774275889247344,15.804876543305994,45393200
2002-05-30,16.107826232910156,16.328146420695905,15.737566825222952,15.801826490895003,63213000
2002-05-31,15.578439712524414,16.346498200989135,15.569260097986477,16.187379434950937,66468000
2002-06-03,15.122511863708496,15.801831896921819,15.046011902033005,15.602932696943611,88439000
2002-06-04,15.293865203857422,15.676364837309126,15.06742607453991,15.146985484687516,88008400
2002-06-05,15.807947158813477,15.835487183215275,15.400968095205174,15.431567603519873,66969400
2002-06-06,15.88138484954834,15.954824123643407,15.299984954364021,15.758984502994942,78703400
2002-06-07,15.905860900878906,16.0955803478989,15.257142000964883,15.266321616488053,97834400
2002-06-10,16.16289520263672,16.30977483806465,15.746735651943116,15.80487631014905,71825400
2002-06-11,16.086400985717773,16.57906059301687,16.040500572787103,16.29142135156651,74368200
2002-06-12,16.99522590637207,17.068665190573984,16.06498641297442,16.089466952572643,136198600
2002-06-13,16.5913028717041,16.976861951374758,16.585182738084423,16.781022344729593,79771600
2002-06-14,16.906484603881836,16.998284286823743,16.217985230873072,16.263885655992176,109433600
2002-06-17,17.038063049316406,17.270622303064357,16.94320272398311,17.031942915363015,94486600
2002-06-18,17.13292694091797,17.224726634734843,16.937086115533152,16.992166165282562,77518400
2002-06-19,16.63414192199707,17.117620784128622,16.62190165528587,16.97380173580832,81247000
2002-06-20,16.55458641052246,16.860586167961298,16.493387392871846,16.63720648510652,86401200
2002-06-21,15.997662544250488,16.692281942615473,15.997662544250488,16.340383018749588,116820000
2002-06-24,16.57294464111328,16.71982436533142,15.866084873973216,15.939525319730429,104523200
2002-06-25,16.20268440246582,16.82998355609748,16.156783980394337,16.73818387925074,84025200
2002-06-26,16.563762664794922,16.64332206634937,15.621283109464294,15.621283109464294,112131400
2002-06-27,16.805505752563477,16.811625887654657,16.175147013025327,16.707585925697426,95812400
2002-06-28,16.73818016052246,17.07171980722342,16.523980183938143,16.69227974864869,89555600
2002-07-01,16.113933563232422,16.643312556183343,16.08945421031732,16.56069255141591,66473800
2002-07-02,15.74062442779541,16.193503851776484,15.70696544072545,16.028264897982048,82814200
2002-07-03,15.863021850585938,16.071101705286132,15.437682525250432,15.679422528107425,80936600
2002-07-05,16.784082412719727,16.799383330950135,16.233283208013987,16.245523475679846,35673600
2002-07-08,16.193500518798828,16.80856045383366,16.089461760965833,16.649440499677784,63199400
2002-07-09,16.282241821289062,16.747361450073274,16.208802555705077,16.312842488029126,85277200
2002-07-10,15.98542594909668,16.585185122497503,15.951765792997275,16.429124610999594,90673400
2002-07-11,16.19043731689453,16.23939720175012,15.682478073781912,15.924218015948258,129550600
2002-07-12,15.869145393371582,16.441364533099197,15.752865174926049,16.33120444902409,95733800
2002-07-15,15.850775718688965,15.869136111060723,14.687977716276215,15.725315955720928,136965600
2002-07-16,15.682473182678223,16.156772138158686,15.495813315102502,15.700833571508667,97154600
2002-07-17,15.911985397338867,16.30978479881308,15.658005070117586,16.07110539138781,98034800
2002-07-18,15.639640808105469,16.138420516924086,15.501940745266475,15.930340681366477,91053600
2002-07-19,15.165340423583984,15.572319279957092,14.935840726196613,15.26019955143477,112543400
2002-07-22,14.538045883178711,15.296926200318119,14.045387324687784,14.978686217943046,180069800
2002-07-23,13.161043167114258,14.320782009226349,13.148804069436345,14.225922873918973,168061600
2002-07-24,14.14636516571045,14.186145451232848,12.671446791132029,12.775486729754812,202307800
2002-07-25,13.105964660644531,13.987242751057346,12.986623824894512,13.907683361186614,163411400
2002-07-26,13.877083778381348,13.895444177763775,13.366064918845504,13.384425318227933,123538000
2002-07-29,14.764484405517578,14.779784155898266,14.244284721501256,14.336084391081517,112148600
2002-07-30,14.71857738494873,14.94195807603296,14.482958766723177,14.550277871660933,122690600
2002-07-31,14.681869506835938,14.687989642595937,14.186150183241356,14.56864991351729,93875600
2002-08-01,13.999486923217773,14.715526301064369,13.922986994675599,14.559466960448695,92002800
2002-08-02,13.589454650878906,14.030094058720067,13.402794536943688,13.926054052623234,85947600
2002-08-05,13.46092414855957,13.82200263566663,13.40584412213905,13.552723803495127,78941600
2002-08-06,13.975008964538574,14.458489162442127,13.721029761906781,13.739390168371537,88715800
2002-08-07,14.409523010253906,14.4737826541281,13.818943615114552,14.381982996122684,86349400
2002-08-08,14.966445922851562,14.993985943725766,14.201446640008411,14.415646672663748,88748000
2002-08-09,14.724703788757324,15.039884242515937,14.583944220754272,14.733884572615683,69049400
2002-08-12,14.83180046081543,14.917479972249591,14.56557997778077,14.56864062735816,56866600
2002-08-13,14.400341987609863,15.20818076679858,14.357501061916997,14.684921716728052,100122800
2002-08-14,15.2112455368042,15.217365671173438,14.446246250093512,14.45848651883199,96706000
2002-08-15,15.229602813720703,15.5264228495708,14.917483028736235,15.287742327349717,98745600
2002-08-16,15.29997444152832,15.370354183883899,14.969494433289508,15.12555482627853,69334000
2002-08-19,15.911985397338867,15.927285149838589,15.254085534184226,15.312226227897975,79848200
2002-08-20,15.618219375610352,15.820179058601186,15.52947921423516,15.7222592830478,70317600
2002-08-21,15.997662544250488,16.028263211953686,15.651883753925244,15.777343573268057,81203400
2002-08-22,16.288368225097656,16.355688550545718,16.09558803595782,16.172087981313698,72517600
2002-08-23,15.979300498962402,16.172079418735684,15.86302031674493,16.113939911274905,57929200
2002-08-26,15.942585945129395,16.110886735523614,15.661066745372453,16.064986307725853,55652400
2002-08-27,15.557021141052246,16.049680729116222,15.498881631933223,16.012961100582938,65470200
2002-08-28,15.11026668548584,15.501945958347594,15.085786147283825,15.446865914689372,68875000
2002-08-29,15.477459907531738,15.605979175735813,14.847100328442195,14.960319850521374,94275600
2002-08-30,15.018462181091309,15.446860956449385,14.993981650747225,15.342821037078892,58138400
2002-09-03,14.388102531433105,14.847101969694194,14.381982398847445,14.847101969694194,74452600
2002-09-04,14.75224781036377,14.871587527253277,14.427888819288992,14.519688511719657,80232000
2002-09-05,14.04844856262207,14.541108349933939,14.039268943600193,14.534988214820551,90438800
2002-09-06,14.63290786743164,14.77060798759872,14.525808422466358,14.611487978438584,69918400
2002-09-09,14.902190208435059,14.978690156971895,14.268770727933779,14.458490273462091,81653200
2002-09-10,15.235721588134766,15.244901203337555,14.79508138166596,14.853222057406112,83950000
2002-09-11,14.865458488464355,15.636576316307384,14.850157577344852,15.370357038425967,77443200
2002-09-12,14.427882194519043,14.779781048473236,14.388101918056087,14.733881806981412,63726800
2002-09-13,14.660439491271973,14.767538874871052,14.336079523764322,14.351380436246249,59549200
2002-09-16,14.6206636428833,14.727764226177367,14.397284027161737,14.565583609714029,50166200
2002-09-17,14.470723152160645,14.963382755801241,14.446242620833816,14.8930018118846,73343400
2002-09-18,14.611483573913574,14.761423918962949,14.277943902183704,14.296304301770174,83951800
2002-09-19,14.4431791305542,14.632898526512239,14.256519216515112,14.28405922296835,77777600
2002-09-20,14.522740364074707,14.68798042399565,14.473780476019886,14.59924026211635,130619200
2002-09-23,13.840361595153809,14.293240857424967,13.711842325060129,14.259580715077817,89783800
2002-09-24,13.96582317352295,14.222862913962464,13.65676405536514,13.717964215907115,104142200
2002-09-25,14.232037544250488,14.369737565411972,13.785278513189288,14.198378576673738,107116600
2002-09-26,14.137187957763672,14.534987378884397,14.060688024190597,14.415647669277815,100852200
2002-09-27,13.84648609161377,14.412585056065138,13.8281256898292,14.088226128944411,81011600
2002-09-30,13.384427070617676,13.78222643761819,13.191646937398094,13.730205882871742,115577000
2002-10-01,14.14636516571045,14.152485299428985,13.216125851823934,13.561905819496147,110636600
2002-10-02,13.956645011901855,14.323844846110063,13.818944928161766,14.106584195188546,103488600
2002-10-03,13.708784103393555,14.25652375771796,13.647583939859114,13.861783928581644,105221400
2002-10-04,13.39360523223877,13.944404385708818,13.369124699184246,13.889324353632206,107120400
2002-10-07,13.479283332824707,13.788343609710132,13.369123280362414,13.405844076047138,89790000
2002-10-08,13.766923904418945,14.069862885249783,13.503764035142245,13.693483479410768,115667600
2002-10-09,13.46092414855957,13.907683325262967,13.40584412213905,13.534363405589637,123142600
2002-10-10,14.192259788513184,14.265699028549058,13.234480847719805,13.46398051559934,118515000
2002-10-11,14.954204559326172,14.963385343809595,14.385044947793597,14.492145539928197,108828800
2002-10-14,15.082721710205078,15.09496197528615,14.639022023031583,14.764481821872756,76216200
2002-10-15,16.000728607177734,16.025207982324723,15.498889160051055,15.685548043348456,133374200
2002-10-16,15.425442695617676,15.685541937704672,15.385662413279835,15.41932256238908,95437400
2002-10-17,15.535599708557129,16.06497887227271,15.315279624774153,15.997658587273285,182602400
2002-10-18,16.26388168334961,16.279181432220067,15.64882174001141,16.09558094388651,152817200
2002-10-21,16.06804084777832,16.2149217046211,15.71614195635252,15.90280192659821,112378600
2002-10-22,15.810998916625977,15.890559467040921,15.615159357598193,15.737559665638482,87159000
2002-10-23,16.27918243408203,16.297541666938052,15.737562886203825,15.737562886203825,110866600
2002-10-24,15.676360130310059,16.33119911938939,15.575380864392987,16.328139636850764,95833400
2002-10-25,16.120059967041016,16.15677959435228,15.654940407680026,15.68248041998745,75425800
2002-10-28,15.896684646606445,16.37098394809192,15.762044031552557,16.340384445013974,79906600
2002-10-29,15.933402061462402,16.06192252451618,15.560082106039587,15.957882594347335,90517200
2002-10-30,16.251636505126953,16.337316006740913,15.798757305131405,15.973176957585919,94451200
2002-10-31,16.361801147460938,16.545400464802047,16.172080529939667,16.27612045437856,105973800
2002-11-01,16.21797752380371,16.291417935634836,15.8813784572091,16.0435578589125,105097800
2002-11-04,17.166580200195312,17.518480270806794,16.989101007065802,17.36548044311416,139964200
2002-11-05,17.34405517578125,17.380774796184184,17.007456126280374,17.068655104520037,76658200
2002-11-06,17.451160430908203,17.472580313963427,16.992160935788718,17.438921331516706,115407000
2002-11-07,17.1390438079834,17.32570382399866,16.982984464353763,17.197184501867934,73699600
2002-11-08,16.860576629638672,17.304276260375644,16.833036620357184,17.13597672245356,64522200
2002-11-11,16.481138229370117,16.860577070166965,16.46889796552614,16.851397455931885,58341200
2002-11-12,16.680038452148438,16.961558704134006,16.493379668062918,16.55457865705049,81398600
2002-11-13,16.940147399902344,17.114567174861957,16.557647688623106,16.59742798543916,107370200
2002-11-14,17.438922882080078,17.441982365375964,17.09620238813172,17.132923191459447,78337000
2002-11-15,17.347118377685547,17.41749815158992,17.034998619090537,17.319578364653754,77533600
2002-11-18,17.090084075927734,17.451163842732363,17.056425086900443,17.426684471867397,58086400
2002-11-19,16.787141799926758,17.074781064650402,16.618842217723603,16.99828114844023,76403400
2002-11-20,17.32570457458496,17.411385293680276,16.808565445475487,16.83304481714819,76435400
2002-11-21,17.699020385742188,17.747980284663207,17.37466032583038,17.43586049130567,82922200
2002-11-22,17.8153018951416,17.839781262756475,17.457281659492846,17.57968199945567,70002000
2002-11-25,17.818363189697266,17.94382302562961,17.616403425335534,17.766343798667492,61583000
2002-11-26,17.411378860473633,17.824477880924327,17.374658065587766,17.63781792579022,68650400
2002-11-27,17.772464752197266,17.93464423440804,17.56438484389468,17.625583855621993,55191800
2002-11-29,17.650056838989258,17.940756689444356,17.650056838989258,17.879556536617628,28393000
2002-12-02,17.65311622619629,18.041735852161143,17.445036408084466,17.946876724722042,63735000
2002-12-03,17.35323715209961,17.54907671064422,17.261437504943807,17.527656831884393,58457400
2002-12-04,17.301223754882812,17.57662279145693,17.08090359178652,17.1757639214077,83892000
2002-12-05,16.93403434753418,17.469534167311448,16.921794071502283,17.426694368496783,68435800
2002-12-06,16.973800659179688,17.056420703295665,16.591301103436834,16.790200172045513,71670200
2002-12-09,16.380159378051758,16.897299485856827,16.374039245541503,16.829979195539973,63862800
2002-12-10,16.527040481567383,16.670860689720392,16.364861041596384,16.389341573748396,63730200
2002-12-11,16.725942611694336,16.833042033733708,16.395463561332736,16.478082448451023,69186200
2002-12-12,16.576000213623047,16.848340878271934,16.429120524060686,16.829980479340634,55242000
2002-12-13,16.06498908996582,16.447488830203103,16.061929605654413,16.42606893813354,65245400
2002-12-16,16.670866012573242,16.692285901397412,16.117006052399876,16.217986528825016,60140400
2002-12-17,16.63414192199707,16.826922037162173,16.45666155657293,16.652501154767787,49549800
2002-12-18,16.380159378051758,16.64637988941609,16.153720311652027,16.475019681016786,62709400
2002-12-19,16.251636505126953,16.753475587087003,16.18125674775896,16.294476255933933,82686600
2002-12-20,16.230224609375,16.438304501851313,16.202684589273836,16.367924709880832,98294600
2002-12-23,16.52398109436035,16.60966062279638,16.187381946393643,16.23328119350036,48798400
2002-12-24,16.468910217285156,16.594370096780104,16.377110504754143,16.3832306412291,18386000
2002-12-26,16.337331771850586,16.73513134259058,16.270011431451106,16.533171488688936,37228000
2002-12-27,16.20880126953125,16.523980524519782,16.187381388160922,16.303660410658136,40891600
2002-12-30,16.141481399536133,16.29142174036482,15.994601708867062,16.221040794245873,48019600
2002-12-31,15.820180892944336,16.214920690517715,15.685540310475062,16.138420784040516,58208800
2003-01-02,16.438310623168945,16.447490244188906,15.823250334304769,16.00379027390959,67025200
2003-01-03,16.459726333618164,16.462785817414986,16.181266616252483,16.398526152014377,55546800
2003-01-06,16.75959587097168,16.90035538699038,16.46277592725322,16.530096203303756,59456200
2003-01-07,17.07477569580078,17.139035325061002,16.732056505783884,16.805495748568216,80517400
2003-01-08,16.597421646118164,16.998280443362592,16.557641364496035,16.943200412592265,64566000
2003-01-09,17.077842712402344,17.11150169697193,16.686162324769164,16.744303011554045,61808000
2003-01-10,17.111495971679688,17.22777613904741,16.79937742696467,16.860576409193804,67730200
2003-01-13,17.255319595336914,17.36547965303099,17.065600144472672,17.295099875569996,60817800
2003-01-14,17.432798385620117,17.44197800050675,17.194117892904607,17.236958819399312,54206400
2003-01-15,17.218597412109375,17.539896754545637,17.19411688412011,17.44197697718022,59622600
2003-01-16,16.93707847595215,17.334878915222152,16.863639220942485,17.233898480463974,81371000
2003-01-17,15.74674129486084,16.217981023622805,15.700842048945166,16.19962062487894,155876000
2003-01-21,15.706958770751953,15.957878329278854,15.694718507580948,15.872197654377556,86159200
2003-01-22,15.605992317199707,16.03439257321802,15.578452284065717,15.786532275012123,86948000
2003-01-23,15.997662544250488,16.077223112982683,15.74674290556486,15.896683259070231,71374800
2003-01-24,15.25407886505127,15.927278186380697,15.208179627619401,15.921158054597292,103027000
2003-01-27,15.046010971069336,15.48359081816187,14.813451615575909,15.091911412153276,114838600
2003-01-28,14.938904762268066,15.208184816128071,14.859345356532433,15.205124165544289,86151200
2003-01-29,15.272439956665039,15.312220231422847,14.666560890035537,14.91136033605314,106884000
2003-01-30,14.761422157287598,15.352000348970245,14.746121242476907,15.348940866385655,87877400
2003-01-31,14.522740364074707,14.79507981433563,14.391160446059414,14.519680881763197,106858400
2003-02-03,14.85934066772461,15.024579560926766,14.522740414788474,14.666560597143647,80129800
2003-02-04,14.479907989501953,14.669627506517564,14.345268520538681,14.626787728542723,81854800
2003-02-05,14.369749069213867,14.850168619750571,14.299369261453972,14.635969712349365,101072000
2003-02-06,14.51049518585205,14.57169531701739,14.247336606243286,14.33913621934359,83312000
2003-02-07,14.253466606140137,14.672685868880663,14.2014460500737,14.651265983234548,75208000
2003-02-10,14.49826717376709,14.541106948134534,14.241227360266114,14.320786774477611,74081400
2003-02-11,14.210619926452637,14.586999265843454,14.07598053288628,14.47377974926957,84292000
2003-02-12,14.210619926452637,14.412579600450044,14.15553990924464,14.244280066668162,71315200
2003-02-13,14.378922462463379,14.418701572071003,14.115762606063905,14.201442124967587,73558200
2003-02-14,14.779783248901367,14.840983413964556,14.311604145665678,14.458483841439698,90446400
2003-02-18,15.27550220489502,15.293862604406689,14.932782918416182,15.067423513576331,57415500
2003-02-19,15.060613632202148,15.27550118389585,14.83958509783225,15.238663485183977,46902700
2003-02-20,14.821162223815918,15.269359000181993,14.796604154056286,15.207962069209334,50897200
2003-02-21,15.122011184692383,15.226385652524707,14.551022688838515,14.9132634200772,56853200
2003-02-24,14.778193473815918,15.042199613585582,14.636981268699502,15.005361901609508,62403700
2003-02-25,14.8518705368042,14.900987878003251,14.354556139732797,14.452791993180686,68113000
2003-02-26,14.495759963989258,15.023770741024428,14.47734053403899,14.778184196932603,57096000
2003-02-27,14.477340698242188,14.864139363192786,14.305429529903572,14.673809935744018,75434300
2003-02-28,14.551023483276367,14.778190697340822,14.458927464064233,14.575581562963281,56585400
2003-03-03,14.452792167663574,14.80889318841821,14.36683594124018,14.747496218415728,50653500
2003-03-04,14.164227485656738,14.526468339075647,14.158087671236943,14.477350994767145,56605700
2003-03-05,14.39138412475586,14.458919685851091,14.15193624308526,14.164215861847628,55415900
2003-03-06,14.287019729614258,14.42823193129414,14.201063509028907,14.225622763781786,54607600
2003-03-07,14.465066909790039,14.606280255843147,14.059848651314772,14.090547713956536,66167600
2003-03-10,14.090547561645508,14.403669799860308,14.053708686873602,14.311574955029515,48413600
2003-03-11,13.998452186584473,14.28087771751716,13.973894106661804,14.158083804755202,53990700
2003-03-12,14.360690116882324,14.391389174560262,13.844957658386102,14.004589245163439,72379500
2003-03-13,15.14656925201416,15.18954676405291,14.391389957777733,14.563300005932733,80701300
2003-03-14,15.263223648071289,15.324619425927409,14.894843125687585,15.15270937425124,75451400
2003-03-17,15.920172691345215,15.932452318717223,14.93782475152927,15.054478869463905,100983800
2003-03-18,15.987703323364258,15.987703323364258,15.656160538100826,15.895607324536012,78108800
2003-03-19,16.15961456298828,16.227151321559152,15.803513676881678,15.950865646541374,73652100
2003-03-20,16.116641998291016,16.282413454182514,15.76054100288505,15.975429797072207,71798500
2003-03-21,16.31310272216797,16.454314848688384,15.981561156813562,16.423616967635805,85586800
2003-03-24,15.527225494384766,15.920163987053565,15.459688751813909,15.686855878744655,61105200
2003-03-25,15.650023460388184,15.809655069577818,15.367599116394619,15.717560225712504,63595100
2003-03-26,15.502664566040039,15.729832839298997,15.496524756379099,15.631597055772914,51673600
2003-03-27,15.373733520507812,15.508805832590252,15.097447915056161,15.312336589179772,60043300
2003-03-28,15.14656925201416,15.410575307165766,15.10359173997541,15.14656925201416,39584600
2003-03-31,14.864141464233398,15.171124983984265,14.741348758962566,14.88870070791708,71384000
2003-04-01,14.950102806091309,15.164991578295417,14.888705846740192,15.0176384074329,49803200
2003-04-02,15.791238784790039,15.963150053093555,15.410579708542567,15.410579708542567,68282500
2003-04-03,15.797379493713379,16.018408112480223,15.717564254186337,15.957011143817237,57394300
2003-04-04,15.404438018798828,15.840354193515745,15.306203354889394,15.815796113063168,55740600
2003-04-07,15.453551292419434,16.2271499458348,15.453551292419434,16.10435606267074,65627100
2003-04-08,15.705281257629395,15.858773060839631,15.471974232011627,15.539509829110454,54132100
2003-04-09,15.085171699523926,15.760535754473759,15.066753435702587,15.723698055781755,76875800
2003-04-10,15.097453117370605,15.220247022339288,14.90712361861367,15.171128523512243,51608900
2003-04-11,14.858007431030273,15.459695035241118,14.70451562356529,15.28164397647795,71565500
2003-04-14,15.20182991027832,15.275505327688027,14.735214639501482,14.900986085247789,51599600
2003-04-15,15.103594779968262,15.220248886874106,14.796611150989433,15.152712113762888,63399000
2003-04-16,15.300061225891113,15.803514094976673,15.10359192781376,15.717559069830179,86178700
2003-04-17,15.65616512298584,15.680724375478652,15.189549865068937,15.207969304438546,58356600
2003-04-21,15.478119850158691,15.723707782829955,15.398304591775569,15.723707782829955,41557800
2003-04-22,15.815794944763184,15.840353023401672,15.367599177403056,15.386017443619552,58844000
2003-04-23,15.791238784790039,15.957010239470247,15.637746957356446,15.809658225659964,55559300
2003-04-24,15.650023460388184,15.791235632384966,15.545648991727633,15.643883647990567,51703600
2003-04-25,15.484248161315918,15.74211436219497,15.453550278064508,15.551784909728035,53657400
2003-04-28,15.80351448059082,15.926308380410097,15.545648227809876,15.588625741431798,56287600
2003-04-29,15.840354919433594,16.116640656246233,15.76667950364997,15.932450945737553,65877300
2003-04-30,15.699137687683105,15.889467150218172,15.502668413963136,15.79737232454309,55566800
2003-05-01,15.791238784790039,15.93245215602672,15.55793172235285,15.680725652719607,42085800
2003-05-02,16.0245418548584,16.141195934013638,15.692999052327508,15.748256186082656,52695400
2003-05-05,15.877191543579102,16.20259339733587,15.86491191900918,16.116638367445322,50391500
2003-05-06,16.1903133392334,16.270128548928696,15.852630723324141,15.877189970029981,54299500
2003-05-07,15.957006454467773,16.178035008280073,15.864911614062459,16.030683029421684,49120000
2003-05-08,15.80351448059082,16.049101109179954,15.785095044303105,15.809654292686727,46401400
2003-05-09,16.18417739868164,16.270132440613153,15.895612036112219,15.901751849257272,58913600
2003-05-12,16.0859432220459,16.251713497829805,15.99998700643795,16.055244155382468,53900800
2003-05-13,15.957006454467773,16.085940167874757,15.895609503847753,15.9877055153025,44501900
2003-05-14,15.729843139648438,16.073664508462418,15.68072580124644,16.012267542697494,45021000
2003-05-15,15.834211349487305,15.96928368375387,15.699137844171485,15.871049045914686,45450200
2003-05-16,15.699137687683105,15.993841598263062,15.60090305082312,15.889467150218172,60620900
2003-05-19,15.20182991027832,15.680724807639992,15.189550283693487,15.594768592595807,55336300
2003-05-20,15.122011184692383,15.349179557403723,15.042195966255647,15.26322452661809,52677600
2003-05-21,14.753628730773926,15.171125343857183,14.667672546891273,15.122008026373905,108960900
2003-05-22,14.833442687988281,14.900979433004794,14.759767303469472,14.858001930193968,93157100
2003-05-23,14.870284080505371,15.066754553892354,14.753631164148322,14.858005627396333,76968000
2003-05-27,15.22023868560791,15.281634433413886,14.870276599450191,14.888696026421279,68486800
2003-05-28,14.986937522888184,15.269363011130173,14.919400763972831,15.21410587584477,91467000
2003-05-29,14.98080062866211,15.14657206680317,14.876426149578805,15.023778148687661,75451300
2003-05-30,15.109735488891602,15.293925208779193,15.048338525245843,15.183410908426765,85096700
2003-06-02,15.128155708312988,15.367603780292015,15.085178179535935,15.336904708987097,66310800
2003-06-03,15.275504112243652,15.300063363459184,15.085174599521503,15.195688887892285,61058200
2003-06-04,15.269369125366211,15.484256769689855,15.189552710860431,15.343044554548651,83484600
2003-06-05,14.790468215942383,15.05447426850626,14.741350892515339,15.023775209458504,115877900
2003-06-06,14.532602310180664,15.079032692283535,14.520322686278504,15.00535729096935,119629400
2003-06-09,14.58171558380127,14.722927706297884,14.489620772218652,14.563296153065119,73610000
2003-06-10,15.1527099609375,15.195687475520556,14.64311725607515,14.698374395124636,80655300
2003-06-11,15.275504112243652,15.324621443625162,14.99307974956237,15.146571556510777,75768600
2003-06-12,15.343040466308594,15.435135313772367,15.189548663519133,15.330760841033552,66177700
2003-06-13,15.134284973144531,15.502665374673304,15.036050355543395,15.47196749581633,55157500
2003-06-16,15.588624000549316,15.607043434780016,15.146568118456116,15.226383324690573,69658600
2003-06-17,15.938591957092285,16.049106268245126,15.674586978399137,15.742122591064923,122213900
2003-06-18,16.006122589111328,16.227151126468236,15.785094051754422,15.950865454772101,89957700
2003-06-19,16.006122589111328,16.20259187962887,15.969284889901624,16.01840221253101,63626900
2003-06-20,16.165752410888672,16.196450295028292,15.969283141876987,16.171892221926438,86048900
2003-06-23,15.82807445526123,16.110498798335698,15.650023409458173,16.0491018456088,52584500
2003-06-24,15.77895450592041,15.987703407882574,15.668440243581705,15.748255449132284,51820300
2003-06-25,15.508811950683594,15.957007735404275,15.435135369815352,15.742118976508893,60483500
2003-06-26,15.809657096862793,16.276272359470912,15.478114211174278,15.588628506403783,51758100
2003-06-27,15.735978126525879,16.171895428240582,15.67458234607403,15.932448605539918,76040300
2003-06-30,15.742120742797852,16.03682592828764,15.656165698015226,15.926311630110176,48073100
2003-07-01,16.055248260498047,16.085947335010825,15.588632867353388,15.711426823304597,60926000
2003-07-02,16.50343894958496,16.534138014314497,16.239434019208417,16.270131912888377,94069300
2003-07-03,16.270122528076172,16.5464080960291,16.214865414485583,16.38677656466173,39440900
2003-07-07,16.834978103637695,16.91479331220471,16.546413985219317,16.589391495297658,88960800
2003-07-08,17.006893157958984,17.068288945630286,16.730607429239775,16.736747242216826,61896800
2003-07-09,16.86568260192871,17.006895981748407,16.730610207155287,16.920939756847336,62300700
2003-07-10,16.52185821533203,16.83498164599541,16.325388887319615,16.730607169107618,55350800
2003-07-11,16.767438888549805,16.85339506715184,16.50957269484199,16.546411558978214,50377300
2003-07-14,16.822702407836914,17.07442888653394,16.607813636228588,16.963914594218252,60464400
2003-07-15,16.74288558959961,16.90251719988068,16.63851112022543,16.8656783252431,53567600
2003-07-16,16.896364212036133,16.957761117506692,16.6998950513692,16.920922271595213,49838900
2003-07-17,16.38678550720215,16.742886449644498,16.294690657976457,16.66307005487923,72805000
2003-07-18,16.50957489013672,16.718323797136268,16.423619871154305,16.64464840116543,63388400
2003-07-21,15.987703323364258,16.52185402711187,15.963144078063587,16.49729595286047,48480800
2003-07-22,16.196453094482422,16.30696737016549,16.04296130515581,16.13505731559131,51791000
2003-07-23,16.239429473876953,16.362222185277325,16.049098838975112,16.221010040194734,49828200
2003-07-24,15.963143348693848,16.527993083258828,15.95086372660458,16.44203807073238,53556600
2003-07-25,16.50957489013672,16.546413759171443,16.006122057155203,16.135055756678128,54173000
2003-07-28,16.33766746520996,16.577114296986146,16.263990886406024,16.540276593108924,52658300
2003-07-29,16.251705169677734,16.51571115244565,16.11049304853877,16.503431532072945,62391100
2003-07-30,16.104352951049805,16.313101809465504,16.067515261637926,16.245565069669535,41240300
2003-07-31,16.21486473083496,16.570965463933216,16.153467810428605,16.33151876250216,64504800
2003-08-01,16.067514419555664,16.276263267031048,16.03681654182945,16.16574903353832,42649700
2003-08-04,16.07366371154785,16.214875906071235,15.809657591582605,16.055244271416676,51825600
2003-08-05,15.75439739227295,16.294689154360015,15.717559690191834,16.153475816125106,58825800
2003-08-06,15.748252868652344,16.079795601342475,15.613180554065114,15.680717296883271,56294900
2003-08-07,15.785088539123535,15.846485463730938,15.625458174612797,15.791228348689168,44258500
2003-08-08,15.705281257629395,15.95086790855587,15.656163927444101,15.889470953061869,33241400
2003-08-11,15.72369384765625,15.957000771664884,15.68071634884274,15.72369384765625,36433900
2003-08-12,15.797379493713379,15.821938749598484,15.625469386716743,15.785099865770826,38208400
2003-08-13,15.717555046081543,15.895604862739251,15.65615811338785,15.834209101094647,39636900
2003-08-14,15.735978126525879,15.785095453517027,15.668442533818956,15.754397563291104,37338300
2003-08-15,15.680713653564453,15.754389018567068,15.613176926438046,15.723691144990779,27607900
2003-08-18,15.77895450592041,15.85876971147099,15.631601375435952,15.69299831796293,45817400
2003-08-19,16.343812942504883,16.362231215302568,15.821940410655666,15.871057756532656,72952900
2003-08-20,16.239429473876953,16.288546792646954,15.963143823889927,16.14733347651511,56739300
2003-08-21,16.110496520996094,16.41134025867695,16.042959765438386,16.36222293764843,63802700
2003-08-22,16.098215103149414,16.546411924994644,16.09207529232423,16.44203748306482,65846300
2003-08-25,16.270122528076172,16.29468176569372,16.104351187304413,16.15346849149061,36132900
2003-08-26,16.31310272216797,16.37449965532222,15.938582483871217,16.153471164386552,47546000
2003-08-27,16.22101402282715,16.31924868448602,16.147337441058227,16.276271166391457,30633900
2003-08-28,16.27626609802246,16.319243602733987,16.110494718950136,16.270126287199503,46211200
2003-08-29,16.282411575317383,16.300829843146857,16.178037097101903,16.245572697559272,34503000
2003-09-02,16.73674201965332,16.761300092848778,16.251707485263903,16.392920797572362,74168900
2003-09-03,17.375267028808594,17.43666396795564,16.81041729654436,16.834976540622865,109437800
2003-09-04,17.45508575439453,17.47964383073486,17.184939888354677,17.25247664762698,59840800
2003-09-05,17.424388885498047,17.6515572682116,17.295456333642704,17.332294038308586,64024500
2003-09-08,17.706819534301758,17.75593687841848,17.39983584080977,17.430533741739026,46105300
2003-09-09,17.41824722290039,17.626994960501435,17.38140835357434,17.5901572622247,44315200
2003-09-10,16.914791107177734,17.30159098955788,16.87181360270198,17.20949616981709,54763500
2003-09-11,17.092849731445312,17.258621183553114,16.939357906393575,16.982335430040113,37813300
2003-09-12,17.399826049804688,17.436663744400935,16.853395757605092,16.87181401937862,55777200
2003-09-15,17.412109375,17.565601168020663,17.39368993825972,17.418249187246758,41432300
2003-09-16,17.74365234375,17.77435140724124,17.387551404598323,17.442808547833025,52060600
2003-09-17,17.498062133789062,17.774347793794924,17.47964269943891,17.65769371834253,47221600
2003-09-18,18.112035751342773,18.118175565004787,17.448951099491534,17.49192862407592,67268100
2003-09-19,18.394454956054688,18.400594767981868,18.12431025755505,18.27166223065923,92433800
2003-09-22,17.8480224609375,18.419012020954984,17.68839088289665,18.044491735126474,65678700
2003-09-23,18.17342185974121,18.240957427576813,17.731364908567727,17.8787180063249,57827800
2003-09-24,17.4735050201416,18.234825338155765,17.448946942394063,18.179568199412007,66336500
2003-09-25,17.338430404663086,17.780486285937187,17.326150781865373,17.47964255368893,56224500
2003-09-26,17.307741165161133,17.669982021313643,17.277042092830488,17.356858509840293,49864700
2003-09-29,17.700679779052734,17.749797123333583,17.252483866108754,17.44281342881581,47380300
2003-09-30,17.068288803100586,17.565603110642307,17.03759090952128,17.553323484790756,63333700
2003-10-01,17.510343551635742,17.577879142410648,17.074426262391498,17.209499786040137,58375900
2003-10-02,17.498062133789062,17.651553906892477,17.307732663034635,17.467364247588097,38143600
2003-10-03,17.854164123535156,18.087471118065157,17.7620692880904,17.90328144717565,57303000
2003-10-06,17.921693801879883,17.98922936329662,17.749782651535025,17.89713456423823,34047600
2003-10-07,17.891002655029297,18.03221599172713,17.75593030150248,17.81118743954741,52356800
2003-10-08,17.694528579711914,18.026071318575482,17.60857357528763,18.026071318575482,46989100
2003-10-09,17.768211364746094,18.019937826871026,17.682255159131824,17.9401214338756,62653300
2003-10-10,17.749784469604492,17.92783544759712,17.60243254180837,17.749784469604492,37604700
2003-10-13,17.66996955871582,17.86643879886306,17.498058388062464,17.792762248283324,39320300
2003-10-14,17.608572006225586,17.66382912444567,17.48577814994784,17.59629238638801,34851300
2003-10-15,17.948158264160156,18.06546681907384,17.71971659038125,18.028422446118768,57242100
2003-10-16,18.046939849853516,18.09633272818832,17.78145268719678,17.849368336514303,42232500
2003-10-17,17.861717224121094,18.083985770086514,17.781453059136187,18.077811512963127,49960000
2003-10-20,18.12102699279785,18.133375504903242,17.78144997561318,17.874062638784682,38794500
2003-10-21,18.12102699279785,18.170419863600486,18.009892739087192,18.12102699279785,44166800
2003-10-22,17.837020874023438,18.03459239900955,17.781453735418697,17.923459299419246,48798500
2003-10-23,17.849367141723633,17.954327148361727,17.349264134856966,17.73205862192364,67357900
2003-10-24,16.4293270111084,16.917081680259752,16.312018449112216,16.836818671074653,210558300
2003-10-27,16.614540100097656,16.73184859173794,16.558972981826926,16.614540100097656,65619100
2003-10-28,16.79359245300293,16.805939787411045,16.59601979342709,16.725676814473143,71752600
2003-10-29,16.50958251953125,16.82446250964998,16.460189649176485,16.768895383298503,73551500
2003-10-30,16.126787185668945,16.69480575245652,15.997130172075193,16.6762829854806,98729400
2003-10-31,16.13913917541504,16.324363365753808,16.120617580714597,16.28114474129385,69623700
2003-11-03,16.47254180908203,16.515760433011028,16.231751659980944,16.268796026545914,57772300
2003-11-04,16.095922470092773,16.43549960405914,16.05887809865585,16.41697682953101,84026100
2003-11-05,16.114444732666016,16.250274875365644,16.052703330486437,16.145314844946157,61514400
2003-11-06,16.194705963134766,16.237924586656355,16.05270157795835,16.213228735052233,68189800
2003-11-07,16.114444732666016,16.355234905785135,16.071226104426103,16.28731924562567,57822100
2003-11-10,16.052698135375977,16.194702490098837,16.052698135375977,16.126788029537728,54579100
2003-11-11,15.929215431213379,16.102091066498556,15.84895245838532,16.058872452081992,64990700
2003-11-12,16.040348052978516,16.1391337837766,15.805732236737768,15.960085088312123,75877300
2003-11-13,15.86130142211914,16.00948003760411,15.713122806634171,15.966261421956698,78949500
2003-11-14,15.743996620178223,16.06505095153204,15.706952251981777,15.867479417658686,83146400
2003-11-17,15.5278959274292,15.706945792378301,15.336498729905376,15.676074516894621,103900200
2003-11-18,15.5278959274292,15.953910108154002,15.509374339757741,15.639030163932953,106868300
2003-11-19,15.65138053894043,15.768689044517867,15.540246289195371,15.61433618156504,78853300
2003-11-20,15.497029304504395,15.824256654675228,15.484680791541983,15.540247922253824,106845700
2003-11-21,15.503203392028809,15.669903604728592,15.484680622787055,15.639033500278002,70712900
2003-11-24,15.886004447937012,15.93539734208545,15.608169859959363,15.639039977194829,99463800
2003-11-25,15.682254791259766,16.021831886206524,15.669906276326605,15.972439004093074,85663800
2003-11-26,15.713126182556152,15.824259284832305,15.632862012578743,15.811911947436649,69758400
2003-11-28,15.873644828796387,15.898341847408542,15.68224764502683,15.743989013938556,33402600
2003-12-01,15.953920364379883,16.182362061722674,15.744000266615451,15.990964741156105,101914600
2003-12-02,15.842777252197266,16.108264356397843,15.811907151642298,16.021827132748857,85121700
2003-12-03,15.848959922790527,16.095924391211874,15.818089805845164,15.941571451246098,93121600
2003-12-04,16.17618179321289,16.19470338456212,15.842779017498938,15.879823377816383,87202400
2003-12-05,16.040348052978516,16.349053756127226,16.003303698333934,16.027999542224055,96610900
2003-12-08,16.20088005065918,16.262621445451202,15.935392877386892,16.126791319004077,90504000
2003-12-09,16.287315368652344,16.429320913148675,16.20705238925791,16.324360907713483,103547100
2003-12-10,16.416982650756836,16.441678514598472,16.287325538324055,16.330545360881484,82853700
2003-12-11,16.4293270111084,16.528112796699038,16.22558118112527,16.416978493504704,79309000
2003-12-12,16.454015731811523,16.552801474554112,16.36140424519271,16.478712756306642,69154100
2003-12-15,16.50958251953125,16.731851024937157,16.472538161169904,16.700979744953603,88860600
2003-12-16,16.7071590423584,16.768900443337138,16.528110274901255,16.56515464444079,73978000
2003-12-17,16.694805145263672,16.71950098938119,16.57749664725373,16.694805145263672,53712300
2003-12-18,16.917076110839844,16.94794739468567,16.700981834395325,16.73185311824115,61177800
2003-12-19,16.892385482788086,17.009692864804524,16.78742544050745,16.97264849035825,76856400
2003-12-22,16.781248092651367,16.935600998319433,16.6515910395282,16.76889957756931,43894800
2003-12-23,16.76272964477539,16.880038213081853,16.676292372138796,16.77507816304334,39609000
2003-12-24,16.694805145263672,16.768893855235035,16.670108123527342,16.75654534436687,19924200
2003-12-26,16.799772262573242,16.824469296522693,16.670116367196798,16.70098648201422,12076900
2003-12-29,16.954118728637695,16.997338521572956,16.768895755105213,16.799765858154313,40426700
2003-12-30,16.991161346435547,17.009682934035503,16.91707146317949,16.92324571825239,34406600
2003-12-31,16.898557662963867,17.00969077263345,16.812119229728474,16.929427774935537,42198900
2004-01-02,16.947940826416016,17.145512255983117,16.873850951519046,17.028203778070672,44487700
2004-01-05,17.37395477294922,17.398651791866154,17.11464196241481,17.120816217144046,67333700
2004-01-06,17.435701370239258,17.460398396560915,17.330741363610272,17.404831264956215,46950800
2004-01-07,17.417179107666016,17.478920497648968,17.293697505319177,17.392483258244273,54298200
2004-01-08,17.38631248474121,17.583884030173838,17.2875267120249,17.528316885818498,58810800
2004-01-09,17.077600479125977,17.324564821669235,17.034381866383264,17.306043231990287,67079900
2004-01-12,17.022045135498047,17.120830940883206,16.88621494749838,17.083786558268695,55845200
2004-01-13,16.93560028076172,17.065256150772182,16.830640262249798,17.009689012876507,51555900
2004-01-14,17.10230255126953,17.120824146416574,16.96029698196661,16.991168269910386,43907000
2004-01-15,17.00351905822754,17.11465217682445,16.929429134876884,17.009692139022327,58504100
2004-01-16,17.17021369934082,17.213432316460626,16.997339230861613,17.108472313047248,63983400
2004-01-20,17.34926414489746,17.411005533123667,17.244304138198626,17.27517424350221,63068500
2004-01-21,17.472742080688477,17.472742080688477,17.194907658345215,17.36778209599379,53570600
2004-01-22,17.293691635131836,17.559178697608,17.250473030099652,17.509785837911412,78425200
2004-01-23,17.58387565612793,17.756751264861823,17.42334855750762,17.460394087848357,127259100
2004-01-26,17.78145980834961,17.799982586750364,17.485102419655018,17.590062475353466,58299600
2004-01-27,17.44187355041504,17.732056509434898,17.423350782878877,17.682663640290688,63196200
2004-01-28,17.10848045349121,17.559191963555566,16.96030176245263,17.472753510568392,71336000
2004-01-29,17.231964111328125,17.256661149828876,17.022043994550202,17.170222692695862,63748400
2004-01-30,17.071426391601562,17.225779254414633,17.00968501095256,17.188734897072784,40528700
2004-02-02,16.917076110839844,17.16404049351112,16.818290357771332,17.046733147754182,62891800
2004-02-03,16.84915542602539,17.00968133233,16.781239804237465,16.917069870194684,47993800
2004-02-04,16.676284790039062,16.935597667668237,16.676284790039062,16.80594064004416,60648000
2004-02-05,16.645414352416992,16.775071386615377,16.56515137133726,16.707155741196267,55527500
2004-02-06,16.719511032104492,16.78742670505474,16.62689950020294,16.68864091401048,47209600
2004-02-09,16.60837173461914,16.81211751465739,16.577501625796653,16.787421663123233,48108500
2004-02-10,16.682464599609375,16.76272760333722,16.558981787207216,16.589853079117443,37790600
2004-02-11,16.76272964477539,16.812122540227662,16.577506581234257,16.651595335602902,51515300
2004-02-12,16.639240264892578,16.762721857347874,16.626891752361356,16.725677497373184,44537000
2004-02-13,16.416982650756836,16.707165822209635,16.361415485088465,16.65777291690661,67541100
2004-02-17,16.663938522338867,16.731854173463834,16.416974124092363,16.497237111915297,43477000
2004-02-18,16.52811050415039,16.738030563818185,16.50958773031407,16.60837350220253,50334700
2004-02-19,16.33670997619629,16.657764283071135,16.318188382319875,16.62071991769916,61840600
2004-02-20,16.40462303161621,16.54662739108808,16.361404415917725,16.46019015969111,57821900
2004-02-23,16.4293270111084,16.521938537897192,16.349062824303843,16.503415761491652,50256800
2004-02-24,16.596023559570312,16.639243361472836,16.392277775363752,16.42932331985163,55426500
2004-02-25,16.484891891479492,16.66394066158657,16.429324747538153,16.608373517645234,64275700
2004-02-26,16.361408233642578,16.454019742837463,16.305841092601803,16.416975374683357,66602700
2004-02-27,16.37992286682129,16.435489980248988,16.26878863996589,16.342877339457058,58266500
2004-03-01,16.484891891479492,16.49723922976256,16.361409087694458,16.441672085821224,51912300
2004-03-02,16.293489456176758,16.478713616704376,16.268793608011148,16.429320742754143,66331000
2004-03-03,16.281145095825195,16.39227819930541,16.18853240982952,16.268796580676543,54998700
2004-03-04,16.281145095825195,16.312015206077607,16.182358152255194,16.25644806552789,44023200
2004-03-05,16.268798828125,16.423151755948542,16.176187306954752,16.194708904617173,59849800
2004-03-08,15.94774341583252,16.26879776740143,15.935394899783105,16.244100735302606,69367800
2004-03-09,15.879828453063965,16.03418137760719,15.768695336593103,15.929221341813022,81111700
2004-03-10,15.663735389709473,15.92922143223051,15.651386873047274,15.836609912502764,75155800
2004-03-11,15.49085807800293,15.91687243758157,15.478509562625172,15.546425219583588,90536300
2004-03-12,15.669914245605469,15.750178455871948,15.577302691745516,15.66991424560547,64137100
2004-03-15,15.534072875976562,15.70077425963652,15.47233149192262,15.62051010708071,68835300
2004-03-16,15.546425819396973,15.663734364773177,15.497032933599511,15.595818705194434,65453800
2004-03-17,15.515549659729004,15.71929539689408,15.503202325369696,15.589639553979449,56241400
2004-03-18,15.367371559143066,15.453809968242053,15.175974327600596,15.410590174883081,123231000
2004-03-19,15.206847190856934,15.39824563475544,15.163628567273133,15.293285615643708,86281600
2004-03-22,15.126582145690918,15.33650215539166,14.82405064409138,15.114233632739342,127605200
2004-03-23,14.910484313964844,15.2253642532186,14.88578847158623,15.219189998219266,91696300
2004-03-24,15.07101058959961,15.175970563629695,14.929006265211452,15.05248782561124,97584700
2004-03-25,15.552600860595703,15.583470974166588,15.17597935141031,15.188327867886404,85677900
2004-03-26,15.453814506530762,15.750171825166298,15.435291732508801,15.503207392970017,61584900
2004-03-29,15.626693725585938,15.682260886764249,15.435296380204901,15.58964934400695,51881600
2004-03-30,15.558771133422852,15.639034114719232,15.45381112550048,15.564944212460304,59010400
2004-03-31,15.392068862915039,15.55877025032153,15.355024502697702,15.55877025032153,70533200
2004-04-01,15.484683990478516,15.503206763748699,15.342679594931532,15.404420994879558,69051900
2004-04-02,15.960090637207031,15.99096074720709,15.706951966825075,15.73164781930128,98043800
2004-04-05,16.021833419799805,16.040355016353214,15.886002097771788,15.935394984613072,53800300
2004-04-06,15.929215431213379,15.99095681364515,15.842778202380249,15.91069384081709,48992000
2004-04-07,15.799560546875,15.916869062853195,15.6513819266168,15.892172037334,63268900
2004-04-08,15.731643676757812,15.960086434508755,15.657554961219438,15.94156366681471,45294600
2004-04-12,15.811909675598145,15.892172656424245,15.700775411670438,15.731645517153005,38786800
2004-04-13,15.713126182556152,15.910697712317145,15.688429152526423,15.855130572369465,56971500
2004-04-14,15.75017261505127,15.85513265120094,15.669908434550095,15.67608269286706,61079600
2004-04-15,15.571121215820312,15.886001295131422,15.497032478111379,15.76251967307678,73756900
2004-04-16,15.534072875976562,15.682251491134652,15.503202772759067,15.639032875582577,51768600
2004-04-19,15.76252269744873,15.805741332341224,15.472338415822884,15.484686933683447,44592100
2004-04-20,15.639037132263184,15.978613070558243,15.608167020643366,15.836608672916256,59902600
2004-04-21,15.713126182556152,15.73782203496667,15.558773277727974,15.65755904260847,49252000
2004-04-22,16.021833419799805,16.04652927441079,15.725474921132788,15.750171953363086,99207700
2004-04-23,17.00351905822754,17.11465217682445,16.880036245182907,16.917080618048544,258269000
2004-04-26,16.81829071044922,17.009687963830658,16.731853469106458,16.947947750082452,89391000
2004-04-27,16.80594253540039,16.898555213127626,16.750375399811695,16.768898170880966,80716800
2004-04-28,16.39845085144043,16.700982377248696,16.34288371633084,16.67628652698838,72842200
2004-04-29,16.34906005859375,16.633070027336515,16.244100031956965,16.367582831865864,77787300
2004-04-30,16.132959365844727,16.51575495204438,16.027999380726982,16.416969222241654,66172200
2004-05-03,16.268798828125,16.37375886614978,16.170013048527487,16.170013048527487,65916200
2004-05-04,16.256446838378906,16.386103882413913,16.065049578499657,16.268795352595408,55496400
2004-05-05,16.237932205200195,16.423156478421244,16.207062081806548,16.250280725605542,51841700
2004-05-06,16.126787185668945,16.262617277302486,16.07122006236003,16.151483030684656,62693900
2004-05-07,15.9168701171875,16.287316103561864,15.898347346821154,16.07122300404984,68290200
2004-05-10,16.009485244750977,16.083573987781634,15.818087951365886,15.824261031935658,64621400
2004-05-11,16.015661239624023,16.120621284981745,15.923049711983552,16.10827276726449,57917200
2004-05-12,16.015661239624023,16.052705615156317,15.70078110355085,15.9724426052331,64145600
2004-05-13,16.114444732666016,16.170011876865704,15.923047445766697,15.94156904208706,63861500
2004-05-14,15.966265678405762,16.157662960562774,15.830434361452367,16.05270293274391,43775300
2004-05-17,15.768691062927246,15.923043945637408,15.694601161073992,15.725471266568409,55149600
2004-05-18,15.94774341583252,16.0341806729398,15.830434868601705,15.867480416749945,58158600
2004-05-19,15.818084716796875,16.21940199607083,15.818084716796875,16.071223362690557,60052800
2004-05-20,15.886004447937012,15.972442895911392,15.79956717758212,15.898352965878994,52089900
2004-05-21,15.984786033630371,16.17618447855153,15.916871558044027,16.03417891479279,57809300
2004-05-24,15.904525756835938,16.15766446318399,15.892177240033744,16.083574539990213,56250500
2004-05-25,16.114444732666016,16.170011876865704,15.80573889938743,15.873653381927596,66615000
2004-05-26,16.13913917541504,16.145313432854916,15.960090420135343,16.04652766905525,50306900
2004-05-27,16.170019149780273,16.170019149780273,16.003317642202582,16.151496367509477,49071900
2004-05-28,16.194705963134766,16.268795873185468,16.065050092569994,16.139138825001528,37393000
2004-06-01,16.12061309814453,16.21939883447539,15.97243449364824,16.132960431971735,48369500
2004-06-02,16.132959365844727,16.225572017951222,16.05887065730208,16.126786288148498,54020000
2004-06-03,15.984786033630371,16.13296467711763,15.966264439206448,16.083571795955212,45933100
2004-06-04,16.021833419799805,16.200882192992218,16.015659161742228,16.071226306641087,48815300
2004-06-07,16.31818199157715,16.31818199157715,16.034172161301974,16.06504343503769,65218600
2004-06-08,16.42314910888672,16.45401921842807,16.200880551807575,16.225577581536008,58447700
2004-06-09,16.3428897857666,16.454024097258934,16.29967114854615,16.29967114854615,50385500
2004-06-10,16.52811050415039,16.540459020041272,16.287319154755394,16.287319154755394,48109200
2004-06-14,16.60837173461914,16.60837173461914,16.379930103046732,16.392277440004225,67377500
2004-06-15,16.92325210571289,17.040560641137077,16.651590668063943,16.66393918287053,114183400
2004-06-16,16.867687225341797,16.978821518243944,16.762727190669697,16.88003574180189,67431100
2004-06-17,17.145519256591797,17.238130754812826,16.84916199123686,16.861509327412328,105427500
2004-06-18,17.503618240356445,17.596229740307926,17.10230095548728,17.145519576956698,134218700
2004-06-21,17.503618240356445,17.695015497272056,17.361613861922898,17.423354076811144,116881700
2004-06-22,17.46657371520996,17.50361807932593,17.17021526942491,17.380135295447232,98932000
2004-06-23,17.472742080688477,17.52213494539075,17.287519132459636,17.411001883024717,58558400
2004-06-24,17.528308868408203,17.68883597005229,17.50978728050769,17.583875987347263,65503800
2004-06-25,17.639448165893555,17.67649252993895,17.4418766541593,17.583881031015906,71136500
2004-06-28,17.460397720336914,17.75058070266371,17.39248207820169,17.657969212782305,77024100
2004-06-29,17.59622573852539,17.64561860577439,17.398654269529384,17.398654269529384,55371700
2004-06-30,17.63326644897461,17.781445020086494,17.528306480568034,17.639440703306597,83544400
2004-07-01,17.676490783691406,17.806147811470225,17.448049187423415,17.719710578030334,78441400
2004-07-02,17.639448165893555,17.707363814659367,17.534488153082343,17.670319450613967,36690100
2004-07-06,17.299877166748047,17.49127447563263,17.250484274854625,17.485100216943522,69158900
2004-07-07,17.34926414489746,17.485094256899885,17.00968709846286,17.08377699985811,66255700
2004-07-08,17.06525421142578,17.380134231177642,17.009687079844923,17.213432836435064,59125100
2004-07-09,17.201087951660156,17.287525200826142,17.06525664283452,17.151695069619706,50249300
2004-07-12,17.219608306884766,17.287523956408776,17.03438530697089,17.083778185455863,45757300
2004-07-13,17.04056167602539,17.256655987787486,17.04056167602539,17.231958956674443,43274100
2004-07-14,17.367782592773438,17.509788113270776,16.88002818708932,16.91707254227093,87656300
2004-07-15,17.20726203918457,17.4110078227917,17.164042237409202,17.318395139463668,46759700
2004-07-16,16.966472625732422,17.411009787488116,16.82446822244683,17.39866127130172,66406300
2004-07-19,17.256649017333984,17.44804622067224,17.04055479285852,17.052903303427126,60354500
2004-07-20,17.485097885131836,17.583883655744614,17.194914831159206,17.28752634390628,89010700
2004-07-21,17.818496704101562,18.45442981103113,17.7876254217726,18.45442981103113,201518000
2004-07-22,17.904935836791992,18.09015883991805,17.79997582098879,17.948154459013463,124640700
2004-07-23,17.306041717529297,17.534483272783692,17.29986746230367,17.522134762332435,97372700
2004-07-26,17.69501495361328,17.725885060108958,17.411006205472027,17.509791959401078,72387600
2004-07-27,17.559179306030273,17.75675075166244,17.36778093765774,17.719706400011088,72968400
2004-07-28,17.64561653137207,17.775273528670123,17.460393595367663,17.4974379470448,62718800
2004-07-29,17.58387565612793,17.781447107470242,17.44187132267799,17.769099774975402,60148400
2004-07-30,17.590049743652344,17.78762119311293,17.49126401892205,17.565353901279135,59552900
2004-08-02,17.60857391357422,17.627095502427217,17.386305426387654,17.45422105916551,52267000
2004-08-03,17.330739974975586,17.546834227499307,17.287521359994628,17.52213720315651,53990900
2004-08-04,17.32456398010254,17.41100237900796,17.28134536945924,17.29369388039127,46217900
2004-08-05,16.997343063354492,17.4171819940526,16.99116880557109,17.386311882754843,55591700
2004-08-06,16.756555557250977,17.201092798493587,16.707162661292855,16.904734245125336,75628000
2004-08-09,16.781248092651367,16.842989490442438,16.731855209942353,16.83064097536038,51877500
2004-08-10,17.114648818969727,17.13317159057811,16.82446579615328,16.855335904548102,57632700
2004-08-11,16.92325210571289,16.98499350212663,16.793596233101304,16.910903590906305,53097300
2004-08-12,16.596023559570312,16.861510740304144,16.58367622236021,16.812117858606168,50279700
2004-08-13,16.682464599609375,16.824469009538298,16.657767566081194,16.67629034122733,43333200
2004-08-16,16.725679397583008,16.79359504660167,16.645415234630207,16.688635033399695,54347200
2004-08-17,16.70098876953125,16.904734617043516,16.65777013181949,16.805948822953905,56879700
2004-08-18,16.954118728637695,16.97881575317213,16.602194372354614,16.62689139688905,58844000
2004-08-19,16.744199752807617,16.947945492850213,16.676284113587105,16.886204109706014,46293000
2004-08-20,16.79359245300293,16.898552449994906,16.69480671202447,16.750372660908297,46494800
2004-08-23,16.867908477783203,16.923639547885806,16.793601171708623,16.886485894848516,39572200
2004-08-24,16.867908477783203,17.00413932631549,16.77502375464331,16.9669856732782,40835300
2004-08-25,17.059860229492188,17.13416867237554,16.830744794362726,16.84932101926409,53512700
2004-08-26,16.991743087768555,17.090820210523507,16.96078074872484,17.004126842293573,35465500
2004-08-27,17.00413703918457,17.12179163591982,16.997945748755555,17.02890692527333,33248700
2004-08-30,16.90505599975586,16.960787049646125,16.62640193139743,16.90505599975586,36679600
2004-08-31,16.90505599975586,16.91744093997434,16.750247790303543,16.898864710739524,52106700
2004-09-01,16.960792541503906,17.041293497897126,16.805984281925102,16.861715349860933,48507500
2004-09-02,17.103208541870117,17.140362175006715,16.936015421116373,16.966976585214756,42161700
2004-09-03,16.78740119934082,17.103210061798976,16.78120872975229,17.00413172947531,46174400
2004-09-07,16.94221305847168,16.95459681923315,16.818366002112512,16.89886694307389,44893400
2004-09-08,16.880294799804688,17.01033318659207,16.805986306573732,16.90506351015272,53278100
2004-09-09,16.892675399780273,17.01032881057986,16.83075186820026,16.905059161221775,56904700
2004-09-10,17.022703170776367,17.035088105611774,16.83074140519714,16.929818521695605,52664500
2004-09-13,16.87409782409668,17.072252178377227,16.558288879052135,17.047483474638717,48239200
2004-09-14,16.991743087768555,17.035089181337288,16.88647349720486,16.948396994199822,55920000
2004-09-15,16.836936950683594,16.966975246951318,16.805974607934655,16.942206553844777,52605700
2004-09-16,16.880294799804688,16.936025874454547,16.824563725154828,16.855524908363225,35951500
2004-09-17,17.03509521484375,17.047480154847744,16.88028700807246,16.96078675591266,65283000
2004-09-20,17.03509521484375,17.12178743268595,16.92363311699356,16.99174910592265,51513600
2004-09-21,16.880294799804688,17.047488023754266,16.87410232694432,16.997949421964773,73874400
2004-09-22,16.79359245300293,17.177516090951617,16.762630107302087,16.892669597060188,68409000
2004-09-23,16.936017990112305,16.96078668892959,16.824555892702314,16.836940832657397,52155800
2004-09-24,16.898868560791016,17.004137033352606,16.836945026683534,16.960790913805322,49859800
2004-09-27,16.836936950683594,16.917436679645622,16.799782139384863,16.824552013584018,47813600
2004-09-28,16.88648223876953,16.942213296805846,16.744058948718095,16.84932741268327,62055100
2004-09-29,17.07843780517578,17.14655378007126,16.861706124129594,16.880283530308173,61529300
2004-09-30,17.121780395507812,17.208473758811284,17.041280680753587,17.084626771859124,71218000
2004-10-01,17.49333381652832,17.53667994143505,17.20229470565932,17.227063413708887,66302800
2004-10-04,17.412824630737305,17.623362669230158,17.38186228603785,17.61097891244306,62016200
2004-10-05,17.573829650878906,17.61717694715279,17.4004451901556,17.43140636354389,58017700
2004-10-06,17.66671371459961,17.679097474024292,17.48094315011413,17.58002031206921,56999600
2004-10-07,17.44379234313965,17.703870230790766,17.437599871874962,17.67290905556047,38401500
2004-10-08,17.332326889038086,17.542866147171875,17.31994194889071,17.40044287875575,49556600
2004-10-11,17.375675201416016,17.474752372970606,17.295175442437802,17.46236861234607,44691000
2004-10-12,17.357091903686523,17.43759162989249,17.220859962440564,17.233244899116116,56412900
2004-10-13,17.357091903686523,17.50570760051547,17.3013608697391,17.456169034905823,49500700
2004-10-14,17.214672088623047,17.43759628391024,17.214672088623047,17.363289006209765,41548700
2004-10-15,17.332326889038086,17.487135097601584,17.22705725997119,17.31994194889071,49828500
2004-10-18,17.592403411865234,17.61717329030876,17.326133124061393,17.381864169466514,50350700
2004-10-19,17.449983596801758,17.703868995472902,17.443791125969163,17.66671535157038,57026500
2004-10-20,17.771984100341797,17.802945271855656,17.412829077753297,17.474751420781015,69078100
2004-10-21,17.685291290283203,17.889638100004696,17.62956023480525,17.84009951525685,94988500
2004-10-22,17.177520751953125,17.549060733529,17.078443581011964,17.524290850247187,101912800
2004-10-25,17.109405517578125,17.196098931840368,17.059866929896742,17.134175401965365,61529500
2004-10-26,17.276594161987305,17.276594161987305,17.109401029510142,17.15893960419677,76966600
2004-10-27,17.43140983581543,17.555256916224568,17.078447192070662,17.2518328684248,72392600
2004-10-28,17.344711303710938,17.672905121116052,17.27659531605691,17.406634821478885,63059600
2004-10-29,17.319936752319336,17.4313988180175,17.21466715483691,17.412822594462835,80010100
2004-11-01,17.388059616088867,17.511906667324737,17.313751149128745,17.437598200364615,72930900
2004-11-02,17.487131118774414,17.62955435478514,17.357092820093136,17.49951605610386,89417100
2004-11-03,17.62957000732422,17.741032180066444,17.530492782907505,17.741032180066444,79666700
2004-11-04,17.957752227783203,17.957752227783203,17.57382735012903,17.57382735012903,87867700
2004-11-05,18.14971160888672,18.180673955105643,17.976327194431725,18.08778809754162,95337700
2004-11-08,18.131132125854492,18.254977945208957,18.038246284972985,18.069208625630996,112802100
2004-11-09,18.434558868408203,18.508866135454245,18.17448107156163,18.224019643289896,100401000
2004-11-10,18.40979766845703,18.576990869747142,18.38502896146587,18.527452274671546,84097700
2004-11-11,18.56460189819336,18.626525423877126,18.465524729536543,18.508870843187275,87358900
2004-11-12,18.55840301513672,18.70082742932619,18.453133412175426,18.67605755517407,162269000
2004-11-15,18.903486251831055,18.979404290232313,18.77235676998019,18.868978770581045,104468000
2004-11-16,18.717144012451172,18.868978772896288,18.668831695768787,18.862077013370236,64522600
2004-11-17,18.751651763916016,18.87588080442308,18.675733724411465,18.80686452454404,58830700
2004-11-18,18.68263053894043,18.75164680055159,18.63431955072533,18.724039769356846,63249900
2004-11-19,18.537694931030273,18.682627875009786,18.523891417401128,18.655022164127004,85808600
2004-11-22,18.39276695251465,18.51009422568317,18.01317941269789,18.461783227856596,92410800
2004-11-23,18.30994415283203,18.427271398303464,18.220222621155003,18.303042395289516,70459700
2004-11-24,18.3858642578125,18.447978770822072,18.2202259952456,18.37206205654718,60069200
2004-11-26,18.35826301574707,18.510097797699142,18.32375421322872,18.33065597373239,24398700
2004-11-29,18.4755916595459,18.59982072492333,18.36516611618292,18.38587008282828,67079900
2004-11-30,18.50319480895996,18.64122737711836,18.42727808121136,18.461785565062893,75960400
2004-12-01,18.80687141418457,18.827576700646198,18.503200461296714,18.599823815074437,99889000
2004-12-02,18.69644546508789,18.9103948219189,18.57911814365608,18.820674548530576,96088300
2004-12-03,18.793062210083008,18.93799653875808,18.730947685847422,18.74475120598336,76498400
2004-12-06,18.862083435058594,18.938001499315842,18.6826415754174,18.70334686104478,55297400
2004-12-07,18.68263053894043,18.896579765196893,18.63431955072533,18.813761304364064,111656000
2004-12-08,18.882787704467773,18.882787704467773,18.572215018653605,18.6412313173208,95655000
2004-12-09,18.793062210083008,18.882783774590465,18.59291643361645,18.724045925779453,83006000
2004-12-10,18.689542770385742,18.758559070673737,18.661937040096408,18.689542770385742,70949200
2004-12-13,18.80687141418457,18.827576700646198,18.572216766458936,18.703347614629504,93812500
2004-12-14,18.793062210083008,18.86207849438656,18.661932717920003,18.66883316161184,127843200
2004-12-15,18.71023941040039,18.910385140745024,18.682632376490325,18.786156120901403,106303900
2004-12-16,18.744749069213867,18.827568864212484,18.641225312747583,18.73784730993265,88997500
2004-12-17,18.60671615600586,18.855174219814113,18.496290642396847,18.634323192596092,126184400
2004-12-20,18.599807739257812,18.73783891390536,18.558397202125693,18.641216960014535,85552800
2004-12-21,18.68263053894043,18.75164680055159,18.592910320308913,18.63431955072533,94646100
2004-12-22,18.613616943359375,18.73784596877766,18.48248747552976,18.52389671187722,63651900
2004-12-23,18.641218185424805,18.737840145667228,18.516989198612844,18.54459622518238,65801900
2004-12-27,18.530805587768555,18.70334567458879,18.510100303454625,18.641231138023393,55958500
2004-12-28,18.599807739257812,18.65502047239191,18.49628271280291,18.530791493746342,55075900
2004-12-29,18.565309524536133,18.63432580932739,18.510096759978357,18.530802040328577,47594900
2004-12-30,18.468685150146484,18.592914183584003,18.461783390913737,18.55840538742026,48355400
2004-12-31,18.44108009338379,18.56530914016079,18.41347436986452,18.46178537330533,54959500
2005-01-03,18.45488739013672,18.599821746496172,18.392772854036437,18.49629664207811,65002900
2005-01-04,18.52389907836914,18.703340880633647,18.39967003708017,18.544604357375988,109442100
2005-01-05,18.482481002807617,18.7033319411514,18.46867749006727,18.52389022465322,72463500
2005-01-06,18.4617862701416,18.675735574219598,18.385868223117466,18.53080255685662,76890500
2005-01-07,18.406574249267578,18.558409033086974,18.372066762701063,18.51009802534336,68723300
2005-01-10,18.496295928955078,18.537706495676275,18.31685540533523,18.35826465568009,70376600
2005-01-11,18.447986602783203,18.510101142163062,18.365168094527693,18.42038087215685,64712000
2005-01-12,18.482481002807617,18.53079198102339,18.372055533635724,18.475579246437444,72940600
2005-01-13,18.130504608154297,18.496288587709515,18.054586582340583,18.413470119890743,89861600
2005-01-14,18.026987075805664,18.254739915335836,17.97177430611278,18.220231111542617,92180800
2005-01-18,18.16501808166504,18.1857233636444,17.83374146825275,17.964872288036208,69146400
2005-01-19,17.930360794067383,18.12360611441385,17.88895155269887,18.089097316293383,58114100
2005-01-20,17.8475399017334,18.013178161220665,17.76472011380183,17.833736384348825,58380100
2005-01-21,17.702608108520508,18.033884674401637,17.695706348850976,17.909656949478254,76501000
2005-01-24,17.716411590576172,17.944164393687156,17.69570631161115,17.77852611109517,69010900
2005-01-25,17.957971572875977,18.075298878170567,17.771627973341687,17.77852973440329,67580700
2005-01-26,17.951065063476562,18.061490578500273,17.87514702825677,17.99247430251646,64974500
2005-01-27,18.020082473754883,18.054589955730915,17.840640671452192,17.909656951780313,93204100
2005-01-28,18.068395614624023,18.39277045928786,17.916559516647414,18.31685372667577,110466500
2005-01-31,18.13741111755371,18.303049412955314,18.05459131166483,18.185722122498824,71442100
2005-02-01,18.21333885192871,18.240945909364743,18.096011490579475,18.1167167836565,57981700
2005-02-02,18.261632919311523,18.289239951098057,18.1374052253993,18.234027203900716,79329500
2005-02-03,18.068395614624023,18.220230396224416,18.01318284709877,18.19952643113758,62545400
2005-02-04,18.16501808166504,18.199526884963973,18.040789022541368,18.06149430452073,61246500
2005-02-07,18.05459213256836,18.151214146851785,17.985575843918962,18.130510181720318,57763400
2005-02-08,18.109804153442383,18.178820439245843,18.054591388074844,18.075296668728733,61343700
2005-02-09,17.992483139038086,18.15812149292245,17.971779167537928,18.116712233545517,77874800
2005-02-10,17.98558235168457,18.033893376306775,17.944173090062208,18.01318940368394,71796400
2005-02-11,17.923460006713867,18.02698509031501,17.813034479490362,17.96487056670477,83835900
2005-02-14,17.951065063476562,18.026983098696352,17.88204878749275,17.895852305964706,58694000
2005-02-15,17.951068878173828,18.054912050262,17.90260881922852,17.999528937119138,76551600
2005-02-16,17.854156494140625,17.951076654014,17.771081128221915,17.909539631273717,57506600
2005-02-17,17.757225036621094,17.90260651518417,17.722611090525668,17.798762036023085,67024800
2005-02-18,17.639543533325195,17.75723285044959,17.58416040293948,17.750309794096626,77091100
2005-02-22,17.466459274291992,17.64645465643494,17.445691439715137,17.480305377634625,96419200
2005-02-23,17.44570541381836,17.54954863119289,17.424936242168194,17.473396322247098,83689400
2005-02-24,17.56338119506836,17.61184123775921,17.411076694683246,17.431845850309525,85236300
2005-02-25,17.480308532714844,17.57030557981164,17.41107932394336,17.535691635644564,62467700
2005-02-28,17.41800308227539,17.563384558627043,17.397233922671617,17.459540081045557,82728000
2005-03-01,17.50107765197754,17.591074698871214,17.39723317883602,17.43877149626756,56394800
2005-03-02,17.487234115600586,17.639537340582454,17.41800489681337,17.43877405858079,67739000
2005-03-03,17.424924850463867,17.521844947259275,17.40415569239173,17.514921894568563,52183600
2005-03-04,17.424924850463867,17.514921894568563,17.397232639701016,17.452615740789433,63058200
2005-03-07,17.63262176513672,17.85415562330189,17.41801228426836,17.424935341127092,80407400
2005-03-08,17.584157943725586,17.736462521314394,17.54262093185491,17.584157943725586,52871800
2005-03-09,17.521848678588867,17.701844125566108,17.501080836531443,17.577231791471284,62991800
2005-03-10,17.60492706298828,17.639541019382015,17.480314707270367,17.60492706298828,59132900
2005-03-11,17.369544982910156,17.639537485923647,17.348775820971607,17.618769644422628,60617900
2005-03-14,17.383384704589844,17.411075589897347,17.27954025348483,17.362615550281433,65550500
2005-03-15,17.24494171142578,17.47339733101412,17.23109559619298,17.376477165260955,71469400
2005-03-16,17.051084518432617,17.286462981103895,17.002624479724474,17.18261985238116,74841400
2005-03-17,16.988786697387695,17.085706814737687,16.98186364322876,17.058014598101938,60573200
2005-03-18,16.829557418823242,17.244931383985488,16.80878957884946,16.98186195429728,135904000
2005-03-21,16.75340461730957,16.864170819701922,16.718789353788654,16.85724776699774,71446200
2005-03-22,16.608030319213867,16.80187191727873,16.587261152137607,16.746488792179893,102113300
2005-03-23,16.739553451538086,16.884933553065697,16.58724897896224,16.60801813079628,79293300
2005-03-24,16.80879020690918,16.940324266449334,16.75340709751399,16.78109799199284,78820900
2005-03-28,16.75340461730957,16.94032175857336,16.7395585119012,16.89186171008137,49802000
2005-03-29,16.559566497802734,16.7810989480041,16.490337277005416,16.711869727206782,74231700
2005-03-30,16.725711822509766,16.746480979897154,16.614945623984845,16.642637833834694,59585700
2005-03-31,16.732641220092773,16.829561350445477,16.698027265091877,16.788024340356852,62382300
2005-04-01,16.69802474975586,16.857251031475045,16.684178641666136,16.781098757419112,64619600
2005-04-04,16.774173736572266,16.79494289627163,16.57341047456131,16.69109973864959,62196400
2005-04-05,16.940324783325195,16.961093945146146,16.698024497601697,16.767252396129827,73549600
2005-04-06,17.078781127929688,17.265699600095306,16.9264779212229,16.940322706969074,78020200
2005-04-07,17.37646484375,17.39723268143467,17.05108796869239,17.07185712681435,77451500
2005-04-08,17.265695571899414,17.48030488592503,17.24492641746969,17.355692600220785,47956300
2005-04-11,17.286468505859375,17.383389934688772,17.210317558024606,17.328006826973734,47791800
2005-04-12,17.528764724731445,17.549533878922905,17.168773974701725,17.25184927103052,67517800
2005-04-13,17.334928512573242,17.618767082269443,17.300313247709475,17.466462557743544,60929300
2005-04-14,17.19647979736328,17.404166221986696,17.18955674048409,17.314169123433373,66754400
2005-04-15,16.933395385742188,17.23800304281545,16.898781449445305,17.016470681466544,100251600
2005-04-18,17.06492805480957,17.19646336897774,16.891855759486074,16.926471010812865,75766400
2005-04-19,17.051084518432617,17.168773749768256,16.92647355622755,17.10646760844721,65956200
2005-04-20,16.83647918701172,17.099549917054777,16.822633081127908,17.071857705287155,91923500
2005-04-21,17.50107765197754,17.577228593060703,16.94032225058773,16.947245303492988,93562300
2005-04-22,17.293386459350586,17.480304887928376,17.154929391114376,17.341846499255112,80087500
2005-04-25,17.300323486328125,17.50108818004184,17.21032638529523,17.355706622449475,75457900
2005-04-26,17.14109230041504,17.48031407853608,17.127246190180447,17.272627706768176,60464300
2005-04-27,17.300323486328125,17.41108975857082,17.051098713562993,17.071867884772796,47732800
2005-04-28,16.926481246948242,17.251856883567115,16.91955819249623,17.18262765948461,83623100
2005-04-29,17.514923095703125,17.514923095703125,17.161856627325257,17.22416146493983,98641200
2005-05-02,17.466459274291992,17.556457625582013,17.272619109243507,17.466459274291992,54376700
2005-05-03,17.556467056274414,17.584157957397128,17.369548522054348,17.39723942317706,67867800
2005-05-04,17.452619552612305,17.58415494158989,17.383391651459696,17.542617936810814,86864200
2005-05-05,17.466459274291992,17.535688470568065,17.362616140096435,17.445691439715137,59362300
2005-05-06,17.459535598754883,17.63953097446622,17.438767764920104,17.53568784398119,64322600
2005-05-09,17.383384704589844,17.535687874873727,17.34184639597302,17.466458680949398,61872400
2005-05-10,17.238012313842773,17.36262466423038,17.182629193719144,17.334933764387436,62235100
2005-05-11,17.24494171142578,17.286478736685964,17.05802311709763,17.23109559619298,59463300
2005-05-12,17.307233810424805,17.383386061730562,17.18954456769643,17.196467619673058,74540700
2005-05-13,17.514923095703125,17.57030620058959,17.300313729322735,17.328005941984657,77204300
2005-05-16,17.702434539794922,17.709379553476886,17.49408942783968,17.52186815794162,50577300
2005-05-17,17.681596755981445,17.709376806400062,17.535755465160847,17.57742421616306,39983200
2005-05-18,17.84828758239746,17.94551518137126,17.653831059823172,17.709389877040586,71182400
2005-05-19,18.001068115234375,18.09135066697029,17.848281748978884,17.883005501655866,52120800
2005-05-20,17.876054763793945,18.00106235281624,17.869109750556504,17.973282299866472,64444500
2005-05-23,17.952451705932617,18.105238049841766,17.87605787166501,17.87605787166501,75421100
2005-05-24,17.88300323486328,17.97328577515527,17.862168191122322,17.917726983138795,61287700
2005-05-25,17.855226516723633,17.896896612000788,17.709385157132594,17.83439279371139,35749000
2005-05-26,17.9871768951416,18.056625720530413,17.869114289368472,17.883004319371466,50579200
2005-05-27,18.105239868164062,18.119129898448804,17.924673448340982,17.938563478625724,54978000
2005-05-31,17.917724609375,18.077457274308593,17.883000865699735,18.04967721966765,46131100
2005-06-01,17.924665451049805,18.05661803063035,17.785769184051087,17.869106679325196,54621000
2005-06-02,17.910781860351562,17.959395633898694,17.806607974606585,17.855221748153717,27212500
2005-06-03,17.660768508911133,17.92467244643934,17.598264700749638,17.84827993339561,79659500
2005-06-06,17.619098663330078,17.70938120033949,17.577428577363236,17.626042353031846,40756900
2005-06-07,17.716327667236328,17.938562845443148,17.577430018543996,17.591320048338456,54511400
2005-06-08,17.639928817749023,17.79271645283977,17.5982600648269,17.74410136236722,45369700
2005-06-09,17.716327667236328,17.785776491582496,17.60521007813292,17.63993382799293,52767900
2005-06-10,17.660768508911133,17.723272317072624,17.598264700749638,17.702437272810087,39459800
2005-06-13,17.577428817749023,17.70243642810705,17.542705070261153,17.612153889862952,49104100
2005-06-14,17.61215591430664,17.667714711449122,17.528817056279816,17.57743083820121,44243300
2005-06-15,17.542705535888672,17.646878105743344,17.438532966034,17.639933091136218,50764800
2005-06-16,17.389915466308594,17.521866741723088,17.327411672848754,17.51492172860246,65918800
2005-06-17,17.389915466308594,17.563536820446853,17.30657663348687,17.5496467942056,90821300
2005-06-20,17.438526153564453,17.556588706511494,17.313518588723397,17.348242323567877,50538900
2005-06-21,17.466312408447266,17.4940924680028,17.389919893921835,17.417698628851223,81084000
2005-06-22,17.410755157470703,17.54270780280515,17.382976420078656,17.438535219489015,60492700
2005-06-23,17.577428817749023,17.792720290977208,17.466311236236567,17.48020126508214,105159800
2005-06-24,17.389915466308594,17.63992931552214,17.389915466308594,17.51492172860246,57970700
2005-06-27,17.39685821533203,17.535755820992165,17.38296951446661,17.410748240823192,61636200
2005-06-28,17.410755157470703,17.50103903440395,17.382976420078656,17.424645188479857,53058100
2005-06-29,17.42463493347168,17.584366222190713,17.362131155342407,17.514917432644246,55859900
2005-06-30,17.251022338867188,17.459367488157994,17.237132309014157,17.403808693372035,82018200
2005-07-01,17.16073989868164,17.35519635894089,17.132961161288186,17.257968791124398,69718400
2005-07-05,17.348237991333008,17.494080555436017,17.09822424871038,17.1260029647239,61883500
2005-07-06,17.153797149658203,17.41770113020427,17.146852133771947,17.341307280081782,64214600
2005-07-07,17.11905860900879,17.160727346934642,17.014886101881512,17.070444860657748,80082900
2005-07-08,17.42463493347168,17.445469967723266,17.105171031408126,17.112116042825324,56104000
2005-07-11,17.56353759765625,17.626040069256092,17.43853000520482,17.46630873429077,61525400
2005-07-12,17.785778045654297,17.792723061158366,17.501039033118843,17.528817770508848,63384800
2005-07-13,17.820497512817383,17.88300131269591,17.695489913060328,17.73021498222948,44749200
2005-07-14,18.035783767700195,18.12606760351419,17.910777519429963,17.910777519429963,69506800
2005-07-15,17.910781860351562,18.12607199661428,17.88300180425264,18.084403237091877,56472800
2005-07-18,17.744104385375977,17.910782074712387,17.744104385375977,17.855221961849587,39668000
2005-07-19,18.167736053466797,18.23023983888445,17.882997175286654,17.910777224194785,113290100
2005-07-20,18.188579559326172,18.216358296543323,17.973288053918537,18.056626914822502,71424800
2005-07-21,18.36219596862793,18.389974698275918,18.05662199474469,18.264967103295234,112932100
2005-07-22,17.834379196166992,18.29273929773551,17.799654143244936,18.049669225782427,97558900
2005-07-25,17.841331481933594,17.98717278980014,17.813551428268042,17.841331481933594,45174600
2005-07-26,17.737159729003906,17.876056029711386,17.73021471527464,17.86216600225286,51476400
2005-07-27,17.862165451049805,17.91772423454351,17.730214168143434,17.78577295163714,57977300
2005-07-28,17.88300323486328,17.952452056040396,17.82049942826649,17.88300323486328,44738700
2005-07-29,17.785778045654297,18.056627027181616,17.771888014646162,17.90384065997092,59524400
2005-08-01,18.001068115234375,18.09135066697029,17.889950517116517,17.9246742697935,61346800
2005-08-02,18.619155883789062,18.68165968475808,17.966340467530827,17.987174184769856,137510100
2005-08-03,18.92473602294922,19.04974366549975,18.56360312772022,18.58443817635411,139422400
2005-08-04,18.97334098815918,19.098348572574338,18.785829611536442,18.86222342970699,91461400
2005-08-05,19.278919219970703,19.40392683216242,18.92473142696954,18.952511485068175,82212400
2005-08-08,18.841388702392578,19.334474035227185,18.80666496153662,19.30669398284177,77207200
2005-08-09,18.994182586669922,19.105300183496134,18.75805736225766,18.903898711357222,64761800
2005-08-10,18.71636962890625,19.098335815363562,18.64692087010722,19.035832064906923,62818800
2005-08-11,18.938617706298828,18.95945142112179,18.67471250511755,18.737216298838074,48646800
2005-08-12,18.785829544067383,18.84833333605048,18.681656998970816,18.80666458293701,52006500
2005-08-15,18.897268295288086,19.015681017415698,18.59078940270846,18.792786794247107,45976600
2005-08-16,18.625625610351562,18.90424353117426,18.597764482546815,18.82762443329492,46894600
2005-08-17,18.77189826965332,18.91120654664457,18.569899474466947,18.68134662748189,52413100
2005-08-18,18.681346893310547,18.86244885167556,18.66741566684673,18.730104857379036,40861900
2005-08-19,18.611698150634766,18.74404218803047,18.59776824818941,18.702249823583784,36043500
2005-08-22,18.74403953552246,18.925141527237063,18.646523589428107,18.660454818457335,41691700
2005-08-23,18.7161865234375,18.855494888484007,18.625634824029355,18.69528967083046,48296700
2005-08-24,18.67438507080078,18.91817626918539,18.653489555418343,18.69528191473837,63645000
2005-08-25,18.827621459960938,18.869413809345563,18.70224308325222,18.737069819646937,39306300
2005-08-26,18.78582763671875,18.862448050460294,18.716174164468065,18.848516824588227,36774600
2005-08-29,18.911211013793945,18.966934603464274,18.674385425556245,18.674385425556245,52307700
2005-08-30,18.932111740112305,18.96693849258921,18.77887084068084,18.8485256741901,55163200
2005-08-31,19.071420669555664,19.113214368089583,18.834596353974238,18.925146710353417,65210200
2005-09-01,18.946035385131836,19.078378054388654,18.911207318047214,19.07141244097173,75974500
2005-09-02,18.820661544799805,18.994797936601678,18.78583346930629,18.95300424600946,52047500
2005-09-06,18.806730270385742,19.008729122107507,18.792799040221087,18.848522632324467,46089000
2005-09-07,18.702241897583008,18.883343838174817,18.681345059938078,18.76493108196305,44656100
2005-09-08,18.535078048706055,18.723144342963614,18.472388841101786,18.66742075048818,52552300
2005-09-09,18.514179229736328,18.68134998934248,18.479352486359875,18.542041687281568,41515800
2005-09-12,18.535078048706055,18.63259400339925,18.472388841101786,18.54204366383489,40550500
2005-09-13,18.444517135620117,18.63955027580507,18.367898064717288,18.486310805444834,63422900
2005-09-14,18.326107025146484,18.55596692795476,18.319141412509293,18.472382233417985,54969600
2005-09-15,18.29825782775879,18.40970504547224,18.263429741876063,18.367912670968604,60357200
2005-09-16,18.158937454223633,18.388797371547167,18.089282652007896,18.347005021639664,187384300
2005-09-19,18.11017608642578,18.298243618484076,18.012660178790192,18.172865263778547,61832300
2005-09-20,17.998737335205078,18.26342406283079,17.894255767156906,18.15894249478262,61043400
2005-09-21,17.754947662353516,18.040531259754058,17.71315529722438,17.97087643216861,68281800
2005-09-22,17.650466918945312,17.83156894779942,17.518122873137425,17.754948500980845,71314900
2005-09-23,17.601707458496094,17.789775087507795,17.497225885230247,17.62956859137452,66396800
2005-09-26,17.601707458496094,17.754947010715654,17.559913766345527,17.692257801045088,56203700
2005-09-27,17.650466918945312,17.727087365763886,17.622604455172958,17.671363766774576,48797900
2005-09-28,17.880321502685547,18.0196311221445,17.67832268732556,17.68528830115401,71019400
2005-09-29,18.068389892578125,18.110182248849284,17.76190951329449,17.838529940254162,66807100
2005-09-30,17.922115325927734,18.075356185602605,17.83853061024608,18.047493728005318,57644500
2005-10-03,17.761911392211914,17.922116548660973,17.72011903151981,17.908185318911872,55341300
2005-10-04,17.39970588684082,17.68528942924875,17.239500744232487,17.66439391498554,151666300
2005-10-05,17.18377685546875,17.448463550389086,17.18377685546875,17.441499264794256,73684700
2005-10-06,17.225570678710938,17.378811545947997,17.086262369515175,17.176812704064663,81724600
2005-10-07,17.128053665161133,17.302190037252192,17.07929569354445,17.253432065635508,50768700
2005-10-10,17.037498474121094,17.19073930005447,16.960879389709213,17.183773687188882,48880900
2005-10-11,17.00267219543457,17.100188121064765,16.89122504369868,17.072326997408215,76567300
2005-10-12,16.926057815551758,17.204677122790645,16.905162297497565,17.058401853634695,71294400
2005-10-13,17.128053665161133,17.225569608394498,16.905159321453386,16.933020450139313,70192000
2005-10-14,17.18377685546875,17.225569211813003,17.065364072030825,17.211637983513235,53846700
2005-10-17,17.086259841918945,17.19770700421108,17.02357064706025,17.19074139049845,46924400
2005-10-18,17.114118576049805,17.295220521599326,17.030533880291433,17.058395002692627,69328200
2005-10-19,17.4763240814209,17.4763240814209,17.0653621917435,17.107154543483006,66574500
2005-10-20,17.267366409301758,17.5041906957982,17.232538331467484,17.448467099818686,58830600
2005-10-21,17.260395050048828,17.413634555860643,17.11411982893106,17.350945365175154,69431200
2005-10-24,17.48329734802246,17.48329734802246,17.190748100674234,17.337022060070602,51868000
2005-10-25,17.434537887573242,17.504191388889122,17.29522822783073,17.378814289387314,41310500
2005-10-26,17.49025535583496,17.64349486500057,17.36487697171996,17.392738096770564,58178100
2005-10-27,17.30915641784668,17.60170558905315,17.30915641784668,17.56687751596003,61566100
2005-10-28,17.782812118530273,17.83157010473999,17.483297256321457,17.483297256321457,106559300
2005-10-31,17.90122413635254,17.97087764006435,17.76191447181807,17.83853492016757,75122100
2005-11-01,18.082324981689453,18.179842279048422,17.838535059680616,17.838535059680616,71370400
2005-11-02,18.430591583251953,18.45845403837476,18.061423352759647,18.061423352759647,75067100
2005-11-03,18.416662216186523,18.555970510159344,18.284318207640577,18.528109382786788,73421600
2005-11-04,18.569908142089844,18.604734895454552,18.4236341836915,18.47935778620832,57464000
2005-11-07,18.81369972229004,18.86245770925468,18.597770924922838,18.611700829373092,77104800
2005-11-08,18.841550827026367,18.932102464791484,18.646518983018055,18.76493174340373,60091700
2005-11-09,18.778867721557617,18.911211750387658,18.764937820013845,18.792798951656618,59562100
2005-11-10,18.869417190551758,18.911209547425145,18.555971192613658,18.764935634090747,73314800
2005-11-11,19.00176239013672,19.078381494428314,18.897279498598365,18.911210727944166,51945600
2005-11-14,19.0644474029541,19.113205366391437,18.946034636654204,19.057481789812357,67152200
2005-11-15,19.211151123046875,19.239095255165275,19.03650429465554,19.092391226442786,65081000
2005-11-16,19.378816604614258,19.476618425780085,19.16924089284466,19.197183699270663,86277000
2005-11-17,19.539480209350586,19.56043830149816,19.392777561664925,19.455650505658525,91351000
2005-11-18,19.609352111816406,19.73509808270351,19.49059217625081,19.644282288423934,75431200
2005-11-21,19.67222023010254,19.728107166397447,19.448672484922913,19.609347260214562,65794400
2005-11-22,19.49757194519043,19.61633184258743,19.462643112258778,19.602359776434945,104253300
2005-11-23,19.504560470581055,19.623320383153334,19.378814524039853,19.504560470581055,70541300
2005-11-25,19.392786026000977,19.5185319688723,19.190195044163918,19.420728828611438,44082500
2005-11-28,19.38579559326172,19.455654582610197,19.232106882654577,19.413739721980868,57517200
2005-11-29,19.336894989013672,19.413740011688684,19.281008063190775,19.413740011688684,62220400
2005-11-30,19.336894989013672,19.399767947120605,19.301964827593476,19.336894989013672,55904700
2005-12-01,19.483598709106445,19.63030272999929,19.37182485149737,19.37182485149737,61006100
2005-12-02,19.567432403564453,19.630305373492465,19.413743661768024,19.434700430110915,42319600
2005-12-05,19.455650329589844,19.574410185786444,19.357847232902046,19.511537242361825,47517300
2005-12-06,19.343883514404297,19.504558280297264,19.336897481219875,19.490586213928417,65980000
2005-12-07,19.38579559326172,19.38579559326172,19.246077614564758,19.329908668272815,55583200
2005-12-08,19.343883514404297,19.4277132477182,19.28101054819408,19.357854248323555,63931600
2005-12-09,19.357860565185547,19.44169165830482,19.308959649386814,19.357860565185547,48467000
2005-12-12,19.176218032836914,19.385793647396632,19.09238698754347,19.3508648224531,63757200
2005-12-13,18.952665328979492,19.162242235141747,18.861849602356816,19.064440478402098,104285500
2005-12-14,18.924728393554688,19.029516212817622,18.75706761624411,18.861855435507046,65076200
2005-12-15,18.805971145629883,18.93870311260667,18.72912611225654,18.91774501283678,79018100
2005-12-16,18.79199981689453,18.9177457555515,18.729126847566047,18.77802774983272,88542500
2005-12-19,18.74309539794922,18.77103952682981,18.617349482885363,18.73610936572907,68680100
2005-12-20,18.764055252075195,18.778025985374605,18.631323292359344,18.694196255780035,62960600
2005-12-21,18.67324447631836,18.79899044571309,18.659272405841172,18.771047637208696,75800900
2005-12-22,18.575441360473633,18.70817335590773,18.45668143454836,18.65927111262683,91276900
2005-12-23,18.610363006591797,18.631321102752146,18.470646362870912,18.52653328684914,30689200
2005-12-27,18.484622955322266,18.7570729619932,18.477638253503596,18.638313044328893,37819000
2005-12-28,18.435728073120117,18.624347062664373,18.40778525936369,18.51955917928986,35444400
2005-12-29,18.351892471313477,18.51256726362491,18.3449064369804,18.44969428707699,34495500
2005-12-30,18.2680606842041,18.379834564304527,18.233131846341376,18.2680606842041,49044600
2006-01-03,18.750093460083008,18.861867382419845,18.233138736162566,18.33792662179707,79973000
2006-01-04,18.84090232849121,18.917747371445365,18.70118564328793,18.70118564328793,57975600
2006-01-05,18.854875564575195,18.952677383520093,18.798988620542417,18.83391746089421,48245500
2006-01-06,18.798992156982422,18.86186514740311,18.505585312502593,18.78502008523336,100963000
2006-01-09,18.764055252075195,18.910757945090456,18.694196255780035,18.81295614974695,55625000
2006-01-10,18.861858367919922,18.875830434647032,18.575437662262292,18.617352529994,64921900
2006-01-11,19.064451217651367,19.134308893274838,18.792001219410768,18.86884626153629,70120700
2006-01-12,18.95966339111328,19.043494473268137,18.840903468656315,19.036508438717746,45994800
2006-01-13,18.994586944580078,19.036501804825978,18.868841031392996,18.88281309562476,41418000
2006-01-17,18.854875564575195,18.994593590882065,18.79200258598209,18.79200258598209,58566600
2006-01-18,18.74309539794922,18.84788321635263,18.652279643986102,18.68022244041729,52376200
2006-01-19,18.875839233398438,19.029528041688014,18.75707927575869,18.771051348998718,60367600
2006-01-20,18.449691772460938,18.86884444816836,18.34490393664649,18.86884444816836,79165900
2006-01-23,18.407777786254883,18.533523728234602,18.37284761767736,18.44969265609823,47925600
2006-01-24,18.358888626098633,18.477648610328572,18.316972396993567,18.400803522753158,63040700
2006-01-25,18.44270133972168,18.56146121396874,18.32394146547462,18.44968737143613,59072100
2006-01-26,18.512563705444336,18.666252433883166,18.379831743526974,18.554478570936826,69509300
2006-01-27,19.41374397277832,19.52551784722993,18.994591277359937,19.022534079747995,134520700
2006-01-30,19.560455322265625,19.686201319672232,19.406766510129923,19.434709324859014,103999200
2006-01-31,19.665233612060547,19.82590838257696,19.469630007066527,19.49757280815869,94841300
2006-02-01,19.588394165039062,19.60935093729836,19.392789185102828,19.532505885814498,68448800
2006-02-02,19.336894989013672,19.553456660021215,19.246077901770583,19.539484595453136,55073400
2006-02-03,19.23910140991211,19.35087530924399,19.09938336952227,19.197185198325165,75022700
2006-02-06,18.980615615844727,19.239093484350757,18.924728689201455,19.21813538719099,60170500
2006-02-07,18.819942474365234,18.966645169654658,18.729125378038837,18.826928507348,72159500
2006-02-08,18.798992156982422,18.91775210194926,18.659274104391987,18.868851183277638,51795200
2006-02-09,18.624343872070312,18.88282185040032,18.617357836715446,18.833919602916264,52861700
2006-02-10,18.645294189453125,18.785010840836716,18.51954827049328,18.596393294846393,52127000
2006-02-13,18.435728073120117,18.65229120887103,18.400799222812022,18.60338895300938,46707000
2006-02-14,18.617355346679688,18.63831344994118,18.40777964386409,18.449694517937242,58432900
2006-02-15,18.841657638549805,18.87670616808505,18.57529549890544,18.64539122101123,62808900
2006-02-16,18.7925968170166,18.855682852628156,18.62436783437416,18.820635649272894,48868500
2006-02-17,18.715484619140625,18.792588700614445,18.617350085592395,18.694455504030746,41513200
2006-02-21,18.60333251953125,18.729503202735795,18.463141088906777,18.729503202735795,50216100
2006-02-22,18.729507446289062,18.827642004746416,18.554268786786853,18.59632702768209,43043100
2006-02-23,18.687448501586914,18.848667729851357,18.603334702911866,18.73651510697481,47359100
2006-02-24,18.666419982910156,18.743525414975803,18.589315887809278,18.638382494772955,44753800
2006-02-27,18.96082305908203,19.108024233221062,18.694460875972478,18.75053719541475,51301500
2006-02-28,18.834651947021484,19.13606132208283,18.834651947021484,18.89072826528463,65036100
2006-03-01,19.02390480041504,19.065963033246753,18.890724407341782,18.911752186793027,53061200
2006-03-02,18.904747009277344,18.995871865273816,18.855680396186138,18.939795545031732,41850300
2006-03-03,18.876710891723633,19.037930157034577,18.743529120092184,18.79259573675508,45218800
2006-03-06,18.862689971923828,19.03091893147806,18.806613652072418,18.86969967902587,53054100
2006-03-07,18.967838287353516,18.995877123718746,18.792599570966747,18.85568561582321,51613900
2006-03-08,19.101009368896484,19.276247986959756,18.904741635358384,18.918761045674938,57547400
2006-03-09,18.9257755279541,19.220176534089763,18.9257755279541,19.115033604105218,45360700
2006-03-10,19.04493522644043,19.07998241924557,18.84165776466944,18.967829797911474,41297200
2006-03-13,19.00288200378418,19.129054061434168,18.883719653444185,19.051948617989183,40342600
2006-03-14,19.086997985839844,19.19214093350399,18.918769002184185,18.953817542715644,39821800
2006-03-15,19.17812156677246,19.241207598528817,18.932787147382733,19.065968918531162,57152000
2006-03-16,19.115036010742188,19.26223586386045,19.079987471691368,19.164102628448276,73793700
2006-03-17,19.276254653930664,19.388407301323603,19.115035390423937,19.17111171412041,120615000
2006-03-20,19.549619674682617,19.619715388839637,19.395410173108804,19.41643928844527,67094100
2006-03-21,19.444490432739258,19.78094849271556,19.40243350948359,19.444490432739258,73199600
2006-03-22,19.030914306640625,19.276248647731954,18.7855799655493,18.98184770581528,145696100
2006-03-23,18.82062530517578,18.995863899568544,18.687443599087256,18.981844491145676,73682900
2006-03-24,18.932783126831055,19.0729732388795,18.65941127191656,18.722495953311277,69157600
2006-03-27,18.932783126831055,19.13605925723896,18.92577342068392,18.932783126831055,59908600
2006-03-28,18.85567855834961,19.072974110987577,18.792592537105556,18.932783992528968,58520500
2006-03-29,18.939790725708008,19.065962748388834,18.86969500900037,18.89072412510204,53150300
2006-03-30,19.086997985839844,19.19915064161028,18.925778710290476,18.946807834609352,54612000
2006-03-31,19.072969436645508,19.30428568249334,19.072969436645508,19.13605544242865,62190500
2006-04-03,19.31829833984375,19.43746061325747,19.234184580354125,19.39540373351266,57605300
2006-04-04,19.37438201904297,19.4865346324729,19.255219700153088,19.34634453416779,45470000
2006-04-05,19.444490432739258,19.58468195954546,19.374394669336155,19.54262369932431,41539300
2006-04-06,19.31829833984375,19.43045091047265,19.18511799782449,19.388394030727838,51885500
2006-04-07,19.101009368896484,19.430457489548196,19.08698995857993,19.353353406736254,47249400
2006-04-10,19.129051208496094,19.23419412853491,19.065965189079854,19.086992970908756,39432000
2006-04-11,19.01689338684082,19.150075104916276,18.9257698978194,19.129047327353753,42953400
2006-04-12,19.06597328186035,19.06597328186035,18.904752643273056,18.995877526426572,32183000
2006-04-13,18.97484016418457,19.065965007792585,18.925773557763986,18.981849870382476,28160000
2006-04-17,18.813623428344727,18.960823267134025,18.736517986903706,18.946805189843328,35796200
2006-04-18,19.079984664916992,19.27625244383429,18.799603078581466,18.883718222964553,56272700
2006-04-19,18.946809768676758,19.058962435895605,18.897741806923918,19.002886102286183,45111100
2006-04-20,18.946809768676758,19.058962435895605,18.71549472541723,18.960827849355173,45648300
2006-04-21,19.030914306640625,19.19914322531235,18.925771399591373,18.96081858961959,58528000
2006-04-24,19.00288200378418,19.101015232194186,18.911757145719204,18.974843174544198,42318400
2006-04-25,19.00288200378418,19.072976402954204,18.939795974959186,18.98886258916419,49222500
2006-04-26,18.99587059020996,19.086994103124994,18.925774860371174,18.981851176849233,39190000
2006-04-27,19.101009368896484,19.367371480088252,18.883713856848107,18.904741635358384,96509600
2006-04-28,16.92805290222168,17.173387273522092,16.822909982225724,16.98412921535051,591052200
2006-05-01,17.026187896728516,17.52386502159882,16.885996441769805,17.047215679096965,174800900
2006-05-02,16.829923629760742,17.523868668601555,16.752818179790072,17.166381587326274,190533500
2006-05-03,16.241117477416992,16.836929130668707,16.22709806511348,16.815900012213444,211527100
2006-05-04,16.430377960205078,16.591597214621316,16.220090755476775,16.36729193248308,171257400
2006-05-05,16.682716369628906,16.7878606129679,16.486449967587248,16.584583168608077,131604300
2006-05-08,16.633651733398438,17.5238643639591,16.479442208302906,16.717766870609932,80693500
2006-05-09,16.556554794311523,16.82291705948868,16.46542991153871,16.647678340119008,75345900
2006-05-10,16.661680221557617,16.675699625222972,16.53550826249726,16.591584540194763,76563300
2006-05-11,16.276159286499023,16.67570438317735,16.227092696634394,16.619626752515718,92916700
2006-05-12,16.241117477416992,16.3813089265226,16.157002340560677,16.22008835896173,83115900
2006-05-15,16.29037094116211,16.346665906773822,16.205929163833467,16.255187090971486,67314800
2006-05-16,16.191856384277344,16.88850714285892,16.121487336079838,16.29740928548462,82095100
2006-05-17,15.994833946228027,16.241125107489264,15.994833946228027,16.10742396128822,98598300
2006-05-18,16.06519317626953,16.283336028724534,16.015935242700145,16.072230215662017,95476400
2006-05-19,15.875201225280762,16.114455257494164,15.847054402644206,16.037050488609857,100071200
2006-05-22,16.100383758544922,16.19890100902682,15.7977989913021,15.818908776122187,87322300
2006-05-23,16.03704261779785,16.452217107627792,16.022968542297797,16.26222245708789,79986300
2006-05-24,16.536666870117188,16.564815032439544,16.17074881299607,16.17778585357666,107356700
2006-05-25,16.70555305480957,16.832217110285015,16.56481625930891,16.585926040435915,83052700
2006-05-26,16.691476821899414,16.804066780664,16.578886863134823,16.72666202287471,46861600
2006-05-30,16.29037094116211,16.719620892812568,16.283333902688415,16.57184576922067,52497500
2006-05-31,15.938535690307617,16.431117912438225,15.938535690307619,16.367785874102044,120202000
2006-06-01,16.05815887451172,16.072232955696077,15.917422089202894,16.00186389195254,80230800
2006-06-02,16.015939712524414,16.177787637187034,15.952607682494973,16.09334582526671,73935600
2006-06-05,15.83298397064209,15.994831929107992,15.825946927815918,15.98779488628182,63914100
2006-06-06,15.572614669799805,15.875200721057784,15.467061739453106,15.868163680077561,126601300
2006-06-07,15.509282112121582,15.755571805790874,15.488170991730714,15.58668686919843,73827500
2006-06-08,15.558534622192383,15.628902314586343,15.460017436920985,15.502239662970599,104126900
2006-06-09,15.424840927124023,15.614837008180581,15.403729804058294,15.586688844092942,52573800
2006-06-12,15.277060508728027,15.551499645713895,15.27002481229828,15.452982447385022,74309700
2006-06-13,15.136329650878906,15.502247747743938,15.101144444154345,15.291140533931774,113175300
2006-06-14,15.396695137023926,15.438917389665557,15.164478116209139,15.192626284636892,86081500
2006-06-15,15.530397415161133,15.572618328784488,15.340401290588073,15.48817650153778,121577300
2006-06-16,15.551506996154785,15.678171066604227,15.333364064924366,15.460026793195295,147506500
2006-06-19,15.8681640625,15.903349268249082,15.565579346128064,15.579652086249336,129640900
2006-06-20,15.875201225280762,16.01593936499866,15.832980320236741,15.86112848505167,90598500
2006-06-21,16.24110984802246,16.290367765558262,15.854082202660384,15.910377157298097,91660300
2006-06-22,16.100383758544922,16.30445395966302,16.03001601957318,16.2270478361798,76590600
2006-06-23,15.83298397064209,16.09334918649571,15.83298397064209,16.07927510084337,60532600
2006-06-26,16.05815887451172,16.107416816478718,15.924457787616818,15.938531868801176,53644100
2006-06-27,16.08631134033203,16.297417245859993,16.072237255382536,16.10742112557766,84759100
2006-06-28,16.29740333557129,16.36073532160978,16.12148145039269,16.15666529055742,71906500
2006-06-29,16.515562057495117,16.628152065438613,16.339640002311057,16.410009092820435,121395500
2006-06-30,16.39592933654785,16.642220397073498,16.39592933654785,16.564815632240748,73048800
2006-07-03,16.677406311035156,16.691479051126578,16.501484309197984,16.557779296098747,25711400
2006-07-05,16.431121826171875,16.550748889058823,16.39593660639401,16.52260071323653,53093500
2006-07-06,16.522586822509766,16.61406697484491,16.480365936450802,16.501477050569168,44775200
2006-07-07,16.39592933654785,16.571851330897843,16.39592933654785,16.459261361888114,63168800
2006-07-10,16.536666870117188,16.649256835050107,16.45222372532837,16.487408928231318,50565100
2006-07-11,16.25519371032715,16.44518979995259,16.001865590826558,16.44518979995259,88676300
2006-07-12,15.931495666503906,16.10038062306796,15.917422926757315,16.037049938762475,77379300
2006-07-13,15.664097785949707,15.910388897544044,15.657060743655174,15.74150390901099,73099500
2006-07-14,15.685211181640625,15.86816893904832,15.642988921766133,15.67817413832821,67499400
2006-07-17,15.818906784057617,15.910386980686582,15.664095898764993,15.685207023105159,37053500
2006-07-18,16.001863479614258,16.015937560435955,15.818904455466871,15.896310557807979,65047300
2006-07-19,16.46630096435547,16.508521873757772,15.987792850534344,16.05816192765719,82188200
2006-07-20,16.07927131652832,16.50148439147846,16.030013370516837,16.494447350308484,76605200
2006-07-21,16.797039031982422,16.99407088197829,16.184829667061,16.944812919479322,175483800
2006-07-24,16.888507843017578,16.965913933461707,16.74073404363662,16.89554488234686,59586700
2006-07-25,17.043319702148438,17.092578980402696,16.81813979884134,16.88850885416933,60075800
2006-07-26,17.148874282836914,17.261464236634783,16.95887823248621,16.972952312255476,54942100
2006-07-27,16.797039031982422,17.310731129727095,16.726669938907264,17.296657042676298,85386800
2006-07-28,17.064435958862305,17.085547084469898,16.93073484770454,16.94480893144293,51705800
2006-07-31,16.93072509765625,17.184053090347128,16.895541250750394,16.937762135472965,40254400
2006-08-01,16.8814754486084,17.029250630827555,16.782959555247885,16.90258657240496,49168700
2006-08-02,17.099618911743164,17.169987984494135,16.909624160147494,16.972956191405526,46462000
2006-08-03,17.036283493041992,17.226279549037844,16.994062594657855,17.02221075503272,43155300
2006-08-04,17.092580795288086,17.233317578709364,16.99406357049713,17.169985556407408,45690400
2006-08-07,17.043319702148438,17.226278709129975,17.022209925074705,17.08554194065209,36862400
2006-08-08,17.127763748168945,17.254427786062195,17.029247870775603,17.162947606615663,58171300
2006-08-09,17.198137283325195,17.338874095919195,17.12776820593894,17.23332115092907,44405700
2006-08-10,17.212203979492188,17.31072119010144,17.127762190030598,17.148873308485015,31753400
2006-08-11,17.19109344482422,17.20516752317295,17.029245570347776,17.19109344482422,30255500
2006-08-14,17.2614688873291,17.310726837614794,17.13480481963533,17.254431845548506,47831900
2006-08-15,17.388591766357422,17.40977927687331,17.261461314780277,17.33915109853929,48994500
2006-08-16,17.44509506225586,17.466282574013785,17.282649838428718,17.381529832741005,52373600
2006-08-17,17.44509506225586,17.480408479932763,17.381529832741005,17.44509506225586,45674800
2006-08-18,18.214941024780273,18.22200263124049,17.642853908815734,17.692293236761166,128414800
2006-08-21,18.44801139831543,18.45507300412256,18.052494117089793,18.123122299245836,88398300
2006-08-22,18.094873428344727,18.53982872501193,18.094873428344727,18.370321881180583,89312400
2006-08-23,18.13018798828125,18.327946658738714,18.024246372619324,18.11606208029413,44648500
2006-08-24,18.17962646484375,18.26438056166308,18.010119618325753,18.236128747016416,35933300
2006-08-25,18.2573184967041,18.363260112544637,18.1443139268581,18.158438487748302,33115900
2006-08-28,18.32794761657715,18.363261041269734,18.144314844509957,18.250256465708507,34190900
2006-08-29,18.250261306762695,18.349139999827074,18.101941920044965,18.306763609531078,42711200
2006-08-30,18.22200584411621,18.28557109043111,18.109001261138815,18.257320618247203,30283100
2006-08-31,18.151386260986328,18.349143686851903,18.13726034567552,18.271453846885326,26380500
2006-09-01,18.250261306762695,18.342077043590884,18.10900487628116,18.2855747408225,31594600
2006-09-05,18.08781623840332,18.335012955808516,18.05250145940181,18.14431853768466,44222400
2006-09-06,18.08781623840332,18.165506057964492,18.017188027521378,18.017188027521378,50160400
2006-09-07,17.960681915283203,18.151377640044448,17.932430098079703,17.995995339666784,51266900
2006-09-08,18.08074188232422,18.214935263676125,17.981861910586915,18.03130257001568,36866800
2006-09-11,18.299697875976562,18.3279496966336,17.953621155653632,17.96068411081789,55608200
2006-09-12,18.313825607299805,18.349139039511456,18.16550622834448,18.29263673970016,52248800
2006-09-13,18.349132537841797,18.433886631088264,18.236127978260246,18.236127978260246,37706700
2006-09-14,18.59633445739746,18.71640199578355,18.34913642576482,18.35619938062528,74324500
2006-09-15,18.963594436645508,19.02715966452874,18.709333525112584,18.772898752995815,126057700
2006-09-18,18.921220779418945,19.097790582823208,18.836466681051792,18.885906010465675,49135000
2006-09-19,18.970657348632812,19.02715962361636,18.87177735707123,18.885903262597243,43039100
2006-09-20,19.196678161621094,19.23199159986249,19.06248467148542,19.076610585630505,71676400
2006-09-21,18.99891471862793,19.246112766707082,18.963601289097046,19.239049811376706,58495100
2006-09-22,18.82940101623535,18.96359442469544,18.702270560549,18.94946851914796,47712500
2006-09-25,19.03422737121582,19.203734238866264,18.921222792782192,18.93534735474577,67903900
2006-09-26,19.21080207824707,19.29555486006244,18.98479151679,19.005980385804435,54766500
2006-09-27,19.380298614501953,19.401486125053285,19.154289521151334,19.19666588937446,66233900
2006-09-28,19.352048873901367,19.436802966532206,19.253170221765888,19.401488199969105,44179700
2006-09-29,19.316730499267578,19.366169812652984,19.217850525376512,19.316730499267578,34283500
2006-10-02,19.323806762695312,19.415622501216017,19.175487373243485,19.295554937229753,52908100
2006-10-03,19.33086585998535,19.408555670263837,19.217859927803993,19.33086585998535,39386200
2006-10-04,19.733444213867188,19.74756877619468,19.330865224435023,19.344989786762515,82191200
2006-10-05,19.71932029724121,19.8535137563204,19.620441615351815,19.71932029724121,81967200
2006-10-06,19.68400001525879,19.77581570974959,19.528617743953614,19.6063088796062,36452200
2006-10-09,19.57805824279785,19.726377570026038,19.50743140300603,19.63456052290368,33366300
2006-10-10,19.556875228881836,19.599251611929986,19.380305394540123,19.556875228881836,34598500
2006-10-11,19.4509334564209,19.542749176878488,19.366179343819272,19.39442981660587,37219600
2006-10-12,19.931201934814453,19.980642618819267,19.450933128570032,19.479183600880457,120174900
2006-10-13,20.037147521972656,20.2631567183951,19.994769787302644,20.01595865463765,129751900
2006-10-16,20.093645095825195,20.199586713344686,20.008890993537154,20.11483261105664,49744800
2006-10-17,20.086584091186523,20.136023427685842,19.89588835287125,19.94532768937057,40122600
2006-10-18,20.143089294433594,20.27021980502214,19.9594564843747,20.128963382785738,40630800
2006-10-19,19.980636596679688,20.093641146103753,19.860569094526557,20.02301296593359,44730800
2006-10-20,20.079530715942383,20.12190711785578,19.895897844822276,20.114844159683294,48887800
2006-10-23,20.093645095825195,20.263151953280527,19.902949376017666,19.987702131184953,48525000
2006-10-24,19.973573684692383,20.07951528160348,19.867630740660793,20.07951528160348,61409600
2006-10-25,19.99476432800293,20.100705941509894,19.874696806796187,19.97357681357396,40717100
2006-10-26,20.023019790649414,20.06539617434703,19.804073569903956,20.008893880376558,69964200
2006-10-27,20.015953063964844,20.333779249612267,19.95238782683536,20.121894676807088,89060100
2006-10-30,20.150146484375,20.369092663781892,20.001827148755645,20.023016010164323,47296800
2006-10-31,20.27728271484375,20.376162755602433,20.171341064929102,20.241969280579255,61861700
2006-11-01,20.347904205322266,20.475034682050506,20.270214406193347,20.326716690614706,75895900
2006-11-02,20.31964874267578,20.383213965417365,20.185455344985733,20.277271029434466,58674400
2006-11-03,20.291406631469727,20.432663048875597,20.206653858723033,20.376160751337455,41124500
2006-11-06,20.369096755981445,20.517414774277544,20.312594461327556,20.31965741654941,60446200
2006-11-07,20.4467830657959,20.531535814110708,20.340840109721412,20.383217830999467,56511200
2006-11-08,20.46797752380371,20.64454738100793,20.241968322121693,20.326722446313,77403300
2006-11-09,20.665733337402344,20.76461201242771,20.482100550126017,20.559791707429323,89407500
2006-11-10,20.65160369873047,20.686918467092447,20.588038462799574,20.602164370144365,37855100
2006-11-13,20.72930145263672,20.80699127356723,20.595107984307877,20.61629685208225,47271800
2006-11-14,20.715118408203125,20.849770601917264,20.60172751404156,20.750553907457416,63012500
2006-11-15,20.63717269897461,20.8072591200439,20.63008559579755,20.644258450424953,63943200
2006-11-16,20.885211944580078,21.005689980098214,20.644255873543802,20.651342975836226,64328500
2006-11-17,20.835603713989258,20.934821794993482,20.750561189387415,20.771821144674597,49356700
2006-11-20,21.182863235473633,21.26082000805566,20.9064730079214,20.920647212341137,85703800
2006-11-21,21.204118728637695,21.260814179046108,21.111989128621342,21.197031628370876,66446600
2006-11-22,21.204118728637695,21.260814179046108,21.133249077695645,21.239552878245643,43907200
2006-11-24,21.090730667114258,21.14742612515517,21.00568680418972,21.019861006631533,20456700
2006-11-27,20.89229965209961,21.076560261860855,20.785995818086814,21.04112610109879,72722100
2006-11-28,20.828519821166992,20.849781131456936,20.644259187167773,20.793085655743848,52602300
2006-11-29,20.956085205078125,21.10491167525655,20.856868459443692,20.86395556294998,58775100
2006-11-30,20.80725860595703,20.956083713818106,20.78599729695116,20.8497798722421,53297400
2006-12-01,20.63717269897461,20.764736500981538,20.481259132532724,20.715128130468837,72257000
2006-12-04,20.785987854003906,20.920640046416082,20.67259696093873,20.715118207906656,55123400
2006-12-05,20.644250869750977,20.835598530087612,20.57338256745701,20.80725147951527,45606000
2006-12-06,20.545034408569336,20.64425111433735,20.459991904118535,20.622991164087768,48564100
2006-12-07,20.445812225341797,20.60172434288337,20.417463830301944,20.523767608249646,46831100
2006-12-08,20.835603713989258,20.835603713989258,20.410387035800383,20.42456124047621,108854900
2006-12-11,20.9348201751709,21.083645257572122,20.63008155685245,20.686777019442406,107712000
2006-12-12,20.856861114501953,20.998599079532944,20.70803469673416,20.94899072418578,68529400
2006-12-13,20.941913604736328,20.977349126678465,20.77891425898334,20.977349126678465,46002500
2006-12-14,21.310420989990234,21.31750808974517,20.92063996555108,20.934814165060953,85866500
2006-12-15,21.395469665527344,21.423816719220614,21.282078747301522,21.360034158752793,102783700
2006-12-18,21.182863235473633,21.44508061033266,21.104907814618137,21.39547224659011,56986800
2006-12-19,21.253732681274414,21.381297816251113,20.9277340934242,21.05529787667438,53822100
2006-12-20,21.324602127075195,21.430905954531177,21.23955825407451,21.253732458195707,31202100
2006-12-21,21.24664306640625,21.360033983702806,21.18286050646114,21.352946882405977,32270500
2006-12-22,21.005680084228516,21.16159355775725,20.991507238047102,21.140332260896262,37971700
2006-12-26,21.253732681274414,21.2608197834094,20.83560311739591,20.9277340934242,37098300
2006-12-27,21.274993896484375,21.352949316182023,21.197037125060216,21.253732590170557,31248400
2006-12-28,21.24664306640625,21.2820785728904,21.12616504781286,21.16160055429701,26690600
2006-12-29,21.161602020263672,21.3671225652037,21.140340714900308,21.161602020263672,41739800
2007-01-03,21.161602020263672,21.437992231355125,20.835602096657706,21.197036177476157,76935100
2007-01-04,21.12616539001465,21.239556309147915,20.86394939641637,21.048209977939518,45774500
2007-01-05,21.005680084228516,21.083636820992883,20.87102925928668,20.998592985274854,44607200
2007-01-08,21.21120262145996,21.331680604325566,20.927725412283817,21.01276789917368,50220200
2007-01-09,21.232471466064453,21.388385010250754,21.06947217143925,21.260819874726153,44636600
2007-01-10,21.019861221313477,21.182860495880064,20.85686194674689,21.119077935966814,55017400
2007-01-11,21.756900787353516,21.79233493761852,21.012771466252783,21.090728218907213,99464300
2007-01-12,22.11833953857422,22.24590467743081,21.714384166679377,21.72147126902992,103972500
2007-01-16,22.082904815673828,22.28842672342122,21.99077519091824,22.15377448564626,62379600
2007-01-17,22.040380477905273,22.281336511142104,21.976597919005737,22.153771393343035,58519600
2007-01-18,21.969512939453125,22.23173030155463,21.827773605604776,22.075816763976153,56364300
2007-01-19,22.04746437072754,22.04746437072754,21.749812923086218,21.77815997195741,75826900
2007-01-22,21.77108383178711,22.054562573564514,21.62225870890811,22.012039951261812,56143900
2007-01-23,21.785245895385742,21.94115803507114,21.629333755700348,21.70728914968001,49171200
2007-01-24,22.03328514099121,22.182110154977195,21.721459564230223,21.813590493415116,58527800
2007-01-25,21.579736709594727,22.30969079535892,21.579736709594727,22.026213414881234,97378700
2007-01-26,21.68603515625,22.132511750317818,21.68603515625,22.125424648605446,96103700
2007-01-29,21.636430740356445,21.813604260285487,21.5017784867269,21.721473272955443,57605900
2007-01-30,21.60099220275879,21.714383131508715,21.360036141233564,21.664774769146433,61900400
2007-01-31,21.87030029296875,22.040386714251497,21.5088661408454,21.551387408234405,73968400
2007-02-01,21.657684326171875,21.926988754204334,21.523033463881934,21.856119096736514,55355800
2007-02-02,21.395469665527344,21.856120439785535,21.352947057397884,21.841946237075714,60401700
2007-02-05,20.98443603515625,21.275000553734323,20.84269665216488,21.23956503212301,99102100
2007-02-06,20.91356086730957,21.083647271324832,20.708038950962013,20.97025633531466,79281100
2007-02-07,20.814340591430664,21.048209526088254,20.729296728043202,21.005686918531346,65145500
2007-02-08,20.73638343811035,21.11907743681853,20.693862183081958,20.722209235858777,48749000
2007-02-09,20.53795623779297,20.83560783624186,20.502522070819435,20.800173669268325,69823100
2007-02-12,20.509601593017578,20.61590540636893,20.431644832420968,20.474166087416243,52774400
2007-02-13,20.630496978759766,20.76561608985636,20.594938604043136,20.651832003589746,50348100
2007-02-14,20.907838821411133,21.114073259458056,20.73005107402428,20.74427441935432,55588600
2007-02-15,20.950517654418945,21.08563678771251,20.77984149698085,21.035856411344756,63858100
2007-02-16,20.43848991394043,20.580720728438425,20.374486183057687,20.559385699339654,109340300
2007-02-20,20.502490997314453,20.52382602365821,20.246476106842966,20.36026020118287,53978200
2007-02-21,20.872289657592773,20.900735002528766,20.438486956908495,20.445598632245837,68604900
2007-02-22,20.90073585510254,21.007409633100696,20.73717138491173,20.843843806496455,57754400
2007-02-23,20.552278518676758,20.822516854053458,20.545166840754856,20.77984678652206,63787100
2007-02-26,20.67316246032715,20.68738580800413,20.495374683604123,20.59493540451683,63481900
2007-02-27,19.819782257080078,20.602047401812673,19.762890221892015,20.417147948348187,87143300
2007-02-28,20.03313446044922,20.090026516682393,19.855346615168845,19.87668164491139,86333300
2007-03-01,19.976238250732422,20.14691438394476,19.72022337270725,19.78422709221354,80175700
2007-03-02,19.74155044555664,20.026010552988595,19.74155044555664,19.926449854490606,63254700
2007-03-05,19.592220306396484,19.84823524156051,19.49265954557209,19.54955160267369,56454300
2007-03-06,19.791339874267578,19.86956694835356,19.66333242809539,19.770004847767744,49361800
2007-03-07,19.634885787963867,19.841118938211498,19.592215737777472,19.741558200603215,52044700
2007-03-08,19.428653717041016,19.805564402460252,18.916625258331997,19.71311397187936,72175200
2007-03-09,19.40731430053711,19.542432033827975,19.22241485052462,19.499763347336813,80125000
2007-03-12,19.513986587524414,19.542431926224204,19.293528769638925,19.32908713853001,36516400
2007-03-13,19.001956939697266,19.48553990563968,18.994845265914222,19.378867511720166,75169500
2007-03-14,19.485544204711914,19.485544204711914,19.009072807429234,19.073076529184622,75730300
2007-03-15,19.400203704833984,19.535321445633656,19.343311667546452,19.42864904527117,51757100
2007-03-16,19.435762405395508,19.542434815011053,19.34331334543891,19.449985755054456,65055300
2007-03-19,19.791339874267578,19.791339874267578,19.343315169078334,19.44287591325074,49412000
2007-03-20,19.7984561920166,20.02602443572033,19.74156413109067,19.862459930109992,47902400
2007-03-21,20.28204345703125,20.28204345703125,19.599337232543366,19.841128879089702,72808200
2007-03-22,20.104246139526367,20.303367621188933,19.91934665197301,20.282033951818434,47934900
2007-03-23,19.926454544067383,20.104242322605288,19.77000043084964,20.06868395304984,50519800
2007-03-26,20.068683624267578,20.068683624267578,19.698886081841035,19.86956218367169,47491500
2007-03-27,19.713111877441406,20.026018802725243,19.663331507685346,19.940681413547235,58979800
2007-03-28,19.656219482421875,19.912234358222715,19.48554335069242,19.613550788592843,46947000
2007-03-29,19.734451293945312,19.80556670502604,19.549551767700873,19.798455028276607,42629900
2007-03-30,19.819782257080078,19.87667429226814,19.556655746577093,19.73444352609143,47061000
2007-04-02,19.727331161499023,19.862450248995152,19.599323747704066,19.834003554190467,41977600
2007-04-03,19.819782257080078,19.954899992893534,19.73444352609143,19.812670583129933,39821300
2007-04-04,20.267812728881836,20.466935587860416,19.841121663306886,19.919348742979455,63244200
2007-04-05,20.303367614746094,20.374483010923026,20.12557980251044,20.1398031530285,30131200
2007-04-09,20.317590713500977,20.424263128237875,20.18958327325136,20.32470238867188,31384600
2007-04-10,20.196687698364258,20.367363771957926,20.06868030406579,20.267803068131503,38643100
2007-04-11,19.990455627441406,20.31758444590995,19.905116908129266,20.12557334476732,44050200
2007-04-12,20.296253204345703,20.353145238535618,19.940677651555454,19.954899642793116,43762100
2007-04-13,20.346040725708008,20.41004445625007,19.983353371440845,20.218033264623884,36002900
2007-04-16,20.431373596191406,20.445596945692813,20.061574647634476,20.338924537258805,30740100
2007-04-17,20.51671028137207,20.54515562111189,20.310475803502573,20.360256165357104,33170200
2007-04-18,20.33892822265625,20.388708598518065,20.168252066952807,20.346039898695583,41778400
2007-04-19,20.402931213378906,20.545160659785854,20.097135936804452,20.154027986649922,43648800
2007-04-20,20.637611389160156,20.694503439834342,20.410043186463408,20.60916468561632,60311500
2007-04-23,20.466930389404297,20.616271478396516,20.38870332960085,20.594936455791988,41739100
2007-04-24,20.474040985107422,20.594935370925324,20.331810221395752,20.474040985107422,34236700
2007-04-25,20.616270065307617,20.623381739021674,20.402925279538135,20.523821019850992,39475000
2007-04-26,20.69449806213379,20.872285843842132,20.559378968239773,20.68738638809588,68760300
2007-04-27,21.41988182067871,21.86079495082113,21.334543051650073,21.455438849865974,128298800
2007-04-30,21.291868209838867,21.597663455820193,21.291868209838867,21.42698596694566,67788800
2007-05-01,21.618999481201172,21.633222832893352,21.263423827377423,21.29187053076179,73539300
2007-05-02,21.768333435058594,21.825225463130742,21.547875639417686,21.611879340550473,80686700
2007-05-03,22.024354934692383,22.04568996167381,21.711449344112108,21.761229717321996,82036800
2007-05-04,21.7327880859375,21.832350212003128,21.540778223953705,21.818126857363215,104385900
2007-05-07,21.839452743530273,21.87501111744761,21.675888292750347,21.704334991884213,59889100
2007-05-08,21.867902755737305,22.003021884267714,21.74700697892872,21.818122381124383,60551700
2007-05-09,21.889236450195312,21.995908868785378,21.739893979038513,21.832344403186386,51735000
2007-05-10,21.747007369995117,21.995910603949106,21.711450346464616,21.818122773469614,55398600
2007-05-11,21.967458724975586,22.031462437383507,21.725667223970802,21.739890572597716,43425300
2007-05-14,22.024354934692383,22.038578286013333,21.91057083695166,21.931905863933085,70188500
2007-05-15,22.045759201049805,22.181316031911162,22.0029522821279,22.045759201049805,75013900
2007-05-16,22.16704750061035,22.181316927763103,21.981549030047017,22.1171058663832,45833600
2007-05-17,22.102828979492188,22.216981636572548,22.08855955715539,22.138502535334183,41045600
2007-05-18,21.99581527709961,22.109967956202755,21.81745154590003,22.095698531113044,58453000
2007-05-21,22.152772903442383,22.23125337365926,21.924467565510177,21.924467565510177,41836400
2007-05-22,21.89593505859375,22.06716410098653,21.87453091799185,22.045759960384636,39999500
2007-05-23,21.817447662353516,22.002946073078885,21.81031295107865,22.002946073078885,46322500
2007-05-24,21.524930953979492,21.974406870528178,21.37510474125859,21.788909823627264,64046400
2007-05-25,21.74611473083496,21.87453688787974,21.53207870963222,21.603424503635743,47726500
2007-05-29,21.9672794342041,21.99581692571517,21.681896354249115,21.75324212423786,42373100
2007-05-30,22.195579528808594,22.209847590765822,21.767506371529528,21.79604385625104,57376800
2007-05-31,21.89593505859375,22.23125842984535,21.83885871112949,22.20272093651695,85290500
2007-06-01,21.8245849609375,22.045755593449982,21.796046112454757,21.96727648173683,39469400
2007-06-04,21.917335510253906,21.945874361358275,21.68903014464824,21.70329957020042,41434500
2007-06-05,21.817447662353516,21.853119857920802,21.63908396290301,21.84598650745297,44265000
2007-06-06,21.610549926757812,21.7817789422545,21.582011077104738,21.667626265256708,38217500
2007-06-07,21.132535934448242,21.61055079897217,21.11113179634455,21.417917638460892,71971400
2007-06-08,21.439319610595703,21.446454323028988,20.982708901323647,21.103996291074942,61346200
2007-06-11,21.417917251586914,21.582011558329224,21.353706199243003,21.36084091181536,48467400
2007-06-12,21.296628952026367,21.574875926455736,21.239552614686822,21.375108065363722,56981800
2007-06-13,21.68189239501953,21.696161818573085,21.296627484723544,21.382241304430593,64435600
2007-06-14,21.774641036987305,21.91019647054092,21.61768010852536,21.653353665360825,59065700
2007-06-15,21.75324249267578,22.031489503456488,21.710435574280456,22.01722143786298,100933000
2007-06-18,21.767515182495117,21.91734009974443,21.703304114871813,21.89593731774173,45412600
2007-06-19,21.73183822631836,21.874529767880357,21.674761881855037,21.746107652636038,46802600
2007-06-20,21.410778045654297,21.76750543456395,21.375104490279135,21.71756381784572,46861600
2007-06-21,21.560609817504883,21.617686163621613,21.33943914640348,21.38938077915469,56564800
2007-06-22,21.039785385131836,21.47499332091371,21.011247896009085,21.40364755689594,86219900
2007-06-25,21.039785385131836,21.239553252220148,20.96130490863156,21.025515960166828,53905800
2007-06-26,21.06119728088379,21.260963860752767,21.04692785066236,21.082600065408172,48340300
2007-06-27,21.310897827148438,21.367974163016502,20.947035675686845,20.947035675686845,53468600
2007-06-28,21.28236198425293,21.382245245925507,21.1753440094884,21.30376612352879,46055200
2007-06-29,21.0255184173584,21.353708425871865,20.718733909601305,21.310901506781384,71193900
2007-07-02,21.218149185180664,21.260956099410468,21.039785454948003,21.16820755844468,47316000
2007-07-03,21.417917251586914,21.56060742061216,21.24668823227225,21.253822944844604,35202600
2007-07-05,21.396509170532227,21.56060344703226,21.282356512027246,21.439316077269837,47838500
2007-07-06,21.382244110107422,21.432187099098137,21.161073459234924,21.339437194636975,57541000
2007-07-09,21.310897827148438,21.367974163016502,21.268089554642,21.303763115064033,33831400
2007-07-10,20.925636291503906,21.39651650955093,20.81861830754913,21.189615255346023,66013500
2007-07-11,21.039785385131836,21.153938063237366,20.840017518043528,20.861421655491036,48017000
2007-07-12,21.453588485717773,21.4821273347196,21.004112500396744,21.089726325787787,54302400
2007-07-13,21.275226593017578,21.41791812869361,21.161073908799686,21.360841786584665,42173000
2007-07-16,21.4250431060791,21.57486792573236,21.203871190200413,21.232410028690587,48023200
2007-07-17,21.960142135620117,22.031486536401665,21.41078154043601,21.41791625267561,77539600
2007-07-18,22.06002426147461,22.095696460048003,21.760373166713805,21.767507878589914,64414400
2007-07-19,22.48097038269043,22.716410511450757,22.067166478784166,22.152780328801953,121159300
2007-07-20,22.23125648498535,22.259795336624546,21.96727891135953,22.224121772075552,98292600
2007-07-23,22.25266456604004,22.488104690545043,22.202722927631036,22.373951985379442,48910600
2007-07-24,21.974409103393555,22.45955862503332,21.910198057246692,22.12423533133861,59729300
2007-07-25,21.91019630432129,22.33113474613701,21.66762292371564,22.10996413866322,54950100
2007-07-26,21.38937759399414,21.781778605819483,21.054054280593338,21.57487603145221,87025300
2007-07-27,20.96844482421875,21.403652867993042,20.947042042267622,21.353711229030274,69214600
2007-07-30,20.975574493408203,21.039785545432693,20.654520594093032,20.982709205945064,67499600
2007-07-31,20.68305206298828,21.20387367931247,20.6759173525282,21.196738968852387,66554000
2007-08-01,20.90422821044922,21.082591937025775,20.561770182015973,20.654520081887835,80006300
2007-08-02,21.06119728088379,21.253830506449816,20.704469690194596,20.825757125461234,47938300
2007-08-03,20.661657333374023,21.246691610049716,20.61885041194178,21.011251500961112,61535500
2007-08-06,21.075454711914062,21.075454711914062,20.511824786336927,20.725860674567212,59530500
2007-08-07,21.08259391784668,21.253824308958542,20.725866431177145,20.925634313602735,49163000
2007-08-08,21.403648376464844,21.41078308922054,20.840018316030424,21.203880501727202,52898600
2007-08-09,20.90422821044922,21.474992951978535,20.633115944808043,21.146802987457914,72964500
2007-08-10,20.483285903930664,20.725860635902855,20.162232072184167,20.618842691987357,76576200
2007-08-13,20.426210403442383,20.68305456788391,20.290654970704505,20.64738237207016,55492300
2007-08-14,20.24006462097168,20.683956316871345,20.189947948748515,20.598042411796463,42944100
2007-08-15,20.11835289001465,20.75555294516669,20.082554290211363,20.21858623830995,48117700
2007-08-16,19.910715103149414,20.297331593296132,19.69592907456319,19.960831752114448,81447400
2007-08-17,20.22574234008789,20.22574234008789,19.917881264737645,20.11118957236362,76747700
2007-08-20,20.232908248901367,20.397577732187532,20.104036004389712,20.175631847515866,49952000
2007-08-21,20.096874237060547,20.27586314386098,19.95368393096639,20.118353397484313,50786200
2007-08-22,20.20427131652832,20.27586716656842,20.05392126046364,20.240069924337,44763500
2007-08-23,20.261537551879883,20.283016705782266,20.11834728926038,20.247219481521533,33886600
2007-08-24,20.626689910888672,20.648169080344477,20.09688268784353,20.197116080815498,45158900
2007-08-27,20.397573471069336,20.59804151682873,20.333137362274417,20.48348873798817,32789500
2007-08-28,19.996644973754883,20.397579824581467,19.98232553054533,20.261547845245257,43924400
2007-08-29,20.469175338745117,20.4834947817194,19.917889074430356,20.13983497822279,45753700
2007-08-30,20.368940353393555,20.71259876405357,20.27586534702076,20.34746119063588,33690700
2007-08-31,20.56939697265625,20.705428872145227,20.30449425665697,20.5479191860261,42511900
2007-09-04,20.626689910888672,20.834317785562103,20.39042450918506,20.40474395548893,45689600
2007-09-05,20.390413284301758,20.569402167834415,20.347456334615426,20.512125779727036,47669800
2007-09-06,20.698280334472656,20.7698761815892,20.44053583108398,20.447695552353355,45430800
2007-09-07,20.361780166625977,20.641002448201892,20.275864883138023,20.490652409069355,52160900
2007-09-10,20.390413284301758,20.583721606255462,20.340296615404903,20.526445218148083,37247600
2007-09-11,20.71259117126465,20.726910607853902,20.462006493259228,20.49780371915573,34380800
2007-09-12,20.71259117126465,20.884420313605798,20.619516199011127,20.626675917305754,42364700
2007-09-13,20.87726402282715,20.948859851951003,20.734072364579443,20.848626510523722,35288600
2007-09-14,20.791353225708008,20.841469903907004,20.676799062654073,20.748394902471382,33496600
2007-09-17,20.56939697265625,20.676790002536404,20.49064281238492,20.612355277069483,39536500
2007-09-18,20.71259117126465,20.741228678866523,20.240060688432322,20.547921747218123,77462400
2007-09-19,20.526445388793945,20.698274554544575,20.261541238109547,20.669637043041213,94242200
2007-09-20,20.347455978393555,20.462008752602838,20.29017959128891,20.39041292732784,67168900
2007-09-21,20.512128829956055,20.626681623205233,20.36177880090789,20.540767711056855,135636100
2007-09-24,20.819990158081055,21.199447142561315,20.61952208533312,20.626681805671655,104459800
2007-09-25,21.163658142089844,21.163658142089844,20.84147877415621,20.862956579338537,75621000
2007-09-26,21.120695114135742,21.371279905554495,21.10637567106558,21.24956737061266,60337000
2007-09-27,21.113534927368164,21.278204422314765,21.077737686058807,21.263886345137358,43407100
2007-09-28,21.092050552368164,21.256721372209462,20.927381098103755,21.11352971119361,45819100
2007-10-01,21.31399154663086,21.328310981671123,21.056247178212008,21.092044400236187,43875100
2007-10-02,21.263883590698242,21.371276666292264,21.170808590426923,21.263883590698242,33700900
2007-10-03,21.08489227294922,21.371274230417452,20.970339489961923,21.2710395211209,37633900
2007-10-04,21.271038055419922,21.313996370262743,21.077731100934418,21.163644999466467,37868000
2007-10-05,21.364118576049805,21.47151165983855,21.285363010668725,21.39991581545367,45012300
2007-10-08,21.364118576049805,21.371278297046008,21.192289368872387,21.235246329272453,30265400
2007-10-09,21.550264358520508,21.75789077748253,21.478668523659582,21.500147683790953,63603100
2007-10-10,21.643339157104492,21.743573877555235,21.500148845224498,21.507308565655055,32251500
2007-10-11,21.414234161376953,21.929721756524426,21.328320244974247,21.693456438051367,50788400
2007-10-12,21.600383758544922,21.765053243597325,21.44287399443964,21.500150396439484,31121100
2007-10-15,21.50731086730957,21.71493731970715,21.47867198252249,21.550267828913,47150500
2007-10-16,21.707775115966797,21.89392374906293,21.643338998142095,21.650498718520065,56286200
2007-10-17,22.25190544128418,22.359298534461715,21.94404423941858,22.015640090062696,86092400
2007-10-18,22.309179306030273,22.359295986096004,21.92972229676858,22.352136265289882,49208600
2007-10-19,21.600383758544922,22.259063064331684,21.557426798439323,22.259063064331684,75200200
2007-10-22,21.843807220458984,21.97983917741092,21.56458495170552,21.56458495170552,58785100
2007-10-23,22.12302589416504,22.280536986800925,21.98699395931863,21.98699395931863,49956200
2007-10-24,22.373615264892578,22.409412503085566,21.83664849853516,22.087233262617374,77979200
2007-10-25,22.903419494628906,23.068090320571617,22.545441694402303,22.602718087815482,169588700
2007-10-26,25.079917907714844,25.795873339678415,24.743420711876162,25.781553903300757,288121200
2007-10-29,24.750581741333008,25.26607058206737,24.664667844928456,24.951048409994808,114655600
2007-10-30,25.4665470123291,25.480866455744245,24.593080082087436,24.60739952550258,107297300
2007-10-31,26.354333877563477,26.490364495812795,25.42358915630041,25.430750243718837,185635800
2007-11-01,26.533309936523438,26.84117099824081,26.03214057574027,26.153851691178012,152078800
2007-11-02,26.533309936523438,26.848329351026965,26.07509615476381,26.64786269917502,96389800
2007-11-05,26.29705238342285,26.561955226190264,26.225457906292494,26.318530180331113,75485400
2007-11-06,26.06794548034668,26.246934395408427,25.68132876833632,26.196817717683466,100966700
2007-11-07,25.430744171142578,25.888955334939997,25.380627495799356,25.803041424516472,74897800
2007-11-08,24.872299194335938,25.70280759606988,24.62887417669906,25.488018727272586,133742400
2007-11-09,24.14918327331543,24.72910832166143,24.09190824263842,24.471363855729873,125136900
2007-11-12,23.898601531982422,24.13486548785161,23.64085704837662,23.85564320766339,84865200
2007-11-13,24.75340461730957,24.904251757336294,23.977617368469133,24.092548914230093,104311500
2007-11-14,24.37268829345703,24.96171266076987,24.243389994272892,24.868329946873878,84063100
2007-11-15,24.250574111938477,24.494803949270665,24.099726996576056,24.250574111938477,64014100
2007-11-16,24.487621307373047,24.609734852854025,24.214657910167055,24.32240741280154,71113800
2007-11-19,24.39423942565918,24.595371654806435,24.329590269894666,24.394239425659183,63026200
2007-11-20,24.83960723876953,25.119752731807857,24.49480983483146,24.58819257923904,100009400
2007-11-21,24.588184356689453,24.94734568718188,24.552268771676907,24.710300633952293,89518700
2007-11-23,24.50198745727539,24.73903252068889,24.214657284463794,24.681568130236737,33467200
2007-11-26,23.683101654052734,24.688751847615237,23.654368086760833,24.487622356939497,80335000
2007-11-27,23.74774932861328,24.135641502116055,23.474785936739483,23.898596437207896,84178400
2007-11-28,24.207475662231445,24.343955989465538,23.632818047319937,23.977612616266843,88585000
2007-11-29,24.12845802307129,24.372687834690467,23.927328557096715,24.121276002222253,53633600
2007-11-30,24.135643005371094,24.50917115957265,23.841130791121532,24.365506063313003,71027800
2007-12-03,23.647186279296875,24.164379594433484,23.474790334374095,24.063814836531172,61770600
2007-12-04,23.53943634033203,23.877048902433735,23.43887159592313,23.51788753515406,54801500
2007-12-05,24.530725479125977,24.796504156141758,23.726201945167983,23.805217894055296,84894700
2007-12-06,24.818052291870117,24.86115264650987,24.329592566689065,24.60973802138737,49209700
2007-12-07,24.80367088317871,24.925787112568393,24.580992699287247,24.861137988816775,40771000
2007-12-10,24.968908309936523,25.105391444781723,24.760596705494127,24.882710310160878,36083500
2007-12-11,24.494802474975586,25.134111966707323,24.372688933751146,24.947346534008833,55070700
2007-12-12,24.760583877563477,25.205943175889004,24.372688969255634,24.861148615232118,63345400
2007-12-13,25.29932403564453,25.464537912572688,24.624099006252585,24.767764081028535,73913200
2007-12-14,25.36397933959961,25.74468955102054,25.148480305029825,25.177213874997005,71126200
2007-12-17,24.70311737060547,25.23467737764382,24.681568566328124,25.162843463079902,58121200
2007-12-18,24.95453453063965,25.14129724736773,24.573821594711575,24.882700608679663,52791800
2007-12-19,24.99045181274414,25.241863706158416,24.695939563237076,24.918617885922828,58469100
2007-12-20,25.514827728271484,25.70877522482589,25.198766663618485,25.349613803099405,59345000
2007-12-21,25.9027099609375,25.9027099609375,25.680029002700014,25.787778472211052,83240500
2007-12-24,26.276247024536133,26.37681176924764,25.89553411074912,25.953001244975002,29622600
2007-12-26,26.29779815673828,26.319346963887845,26.046383532529315,26.15413304864516,30252400
2007-12-27,25.838069915771484,26.25469568138381,25.816518370178848,26.11103058489605,33311100
2007-12-28,25.945823669433594,26.02483963078769,25.622577800341638,25.93145688189789,33447200
2007-12-31,25.57228660583496,25.852434756008964,25.514822215669962,25.78778560445859,35229700
2008-01-02,25.29932403564453,25.830881250077145,25.14129217937265,25.70876771763679,63004200
2008-01-03,25.407073974609375,25.608206200606663,25.040730591137006,25.29932721014514,49599600
2008-01-04,24.69594383239746,25.284968433235615,24.48762951888078,25.2777836692194,72090800
2008-01-07,24.861146926879883,24.99762724156398,24.602550338902947,24.818046582155926,80164300
2008-01-08,24.02789878845215,24.932984332634327,23.99198319562138,24.932984332634327,79148300
2008-01-09,24.739036560058594,24.81087048508228,23.956064588496755,23.963249351091154,74305500
2008-01-10,24.660022735595703,24.782136294803525,24.264943008313967,24.67438678005687,72446000
2008-01-11,24.358327865600586,24.59537572267075,24.22184750982894,24.52354179317181,55187900
2008-01-14,24.70311737060547,24.832415676636863,24.480439085916473,24.75339974070838,52792200
2008-01-15,24.4229793548584,24.695942832546706,24.4229793548584,24.444528165665414,61606200
2008-01-16,23.86986541748047,24.171562407029942,23.352672144072177,24.00634575788147,120778500
2008-01-17,23.783672332763672,24.27931416137097,23.683107562337653,24.092551407749003,94247800
2008-01-18,23.71183204650879,24.422972752936918,23.683101219927334,23.81958155178642,117062000
2008-01-22,22.957592010498047,23.367035715590028,22.627164237999875,22.655897802612817,108521400
2008-01-23,22.936044692993164,23.022242652232592,22.29673790994862,22.612798920615667,137597400
2008-01-24,23.88422203063965,23.963237940448447,23.072516875580273,23.23773071418833,155640400
2008-01-25,23.661550521850586,25.14129638102875,23.611268148303235,25.069465201727915,196992300
2008-01-28,23.503522872924805,23.776483563760802,23.28802384096036,23.71901916470523,81019000
2008-01-29,23.417325973510742,23.62564027686604,23.23774524444951,23.596906702571975,68023000
2008-01-30,23.1299991607666,23.5609918276629,23.022249623950252,23.3885958569782,106432600
2008-01-31,23.417325973510742,23.517893483539982,22.785202410055792,22.92168414776815,103642200
2008-02-01,21.8729305267334,23.88423388478362,21.729265413976076,22.311106517468335,291138900
2008-02-04,21.686174392700195,22.06688475217118,21.62870860051066,21.901670770887826,119998600
2008-02-05,20.881649017333984,21.506590618998068,20.7523506604316,21.485040436150214,137534100
2008-02-06,20.486570358276367,21.08277833728919,20.32135641266743,21.03249595124232,138315600
2008-02-07,20.199237823486328,20.673330763865675,20.0412059299652,20.35726834691544,164964900
2008-02-08,20.515296936035156,20.888825087203976,20.28543387995954,20.321350838778784,124872000
2008-02-11,20.263887405395508,20.5512176480561,20.048391093492203,20.48656848046668,156814100
2008-02-12,20.357269287109375,20.558400174474514,20.19205536360877,20.421918451973454,84365900
2008-02-13,20.802629470825195,20.867278638152257,20.493751790375175,20.558400957702236,88986200
2008-02-14,20.472200393676758,20.860095374569557,20.443466823199344,20.745162462751946,69113500
2008-02-15,20.414731979370117,20.57276248625684,20.292617060837507,20.33571604088082,68166100
2008-02-19,20.313772201538086,20.796918416944095,20.241660559232752,20.76807320985589,68261200
2008-02-20,20.349838256835938,20.37868347940551,20.13350458922783,20.299360492755106,93056200
2008-02-21,20.2632999420166,20.883456932483593,20.162343065332937,20.638279483034676,98776500
2008-02-22,19.96042823791504,20.47241832528335,19.614293978109817,20.36425154102113,125705400
2008-02-25,20.0758056640625,20.364250871077573,19.816204290041313,19.938793674949626,109974300
2008-02-26,20.465206146240234,20.811341766632726,19.953216080804932,20.00369381960388,108923500
2008-02-27,20.378673553466797,20.681541365848418,20.26329547021811,20.328195813972403,75199500
2008-02-28,20.14070701599121,20.38588579808367,20.04696145938305,20.205607362745997,83002900
2008-02-29,19.614303588867188,20.068604855536428,19.4845028339857,19.96764932414681,117411400
2008-03-03,19.462860107421875,19.751305334709638,19.376327226943214,19.643138546403645,76544300
2008-03-04,19.89553451538086,19.924378358925598,19.441231944663485,19.484499773104208,86925600
2008-03-05,20.27772331237793,20.486845626503445,19.974855421763085,20.01091056631092,106489800
2008-03-06,19.881101608276367,20.313770040668246,19.830623876656734,20.23444710502881,91127700
2008-03-07,20.097436904907227,20.24165880157943,19.700823594374786,19.715246196666524,77597600
2008-03-10,20.22723960876465,20.378674207523396,20.01090603958391,20.068595083059794,72175100
2008-03-11,21.11421012878418,21.15747656668765,20.465206683155824,20.4796292875954,98740700
2008-03-12,20.645496368408203,21.26565494327023,20.580597363877445,21.22238848177772,75993800
2008-03-13,20.63828468322754,20.905096111068588,20.306571505540955,20.580595614336293,84552200
2008-03-14,20.162343978881836,20.91951439894649,19.931587751004628,20.710390707798012,105214900
2008-03-17,20.40751838684082,20.71759751655084,19.67198341393218,19.686404643483684,84490100
2008-03-18,21.215177536010742,21.258443998238224,20.674341944211097,20.674341944211097,83695300
2008-03-19,20.63828468322754,21.33776481546088,20.63828468322754,21.186330149986425,61442100
2008-03-20,21.042095184326172,21.07093901326972,20.616638047942274,20.7248048134569,60170200
2008-03-24,21.03488540649414,21.20074121732148,20.955562464178826,21.150263481453607,48294700
2008-03-25,21.01325798034668,21.179115217725325,20.86903602988923,21.15027000238449,49149000
2008-03-26,20.595003128051758,20.962771212979554,20.46520246567548,20.933927385459814,45868100
2008-03-27,20.22723960876465,20.544530035589645,20.191184472372953,20.53731873322825,47894400
2008-03-28,20.126283645629883,20.501263106970846,20.068594603532446,20.35703981401963,49244000
2008-03-31,20.465206146240234,20.616640738052304,20.075805464494618,20.104649297201775,46780600
2008-04-01,21.272859573364258,21.30170478891745,20.645489889238117,20.789713216172924,65796200
2008-04-02,21.02767562866211,21.330543441231946,20.91229754534172,21.323332139097513,49499400
2008-04-03,20.912302017211914,21.143058233197422,20.768078694513203,20.912302017211914,38961400
2008-04-04,21.02767562866211,21.099787274591165,20.724807816092273,21.006041722258818,43860800
2008-04-07,21.02767562866211,21.337754743366375,20.93393145174501,21.308909534828654,44428600
2008-04-08,20.732017517089844,20.91229593028193,20.580584310207758,20.869029496232066,44733500
2008-04-09,20.832975387573242,20.941143548277786,20.5805866803701,20.710385997468016,45839300
2008-04-10,20.99162483215332,21.20074713561419,20.76807854602706,20.78971245690185,65591600
2008-04-11,20.393096923828125,20.91950962035276,20.34261780702215,20.818554137571404,54373700
2008-04-14,20.234453201293945,20.41473165448719,20.14070901081625,20.364253907659553,43418100
2008-04-15,20.37146759033203,20.537323456542953,20.21282302814101,20.27772338890452,34310000
2008-04-16,20.876251220703125,20.948361521650384,20.465215078058286,20.602227125606564,54107400
2008-04-17,21.070940017700195,21.157474259485923,20.84018387349174,20.998829754196386,48743300
2008-04-18,21.633411407470703,21.70552305391199,21.352177499306464,21.640622709656355,73658900
2008-04-21,21.936277389526367,22.06607806719344,21.719943843691343,21.770421579358505,54411700
2008-04-22,21.81369400024414,22.138195783471833,21.611781626745188,22.094927962097792,67387500
2008-04-23,22.679031372070312,22.686241300280766,21.849749335483843,21.9579175144581,98351500
2008-04-24,22.93142318725586,23.147756823291672,22.469910696824417,22.808833760058047,115416700
2008-04-25,21.51082992553711,21.914653368416342,21.34497404056725,21.669474505671438,145194900
2008-04-28,20.905092239379883,21.518039342464572,20.782502818762943,21.489194125653228,97473000
2008-04-29,20.652700424194336,20.840190192062813,20.51568978166453,20.76807853128024,84428900
2008-04-30,20.5661678314209,21.06373540970205,20.558956527695955,20.724812387123006,74733600
2008-05-01,21.200748443603516,21.26564880481642,20.53732359875044,20.551746206890112,71699400
2008-05-02,21.085372924804688,21.359397011526745,20.811350213498415,21.33776309665423,66024200
2008-05-05,20.96998405456543,21.799264444063546,20.905083718608484,21.582930907817108,119687700
2008-05-06,21.41707992553711,21.53245802089308,20.86182198200187,20.912299726793186,93582000
2008-05-07,21.063735961914062,21.734372096344323,20.969991761863277,21.40987167270798,88775000
2008-05-08,21.10700035095215,21.193533233008658,20.912299303201962,21.114211653692752,69589900
2008-05-09,21.193532943725586,21.30891103516964,20.8762438799621,21.063732246997187,51621200
2008-05-12,21.626205444335938,21.67668319668215,21.16469299383849,21.200748138252752,64278800
2008-05-13,21.5538272857666,21.807145166476754,21.372885153557114,21.713055865138543,70934700
2008-05-14,21.66239356994629,21.901237143367055,21.517639303427462,21.633442164450923,66730400
2008-05-15,22.038755416870117,22.09665685226423,21.669633248552984,21.698583276010485,53355800
2008-05-16,21.705814361572266,22.06046071536606,21.65515079395582,22.053222865638183,81538200
2008-05-19,21.322216033935547,21.633436661449032,21.213651051902126,21.618962342862247,59615000
2008-05-20,20.815587997436523,21.213660230623077,20.72149729327874,21.20642237795869,75767600
2008-05-21,20.44645881652832,21.025473027282747,20.40303309584143,20.851768764056416,60125100
2008-05-22,20.60569190979004,20.772159739900932,20.395799729923628,20.46817686730066,52203100
2008-05-23,20.301708221435547,20.5043639218524,20.229332467445758,20.45370034186794,48890700
2008-05-27,20.583974838256836,20.62740055816102,20.301704207682768,20.3451313080657,47334500
2008-05-28,20.395801544189453,20.678070886541573,20.294474371135706,20.670833034112135,52318500
2008-05-29,20.489891052246094,20.757686072668204,20.36685032077851,20.417513907768832,47699200
2008-05-30,20.497119903564453,20.77215265570336,20.410268472715348,20.540545618989004,63399200
2008-06-02,20.120769500732422,20.526080970563726,19.93982732399749,20.439228118320088,77028400
2008-06-03,19.766117095947266,20.489885586700886,19.73716707416612,20.200378466495206,86616700
2008-06-04,19.932586669921875,20.004962421048116,19.68650525075156,19.744406679939928,79567400
2008-06-05,20.482646942138672,20.482646942138672,19.97600984653792,20.06286128899346,76063400
2008-06-06,19.89639663696289,20.388559456085492,19.89639663696289,20.25828090037905,78500800
2008-06-09,20.05562400817871,20.20037825701989,19.75887904048524,20.012198285717886,66787100
2008-06-10,20.1859130859375,20.475421734640836,19.773365056158656,19.80231647322081,77433900
2008-06-11,19.62860679626465,20.222096880508193,19.62136894395934,20.156957590239593,59330800
2008-06-12,20.439228057861328,20.663595969814775,19.67927147001426,19.831262235391975,113996300
2008-06-13,21.039947509765625,21.401831715659025,20.627399735923742,20.7214890220454,131969100
2008-06-16,20.938615798950195,21.06889430548361,20.72872234276228,21.003755052216903,74718900
2008-06-17,20.844533920288086,21.07614101847353,20.837297449528855,21.01823958904691,44256700
2008-06-18,20.598459243774414,20.887967866167855,20.598459243774414,20.663598545764994,49677800
2008-06-19,20.938615798950195,21.126795710556415,20.50435457066495,20.66358308949557,62037800
2008-06-20,20.431989669799805,20.931390449559956,20.33790034805214,20.916914744528253,97480400
2008-06-23,20.24380874633789,20.562267340489377,20.113531548278743,20.482652346831717,57145300
2008-06-24,20.070106506347656,20.272762247263426,19.9108778830791,20.2076229512719,65218300
2008-06-25,20.518844604492188,20.75045038661679,20.091820926020194,20.128008811797407,64280200
2008-06-26,20.084569931030273,20.410266211832955,20.084569931030273,20.287225548027326,67049100
2008-06-27,19.99772834777832,20.200384078462495,19.874687614948503,20.03391761065722,73450200
2008-06-30,19.910871505737305,20.251042202143235,19.896395804491387,20.070100078005833,57830500
2008-07-01,19.447662353515625,19.816783114522657,19.1364416432149,19.737169509442225,100327800
2008-07-02,18.73111915588379,19.54174009308127,18.73111915588379,19.46936300182607,84669000
2008-07-03,18.80350685119629,18.89035968577799,18.52847540589902,18.796268999941233,37074500
2008-07-07,18.839696884155273,19.10025263768408,18.419911157408777,18.89759831610379,71527600
2008-07-08,18.70941734313965,18.962736612406246,18.46333592504969,18.767318772073818,65553200
2008-07-09,18.260684967041016,18.70942219296086,18.224497082256214,18.665996455123235,54255800
2008-07-10,18.419912338256836,18.57914094120319,18.079740195832688,18.23897017925816,57830600
2008-07-11,18.275156021118164,18.5574253159287,18.000124577518022,18.210016740703583,69532600
2008-07-14,18.20277976989746,18.680466929055783,18.144878337892788,18.44162334947662,51216200
2008-07-15,18.926544189453125,19.28119055489009,18.043547200843456,18.043547200843456,92719300
2008-07-16,19.72992706298828,19.751640612305437,18.76007728114781,18.912067984931813,82060400
2008-07-17,19.918107986450195,20.200377238937644,19.621363033712424,19.9615337067224,96526100
2008-07-18,18.716659545898438,19.158157526489177,18.173833005755018,19.07854390599405,150277000
2008-07-21,18.55742073059082,18.94101846708506,18.477807147906073,18.57189642943482,77575600
2008-07-22,18.6732234954834,18.774552006560583,18.441617836698892,18.48504493307995,88657200
2008-07-23,19.12920379638672,19.42594880384318,18.709418075071795,18.71665592653159,79408800
2008-07-24,18.41267967224121,18.941030594014418,18.41267967224121,18.883129142045842,81092600
2008-07-25,18.933786392211914,18.97721212150955,18.456099228500804,18.557426390354966,58682300
2008-07-28,18.456104278564453,18.89760368541294,18.340301381764753,18.861414417363395,59707800
2008-07-29,18.897598266601562,18.955499698398405,18.383721851485436,18.47057468942021,66368200
2008-07-30,18.98444938659668,19.172629381711157,18.74560581212042,18.9627372128582,51977700
2008-07-31,18.615325927734375,19.02063729484543,18.608088076841796,18.70941660885901,60461000
2008-08-01,18.41267967224121,18.781801946220707,18.14488459408685,18.760088384052676,82720200
2008-08-04,18.2968692779541,18.492285735549007,18.17382857033119,18.376482879019083,60588300
2008-08-05,18.969972610473633,19.020637567447817,18.45609761404577,18.557424767036295,84297600
2008-08-06,19.556222915649414,19.657550052053406,19.093010191062532,19.346329412551206,95550000
2008-08-07,19.82400894165039,20.084565914181983,19.346322078994586,19.469362718192485,82565800
2008-08-08,20.359601974487305,20.431979081659783,19.679260756310104,19.795063575594668,80814100
2008-08-11,20.19314193725586,20.555026206312338,20.019437653766218,20.164191913580385,68743800
2008-08-12,20.352378845214844,20.526083187988075,19.961543038615524,20.106297347832918,62813000
2008-08-13,20.20038604736328,20.62740972760109,20.091821009103356,20.316188938904446,51165200
2008-08-14,20.20038604736328,20.468181096851826,19.94706670443722,20.135246748311456,49732300
2008-08-15,20.128007888793945,20.374089366136698,19.961541413085406,20.25104862746532,47267400
2008-08-18,20.041147232055664,20.301702915373795,19.939818718090994,20.106286498004863,38078200
2008-08-19,19.852222442626953,20.164684441313007,19.815890232261825,20.012087494597484,40332900
2008-08-20,19.830419540405273,20.04114881140406,19.743220313312356,20.012083326362884,41497200
2008-08-21,19.75048828125,19.786820486347427,19.517958842262992,19.69235592150325,43614200
2008-08-22,20.23007583618164,20.25914131622447,19.779549114649924,19.786815831156744,47930400
2008-08-25,20.09928321838379,20.230081379377346,19.953951620394317,20.062951011878837,51381300
2008-08-26,19.815887451171875,20.142881456520534,19.743221654655024,20.041150172987813,44774400
2008-08-27,20.02661895751953,20.19375072383931,19.71415696803313,19.866755296240765,33975300
2008-08-28,20.302751541137695,20.353617195568845,20.055688603056268,20.062955323115737,48372600
2008-08-29,19.830419540405273,20.186480394564025,19.830419540405273,20.113814602984043,50735500
2008-09-02,19.692359924316406,20.171952336208772,19.66329304554229,20.10655324495208,66079200
2008-09-03,19.547033309936523,19.750497355523148,19.503434366591325,19.619699139502135,57127700
2008-09-04,19.147369384765625,19.539762566068045,19.147369384765625,19.43076453714988,66141900
2008-09-05,18.638710021972656,19.052903362418807,18.624176581890477,18.91483983959351,82305200
2008-09-08,18.980239868164062,19.132836838582186,18.65324438014637,19.0456375797824,62110800
2008-09-09,18.965702056884766,19.3290296771853,18.929368463263785,19.03836785814185,85735700
2008-09-10,19.212759017944336,19.517954180212186,19.074694176779616,19.270891363805617,75064900
2008-09-11,19.86675262451172,19.953950469488124,18.91483473194154,18.96570037250857,72913300
2008-09-12,20.07021713256836,20.15741497997691,19.576091377303918,19.72142158497977,75628500
2008-09-15,19.4888916015625,19.975750624996838,19.42349252483365,19.561557396370638,82349400
2008-09-16,18.88576889038086,19.24909649824348,18.544241437944535,18.958434689150348,111729700
2008-09-17,17.853910446166992,18.79856263584876,17.803044825565706,18.696830008661976,106972100
2008-09-18,18.355314254760742,18.42071334695229,17.44699506986157,18.021052074005603,132291300
2008-09-19,18.282642364501953,19.18369453003881,17.07639499886514,19.161895763878928,134926100
2008-09-22,18.45703125,19.125553707211843,18.398898922676537,19.052887951561512,105207700
2008-09-23,18.486106872558594,19.016564784170406,18.413441082450955,18.64597050200766,92181300
2008-09-24,18.689563751220703,18.958426677249914,18.500633308656656,18.58783250752631,80250300
2008-09-25,19.3362979888916,19.532493866668585,18.704107267653566,18.762239636251373,96203500
2008-09-26,19.91035270690918,20.026617430974078,18.994766965409475,19.01656712091596,100744300
2008-09-29,18.17364501953125,20.099280842334903,18.17364501953125,19.576089646194887,134383100
2008-09-30,19.394428253173828,19.394428253173828,18.558775025505202,18.72590539384196,107192700
2008-10-01,19.241825103759766,19.612419340038706,19.0964949275227,19.169159322648984,88957000
2008-10-02,19.074697494506836,19.27816143340273,18.67503772044438,19.023831856279035,93819800
2008-10-03,19.125564575195312,19.96121777506886,19.067432214838494,19.16189816665882,114289400
2008-10-06,18.10097885131836,18.88576632214043,17.5414540786623,18.624170036538192,146374600
2008-10-07,16.880199432373047,18.31897635047793,16.814800355551483,18.1518459923716,145941200
2008-10-08,16.7203369140625,17.65772143474934,16.349742582540074,16.640404395699374,171598600
2008-10-09,16.20440673828125,17.37432178902529,16.037276412741953,17.272590527563892,131948700
2008-10-10,15.623088836669922,16.24074611438643,15.005431558953417,15.833819537414076,228467500
2008-10-13,18.529705047607422,18.529705047607422,16.444204301043474,16.6113360273702,144935400
2008-10-14,17.51238250732422,18.696829326333827,17.1490550751639,18.631430277666237,165674900
2008-10-15,16.46600341796875,17.62138506507291,16.33520528644986,17.27985768853933,113280200
2008-10-16,17.577795028686523,17.577795028686523,15.485026639266557,16.669475752094407,161147800
2008-10-17,17.388858795166016,18.24631213504401,16.938331970727063,17.12726248510567,133673100
2008-10-20,17.962919235229492,17.98471939405569,16.720339287822103,17.585059517470697,93484300
2008-10-21,16.974660873413086,18.17364132007459,16.909261813960242,17.657715560611525,100385600
2008-10-22,15.64488697052002,16.756668540595886,15.18709341791306,16.742136489929877,150054800
2008-10-23,16.21894073486328,16.415137933910305,15.179823776189638,15.659416005426007,154774100
2008-10-24,15.957345962524414,16.61133668720547,15.223425502132859,15.303356623828025,153919700
2008-10-27,15.390551567077637,15.957341522793197,15.27428688970089,15.746612314791951,117683900
2008-10-28,16.785736083984375,16.865667216785088,15.506822713339533,15.724818727864907,134088800
2008-10-29,16.71307373046875,17.417928949712127,16.49507767098713,16.80753831998141,111701800
2008-10-30,16.444202423095703,17.35252119424732,16.269805385352726,17.21445773894108,95323000
2008-10-31,16.22620964050293,16.64766957716594,16.073612722428177,16.371541226656266,93055200
2008-11-03,16.436933517456055,16.647662705816384,16.13900375021423,16.33520089474513,61923500
2008-11-04,17.09819221496582,17.192656752734962,16.618600038017647,16.807529113555933,72123000
2008-11-05,16.044544219970703,16.960129793309537,16.022744068468143,16.952863076142016,81179700
2008-11-06,15.172561645507812,16.044548536415657,15.158029593247814,15.89195159279851,95509700
2008-11-07,15.623088836669922,15.652155713731867,15.259761189305506,15.492290661861135,71256300
2008-11-10,15.47775936126709,15.964618531424478,15.397828210275849,15.877420660164,67106800
2008-11-11,15.4050874710083,15.47775186654435,15.107159014160082,15.470486535778349,78014500
2008-11-12,14.751102447509766,15.259761726107357,14.736570394452572,15.179829197360155,90162300
2008-11-13,15.44141960144043,15.44141960144043,13.61751528455215,14.642098780168967,148413700
2008-11-14,14.576704025268555,15.506823250498334,14.27877548163732,14.94003165271981,96624500
2008-11-17,14.03897762298584,14.707500432936818,13.915446188995395,14.34417284896313,97289000
2008-11-18,14.353555679321289,14.382818062932543,13.71708244013458,14.265765737739963,108966500
2008-11-19,13.380555152893066,14.594973873519544,13.351291378722042,14.360867866272002,103010500
2008-11-20,12.824563026428223,13.78292982948054,12.80261518377842,13.256194164254126,139532800
2008-11-21,14.397452354431152,14.41208424636479,13.153769447552317,13.183033231419591,157231900
2008-11-24,15.136344909667969,15.319239357697976,14.536451343389375,14.55108183874761,125289900
2008-11-25,14.624245643615723,15.311929429137829,14.302350897890033,15.260719186826243,92948100
2008-11-26,14.990034103393555,15.129034323842617,14.4340346169717,14.4340346169717,79678300
2008-11-28,14.792499542236328,14.85834164219517,14.646184849840616,14.799815486162158,28650800
2008-12-01,13.614665031433105,14.594979519408222,13.607349085060266,14.543767894798338,79639900
2008-12-02,14.009716987609863,14.12676934400445,13.578085900139515,13.892664631215276,79689800
2008-12-03,14.53645133972168,14.558397780440446,13.607347209073936,13.643925540521147,80961500
2008-12-04,13.980448722839355,14.573026202559614,13.746344108400416,14.192605506409555,78719200
2008-12-05,14.53645133972168,14.616923947980325,13.512241314712945,13.834135933869229,91996200
2008-12-08,15.370455741882324,15.546034314935483,14.733982193611967,14.88761431714252,107225000
2008-12-09,15.070504188537598,15.54602951825652,14.968082339327683,15.085136080621018,80484900
2008-12-10,15.0778169631958,15.333868043929158,14.85102686972663,15.231447611635813,61499000
2008-12-11,14.2291841506958,14.719341173451927,14.126762343078013,14.712025230381123,83564300
2008-12-12,14.163344383239746,14.521817280308998,13.680503224299636,14.009712344282242,78112600
2008-12-15,13.929240226745605,14.221871030800399,13.819502454273035,14.148712980943266,59925900
2008-12-16,14.71203327178955,14.763243505902569,13.899981286928204,14.053611989267255,97688700
2008-12-17,14.382822036743164,14.668136983807637,14.265769679210347,14.49255844750841,78922700
2008-12-18,14.119447708129883,14.646184495040542,13.892659033417567,14.529132185810083,80759200
2008-12-19,13.987771987915039,14.48524385629677,13.980456040462826,14.207244829984205,113530400
2008-12-22,14.031661033630371,14.112135030157319,13.819502822922518,14.07555530656608,58575400
2008-12-23,14.104817390441895,14.316974180280766,13.90729109290757,14.104817390441895,47511400
2008-12-24,14.024349212646484,14.229191538868141,13.973138979934618,14.090191339097224,16880400
2008-12-26,13.995080947875977,14.141397047707024,13.965818565134011,14.046292559578461,23101000
2008-12-29,13.870715141296387,14.053609600830615,13.636610456352413,14.009715321247118,58512800
2008-12-30,14.14871597290039,14.258452373204621,13.899979388011317,13.907295334081471,43224100
2008-12-31,14.221869468688965,14.397447931836535,14.097501216204405,14.126763595708873,46419000
2009-01-02,14.8729829788208,14.92419322346174,14.170668660245903,14.287721046675053,50084000
2009-01-05,15.011977195739746,15.121713589624386,14.675450673069706,14.777872516686129,61475200
2009-01-06,15.187546730041504,15.363125135574725,15.077810401004882,15.180230788722644,58083400
2009-01-07,14.273079872131348,14.843710931598368,14.251132040676369,14.770552888788709,72709900
2009-01-08,14.719346046447754,14.770556269523604,14.302345525600286,14.36087169416896,70255400
2009-01-09,14.280401229858398,14.851031110285934,14.199927212721537,14.75592659533939,49815300
2009-01-12,14.243817329406738,14.47792336573008,14.11944906448054,14.419395810118948,52163500
2009-01-13,14.499874114990234,14.624242416895134,14.280401297687064,14.280401297687064,65843500
2009-01-14,13.965821266174316,14.397452309243796,13.907295093997472,14.287715910833965,80257500
2009-01-15,14.075552940368652,14.119447205925434,13.548817567566658,13.951184691813156,96169800
2009-01-16,14.419395446777344,14.565711541370826,14.009712335438763,14.360869288014689,79634100
2009-01-20,13.519556999206543,14.35355661477451,13.439084392500682,14.236502886579494,89873000
2009-01-21,14.177979469299316,14.229191095790712,13.504927727385134,13.804875958195304,68340900
2009-01-22,12.517292976379395,13.300080772228345,12.488029203082027,13.20497490438541,222436600
2009-01-23,12.583138465881348,12.795295298033565,12.253927904331832,12.414874514770545,117020600
2009-01-26,12.897722244262695,13.029406535275378,12.605091261664839,12.648986955585462,92476500
2009-01-27,12.919661521911621,13.146450208579468,12.751398992944306,13.007451456149251,61695000
2009-01-28,13.197665214538574,13.395190175511352,12.992822912174406,13.022085300869843,64145500
2009-01-29,12.868457794189453,13.139140886716532,12.846509950724675,13.007458012050973,49192800
2009-01-30,12.50998306274414,13.014772232439077,12.50998306274414,12.978192498186294,62370900
2009-02-02,13.04403305053711,13.263505848074862,12.436823488950376,12.458771326853757,88871700
2009-02-03,13.534184455871582,13.61465843158815,12.875764950606566,13.058659335145371,86865100
2009-02-04,13.629292488098145,13.899976862006955,13.534187997217298,13.563451776179887,75618000
2009-02-05,13.929240226745605,14.002396881228998,13.351293167785364,13.541503539264415,75195200
2009-02-06,14.382822036743164,14.580348413345108,13.943874998308011,14.017033070609566,86746000
2009-02-09,14.221869468688965,14.463290029938571,14.090185272484891,14.36818415695848,52196400
2009-02-10,13.753662109375,14.485239910839073,13.680505445527729,14.082872678183401,83953200
2009-02-11,14.053608894348145,14.258451181063585,13.841452057548151,13.856083948465095,58599000
2009-02-12,14.09018611907959,14.13408038866043,13.563450697988515,13.87802792458714,75323200
2009-02-13,13.965821266174316,14.243820235170823,13.929242931829043,14.09750550241572,47416000
2009-02-17,13.32498550415039,13.626988930208332,13.177666142928276,13.619622821653072,75853300
2009-02-18,13.347081184387207,13.590157098766284,13.258689304185147,13.42073944545744,54946900
2009-02-19,13.19239616394043,13.538594778757748,13.118736495591275,13.479667325066687,49195600
2009-02-20,13.25869083404541,13.398644075121714,13.008248783673682,13.089274566129664,69413800
2009-02-23,12.676780700683594,13.369179379514726,12.639951566625713,13.273422787999392,70803400
2009-02-24,12.647317886352539,12.77990501908888,12.050677193980434,12.544195185309354,122674500
2009-02-25,12.492629051208496,12.698875802456758,12.124332184298702,12.529459580864106,105894600
2009-02-26,12.094867706298828,12.58101939957145,12.094867706298828,12.558921084444192,83219500
2009-02-27,11.895991325378418,12.168531689333163,11.859162191979221,11.999115427790652,93428000
2009-03-02,11.630820274353027,11.969653572820945,11.579258914522313,11.756041321774052,80602100
2009-03-03,11.697111129760742,11.962284678909532,11.520328763661551,11.807600635425747,80476600
2009-03-04,11.873893737792969,12.080139121105303,11.704476783332527,11.873893737792969,69285100
2009-03-05,11.247788429260254,11.697110424973664,11.247788429260254,11.682378210784385,89708500
2009-03-06,11.255151748657227,11.505593723710795,10.953148438435159,11.30671378629623,92821400
2009-03-09,11.15939712524414,11.593987631677543,11.122567992810671,11.196226960148282,66479100
2009-03-10,12.139063835144043,12.242187908472735,11.233053921603801,11.321445081280618,95184200
2009-03-11,12.603118896484375,12.669412443141567,12.102234946159376,12.249552845999014,84522200
2009-03-12,12.529463768005371,12.551562093183636,12.139068452838501,12.529463768005371,93694100
2009-03-13,12.264288902282715,12.558926199270905,11.918090253939274,12.507364847915653,82965800
2009-03-16,11.969653129577637,12.492634222713352,11.962287020597207,12.38951150687062,67028900
2009-03-17,12.448437690734863,12.448437690734863,11.977018004108873,12.021213248494687,62481000
2009-03-18,12.492629051208496,12.684143590594514,12.227456262393359,12.54419179272635,70710700
2009-03-19,12.625218391418457,12.853563501033948,12.463168246962791,12.794636048055406,58994600
2009-03-20,12.566292762756348,13.000883318417939,12.433705623070912,12.757807363975143,81725500
2009-03-23,13.501766204833984,13.693280788477043,12.750440085528453,12.794636731328573,71600000
2009-03-24,13.207125663757324,13.413371006809829,13.140832116364441,13.288151422779968,50044100
2009-03-25,13.170299530029297,13.487035161068679,12.905126656902194,13.243959207819628,73927100
2009-03-26,13.870065689086914,13.906894829036137,13.347084596111472,13.383913736060693,63775100
2009-03-27,13.354443550109863,13.7153757099251,13.295516108598584,13.656448268413822,47670400
2009-03-30,12.875659942626953,13.081906722910814,12.720975911119995,13.067174508974556,49633000
2009-03-31,13.531229019165039,13.840598478107172,13.096638555295348,13.13346768412178,92423300
2009-04-01,14.223631858825684,14.260462407259954,13.391281133395887,13.428110276888392,96438900
2009-04-02,14.20889663696289,14.65085184155076,13.995283737129599,14.363580677580378,99082300
2009-04-03,13.811142921447754,14.105780356116885,13.57543297371245,14.0910481331479,81858400
2009-04-06,13.818504333496094,13.818504333496096,13.457573423155054,13.656454150774087,47476100
2009-04-07,13.818504333496094,14.098409450005315,13.722746321705465,13.818504333496096,65815200
2009-04-08,14.135234832763672,14.451970378499196,13.96581719799136,13.973183304280687,56408900
2009-04-09,14.488801002502441,14.51089932365441,14.15733320992923,14.326750862211796,55759600
2009-04-13,14.4298734664917,14.621388033862855,14.26782332715053,14.503533131625414,44444700
2009-04-14,14.253091812133789,14.40040974468471,13.995283673993022,14.319385373511167,63796300
2009-04-15,13.870065689086914,14.179435241461931,13.634355821551976,14.149970805549248,72725500
2009-04-16,14.55508804321289,14.569820250717083,13.987910698767147,14.113131652671523,67688700
2009-04-17,14.14260196685791,14.503532771618708,13.99528264024724,14.503532771618708,61398500
2009-04-20,13.70801067352295,13.958452670718895,13.678546247998185,13.91425603243175,62937200
2009-04-21,13.973186492919922,14.054212275651256,13.678549198817038,13.693281414757543,60928300
2009-04-22,13.833237648010254,14.135241115397385,13.77431017644549,13.818505428883626,59401000
2009-04-23,13.936363220214844,13.951095442352322,13.604895246831703,13.936363220214844,86116300
2009-04-24,15.402176856994629,15.615789741845765,14.363579670162773,14.599289470728692,168478500
2009-04-27,15.026514053344727,15.335883522308055,14.938123579321635,15.137002848344219,68219600
2009-04-28,14.680315017700195,14.930757028218386,14.577192332760191,14.916024814672324,76685200
2009-04-29,14.916027069091797,15.387446734286776,14.776073829134003,14.81290436856575,79301600
2009-04-30,14.923386573791504,15.542125313055811,14.739238172937622,15.173828511348047,87439900
2009-05-01,14.908659934997559,14.989685711228733,14.628754879290103,14.871830803042295,63224500
2009-05-04,14.871830940246582,15.026514981815364,14.717145493736458,15.004418064414875,54313400
2009-05-05,14.577194213867188,14.908660631780213,14.466704002954785,14.835000959485743,66835500
2009-05-06,14.577194213867188,14.78343961036203,14.444607084725419,14.776073502638445,59639100
2009-05-07,14.230996131896973,14.72451417768991,14.098408984528483,14.7024158514813,68727200
2009-05-08,14.30465316772461,14.46670331511442,14.098406376094674,14.334116192276701,67597600
2009-05-11,14.230996131896973,14.53299956537338,14.002652380841011,14.142605636945703,63762600
2009-05-12,14.650847434997559,14.77606841328561,14.34147804187066,14.370942462616512,71966800
2009-05-13,14.5477294921875,14.731877966772151,14.488802036518065,14.672950511102718,49281700
2009-05-14,14.776071548461914,14.90129255331927,14.58455698780118,14.606655308049376,54539500
2009-05-15,14.89392375946045,15.100170496409666,14.717141444192958,14.827630215617521,61289900
2009-05-18,15.173837661743164,15.173837661743166,14.908663355022432,14.997055258909892,46073800
2009-05-19,15.0552339553833,15.373981142263505,15.010758031172895,15.203488921236836,51368300
2009-05-20,15.107123374938965,15.336918722611182,14.98851996304681,15.129362044867817,47450700
2009-05-21,14.692008018493652,14.995929367560722,14.462214138095984,14.929214787144645,58232800
2009-05-22,14.640117645263672,14.95145184921117,14.43256103801077,14.77354679179313,37318700
2009-05-26,15.07746410369873,15.159004430223733,14.417732847598872,14.484447403144177,44991700
2009-05-27,14.921794891357422,15.270193406330463,14.877318996587979,15.01074809475951,42892900
2009-05-28,15.159008979797363,15.292436717069423,14.862499126667196,15.06264285337093,45480800
2009-05-29,15.4851655960083,15.522230029889986,15.047815173249509,15.240545987843516,46134900
2009-06-01,15.863216400146484,15.937343863680544,15.462930359244599,15.56670795987402,57317100
2009-06-02,15.863216400146484,16.293153992007504,15.714962886942137,15.833566263051123,48935700
2009-06-03,16.10784339904785,16.130082072427044,15.781684672672885,15.796509041061263,56039600
2009-06-04,16.181961059570312,16.233849852047918,15.996643135656834,16.137485153712873,42330000
2009-06-05,16.411754608154297,16.537770850810936,16.16713500933418,16.2783254790045,59579200
2009-06-08,16.345046997070312,16.54519077593994,16.033712701227824,16.293158183407254,49000600
2009-06-09,16.367280960083008,16.545186018861074,16.219026037502758,16.35245518505224,50887700
2009-06-10,16.715681076049805,16.767571297616236,16.396935341039843,16.433998371151894,61297200
2009-06-11,16.92323875427246,17.241985922613164,16.730507875418454,16.745333653914315,65124600
2009-06-12,17.293869018554688,17.330932038682437,16.85651859450199,16.975121955547102,50963500
2009-06-15,17.36058235168457,17.449535573076375,17.064073970151032,17.21974034025733,69089600
2009-06-16,17.382823944091797,17.872063209653938,17.375411056569494,17.397648305272675,105295600
2009-06-17,17.55332374572754,17.657101388423182,17.175274800939253,17.419894540053516,86483100
2009-06-18,17.419883728027344,17.560725737029333,17.271628832881724,17.508836947887406,58852200
2009-06-19,17.842416763305664,18.042560542066852,17.605209950194983,17.82017950824162,115459000
2009-06-22,17.256807327270508,17.753459470089975,17.234568665163238,17.753459470089975,71291600
2009-06-23,17.301292419433594,17.5384992856756,17.2049262463575,17.33094257078162,56752700
2009-06-24,17.39765167236328,17.605208321566472,17.3161127215646,17.382827308313338,54287700
2009-06-25,17.63486099243164,17.731225727237327,17.197510413365038,17.368002628563453,57724300
2009-06-26,17.30869483947754,17.56072733585342,17.28645617902193,17.47177410789457,65126400
2009-06-29,17.686744689941406,17.812760946008773,17.45694942578912,17.494013862199335,62854900
2009-06-30,17.620027542114258,17.968424710250453,17.51624854920244,17.768281024488534,66452400
2009-07-01,17.820175170898438,18.01290459924337,17.760872068190718,17.827586644873115,54908400
2009-07-02,17.32352066040039,17.820172767689265,17.204915884843654,17.61261617779447,65422200
2009-07-06,17.197505950927734,17.2568076370814,16.952886318810897,17.204917424566187,49207700
2009-07-07,16.700851440429688,17.153026203289116,16.648961235243238,17.1085502984214,52842500
2009-07-08,16.72309112548828,16.81945724960029,16.30797932048505,16.537773178664587,73023400
2009-07-09,16.634140014648438,16.90840979592142,16.582251213535375,16.789806417987624,46981200
2009-07-10,16.597074508666992,16.708266405464318,16.419169453200453,16.44882100271006,43229200
2009-07-13,17.219749450683594,17.2642267918428,16.411762799859776,16.61931948367669,67584000
2009-07-14,17.130796432495117,17.21233539135337,16.945478431845412,17.19751102583814,45448700
2009-07-15,17.879474639892578,17.879474639892578,17.464361455660203,17.605203479377032,67238700
2009-07-16,18.11668586730957,18.11668586730957,17.686748216277056,17.738637023733126,64555100
2009-07-17,18.005495071411133,18.12409846191836,17.864653014984818,18.08703401871989,52860100
2009-07-20,18.18339729309082,18.18339729309082,17.90171322460647,18.116682719705775,47798000
2009-07-21,18.40578269958496,18.40578269958496,18.064798276837205,18.302005077681567,52028400
2009-07-22,18.38353729248047,18.45766474403554,18.16856923822066,18.309411254788937,66192500
2009-07-23,18.946903228759766,19.065506581219648,18.413188142690295,18.479902705181914,106060500
2009-07-24,17.382823944091797,17.70898251189074,16.908409039710534,17.50142731672118,215135700
2009-07-27,17.130796432495117,17.382829026487844,16.975128576740012,17.375416136798158,80950000
2009-07-28,17.39765167236328,17.456953370155052,16.975126898863927,17.041841485612665,70288400
2009-07-29,17.642269134521484,17.723809488933007,17.301284768552975,17.590380332210085,73626900
2009-07-30,17.649675369262695,18.1092643565196,17.575547930819543,17.938772237804656,67820000
2009-07-31,17.43471336364746,17.84241229484413,17.41988758807498,17.620031316712087,54258200
2009-08-03,17.664512634277344,17.6867513044403,17.419892917941667,17.657099744223025,46902900
2009-08-04,17.620027542114258,17.63485331451073,17.44212251494704,17.553312980193617,49218300
2009-08-05,17.649675369262695,17.975835250094587,17.634851012664697,17.671914024954628,53310300
2009-08-06,17.39023780822754,17.775699529190803,17.249397167534898,17.738636500348303,59686000
2009-08-07,17.4643611907959,17.657092006152915,17.419885283825383,17.60520321237672,46169700
2009-08-10,17.36058235168457,17.45694704548416,17.271629130292766,17.39023248290618,35261900
2009-08-11,17.145618438720703,17.34576219120938,17.086316743227457,17.28646049571614,33615800
2009-08-12,17.44212532043457,17.71639508456695,17.07148943408855,17.14561548026679,61972300
2009-08-13,17.50884437561035,17.679336587650774,17.345763638994242,17.51625585103466,38954500
2009-08-14,17.560731887817383,17.64227083623003,17.427302718224375,17.508843080500984,46330200
2009-08-17,17.234569549560547,17.49401496533744,17.219743774061577,17.28645834994317,42474400
2009-08-18,17.577472686767578,17.629653251985385,17.346386717168546,17.36129585632042,38878900
2009-08-19,17.62965202331543,17.681832584896597,17.331476370127582,17.331476370127582,41821300
2009-08-20,17.644559860229492,17.79364838673571,17.547653313269944,17.592379302496383,39505900
2009-08-21,18.19618797302246,18.203642542692457,17.719106888652966,17.838377159745338,69011400
2009-08-24,18.36763572692871,18.43472542088369,18.099278372922342,18.196184918738673,54180900
2009-08-25,18.36763572692871,18.501815114838667,18.233456339018755,18.337818875067356,43980300
2009-08-26,18.30054473876953,18.449633252973484,18.203638199806374,18.3303630103357,41079000
2009-08-27,18.404909133911133,18.471998829925248,18.114186643912106,18.196185477221267,45495600
2009-08-28,18.3974609375,19.001266988950725,18.345280360707406,18.688182106381074,55808000
2009-08-31,18.375093460083008,18.524182010507882,18.106736059857543,18.315458324275816,49592800
2009-09-01,17.89055824279785,18.442183617999792,17.81601396575676,18.151462501534752,62608500
2009-09-02,17.786191940307617,17.994914149202508,17.7265568203643,17.756373669429255,40771300
2009-09-03,17.972549438476562,17.994911716799177,17.7116452908114,17.82346094786412,34120000
2009-09-04,18.35272789001465,18.486905855219913,17.950189728958243,17.95764429732746,44999700
2009-09-08,18.501821517944336,18.516730659941537,18.196191216071885,18.352734363414427,53737100
2009-09-09,18.47199821472168,18.59872303388186,18.38999938414346,18.442179941124675,49900300
2009-09-10,18.63599967956543,18.673271110198986,18.375095399688725,18.48691111340333,46256000
2009-09-11,18.53162956237793,18.76271544839304,18.494356727979845,18.583810108721995,54303500
2009-09-14,18.63599967956543,18.70308939215698,18.367640829199225,18.375095399688725,42806800
2009-09-15,18.78508758544922,18.837268155227676,18.531637884970536,18.61363531384501,44716600
2009-09-16,18.78508758544922,18.896903295233606,18.598727595203947,18.82235901477272,50055800
2009-09-17,18.859628677368164,18.919263811787612,18.68072327410983,18.68072327410983,42428800
2009-09-18,18.829811096191406,18.99380735407823,18.710540831943952,18.978898215593873,68016500
2009-09-21,18.859628677368164,18.911810664072217,18.71054155222643,18.71799612175558,28878700
2009-09-22,19.209985733032227,19.24725715769401,18.852174937749766,18.934172356368425,61376700
2009-09-23,19.16526222229004,19.567800515362503,19.113081648405977,19.32180536575622,60599900
2009-09-24,19.33670997619629,19.463434806710897,19.127986307756448,19.321800838061943,56302900
2009-09-25,19.04598617553711,19.247255261232283,19.023623891668915,19.150348713571777,50158900
2009-09-28,19.25470542907715,19.500700448099447,19.083254656809874,19.083254656809874,44358000
2009-09-29,19.19507598876953,19.351617673586023,19.150349996223916,19.31434625010029,39050300
2009-09-30,19.17270851135254,19.373977570949553,18.91925890041113,19.20252678172842,63533400
2009-10-01,18.546541213989258,18.986350800618442,18.486906088097854,18.941624811653277,75958100
2009-10-02,18.606184005737305,18.703092013870975,18.211101667110604,18.233463959899805,51219700
2009-10-05,18.36763572692871,18.68072049144743,18.278183749531102,18.621085365911178,60804900
2009-10-06,18.717988967895508,18.792531791069848,18.38254057635812,18.397449709718273,48795300
2009-10-07,18.710546493530273,18.77018164369888,18.54654876420601,18.62854762886814,38472700
2009-10-08,19.135446548461914,19.30689742238296,18.799997950082393,18.963995674540865,60521300
2009-10-09,19.04598617553711,19.22489297736409,18.978896480305384,19.060895312658285,39520000
2009-10-12,19.17270851135254,19.299433316823244,19.045983705881834,19.12798252760211,29145800
2009-10-13,19.23979949951172,19.33670746297603,19.023622711915184,19.075803266789745,37749000
2009-10-14,19.351619720458984,19.530526553192242,19.24725858620943,19.48579913410202,45365500
2009-10-15,19.910694122314453,19.910694122314453,19.306888350752583,19.306888350752583,65620100
2009-10-16,19.754150390625,19.85105691788683,19.455974820034825,19.71687897748121,56500900
2009-10-19,19.649791717529297,19.81378794610744,19.5677928923335,19.746698256731506,48143200
2009-10-20,19.657245635986328,19.7616067396505,19.336706335516777,19.694517052491133,54604700
2009-10-21,19.813793182373047,19.940518026705032,19.672159198281104,19.72433976562713,61672700
2009-10-22,19.82124137878418,19.918147912436208,19.478338383633858,19.798877676335234,61600000
2009-10-23,20.88722801208496,21.878663101616045,20.78286545089324,21.766847392023525,281761000
2009-10-26,21.379213333129883,21.632662974626626,20.954312881742275,20.96922059691407,124149700
2009-10-27,21.3121280670166,21.52830491096996,21.200312360019083,21.41648920397244,69685800
2009-10-28,20.88722801208496,21.446307981861448,20.835047442396043,21.0512242913664,73542400
2009-10-29,21.03631591796875,21.177949913584314,20.760503919038065,20.924500204299175,65225500
2009-10-30,20.67105484008789,21.170499793155432,20.618874257527946,20.89468773624881,73371800
2009-11-02,20.78286361694336,20.909588455782625,20.43250737865304,20.648685630360987,62428900
2009-11-03,20.52195930480957,20.6785009887219,20.447415036454984,20.603956720367318,50294800
2009-11-04,20.917036056518555,21.163031082683325,20.589043636174388,20.641224183873994,63898400
2009-11-05,21.22267723083496,21.423946381010467,21.08104464824985,21.259950085578957,52681700
2009-11-06,21.25994873046875,21.34194616205097,21.021408162567862,21.15558616565166,38908500
2009-11-09,21.61029815673828,21.617752724847225,21.26739655460773,21.334486245774748,57518000
2009-11-10,21.62520980834961,21.826478905261812,21.476121272456055,21.543210971426788,65881100
2009-11-11,21.70721435546875,21.841392366892794,21.632670067912706,21.67739607172072,49693400
2009-11-12,21.886112213134766,21.983018758128093,21.617753439593958,21.62520800794937,55352400
2009-11-13,22.08738136291504,22.2066530428419,21.893568259841256,21.968111104801807,53037600
2009-11-16,22.020294189453125,22.214107302231863,21.89356935613552,22.07247475226384,54129500
2009-11-17,22.462047576904297,22.462047576904297,22.065217555596853,22.087680117289224,75648900
2009-11-18,22.544410705566406,22.56687184098405,22.319789354699502,22.46204940077201,59431200
2009-11-19,22.297319412231445,22.462040528659642,22.237420694612275,22.454553010444986,51967700
2009-11-20,22.177534103393555,22.289844081826942,22.03527403572521,22.207482764529658,42647100
2009-11-23,22.41712188720703,22.469533098394447,22.23742569395087,22.3422481163257,41832700
2009-11-24,22.3946590423584,22.45455777268109,22.274861581713022,22.424609121568935,37341400
2009-11-25,22.304813385009766,22.35722459958103,22.14757831319749,22.319786997674065,32033500
2009-11-27,21.878032684326172,22.005317671078277,21.52612780476374,21.795672818614893,29357900
2009-11-30,22.02029037475586,22.05024045227161,21.71330922071091,21.82561915519838,44172000
2009-12-01,22.46953773498535,22.499486392658756,22.02029644509477,22.102657752869337,49904200
2009-12-02,22.297319412231445,22.454553010444986,22.199983103538997,22.387166774611163,36308600
2009-12-03,22.33475685119629,22.611789328573174,22.282345648797513,22.34224436983871,43095200
2009-12-04,22.44707489013672,22.73908251037068,22.334764926092276,22.499486111484213,58810700
2009-12-07,22.304813385009766,22.521945763676214,22.22245208891293,22.297325864628373,38082700
2009-12-08,22.14008903503418,22.26737401521527,21.997829015279226,22.102652864197896,37402200
2009-12-09,22.244909286499023,22.31978304896817,21.90049197847848,22.065213113432012,44713300
2009-12-10,22.36471939086914,22.432104240011927,22.207484267938764,22.244920453917974,45940200
2009-12-11,22.349733352661133,22.46204328345878,22.304809665961727,22.439580726059948,43744200
2009-12-14,22.544410705566406,22.581846883328236,22.38717561714971,22.394663138321803,34651200
2009-12-15,22.477018356323242,22.61927693577338,22.372194516398935,22.379682035543404,49473200
2009-12-16,22.53692054748535,22.769027964268222,22.491996853807677,22.51445798659728,55737800
2009-12-17,22.16254997253418,22.432093524646586,22.1400874148172,22.424607433505862,43691200
2009-12-18,22.731592178344727,22.79897843405907,22.31229960321138,22.342249684905973,94118000
2009-12-21,22.85137939453125,23.090974228177537,22.739069494771787,22.761530617864967,40129100
2009-12-22,23.076013565063477,23.15837487595811,22.866368669111676,22.911292371372955,36321000
2009-12-23,23.150882720947266,23.173345281631754,22.978674039994928,22.99364765235279,28362700
2009-12-24,23.21078109741211,23.21078109741211,23.031084898997506,23.120932284155586,11083900
2009-12-28,23.338062286376953,23.34554980527176,23.128416041617044,23.21077732136169,25384000
2009-12-29,23.502790451049805,23.58515175544132,23.38299296907958,23.472841794606563,29716200
2009-12-30,23.180831909179688,23.42791579812065,23.061034438959005,23.323091940603685,42006200
2009-12-31,22.82144546508789,23.203300536787648,22.82144546508789,23.19581301442896,31929700
2010-01-04,23.173349380493164,23.28565934758386,22.903804316996524,22.92626688165415,38409100
2010-01-05,23.180831909179688,23.285655766696657,22.94123696873832,23.098472040964527,49749600
2010-01-06,23.038570404052734,23.270677794858127,22.85138670189715,23.120930261894337,58182400
2010-01-07,22.798980712890625,22.98616445789597,22.604309446713227,22.933751809691614,50559700
2010-01-08,22.95621109008789,23.12093224801922,22.641742386329216,22.67169246673406,51197400
2010-01-11,22.664203643798828,23.031083539077738,22.551893704933587,22.993645940723756,68754700
2010-01-12,22.514461517333984,22.76154401345659,22.394664030007792,22.57436026099708,65912100
2010-01-13,22.724105834960938,22.85139083255895,22.469535839764912,22.656719575756192,51863500
2010-01-14,23.180831909179688,23.285655766696657,22.65671833398882,22.69415450789585,63228100
2010-01-15,23.10596466064453,23.390483358184753,22.99365325794034,23.270685861525838,79913200
2010-01-19,23.2856502532959,23.390472657895312,22.971181611399494,23.023592813699203,46575700
2010-01-20,22.90379524230957,23.165852680424184,22.69414900619825,23.06851636690537,54849500
2010-01-21,22.46953773498535,23.001138904551816,22.462050213542327,22.91877902487594,73086700
2010-01-22,21.68336296081543,22.611795533889367,21.593515568646048,22.462047976142333,102004600
2010-01-25,21.95290756225586,22.207477548565663,21.788186394448907,21.893008825953466,63373000
2010-01-26,22.08768081665039,22.34973833229816,21.780699604293982,21.863060905008627,66639900
2010-01-27,22.214967727661133,22.327277693156347,21.728290258449423,21.975372753778366,63949500
2010-01-28,21.833114624023438,22.364717268698357,21.630955811480913,22.342254702382913,117513700
2010-01-29,21.09934425354004,22.402142471223524,20.71000186349262,22.387167434352904,193888500
2010-02-01,21.27155876159668,21.323969977004793,20.90467882564137,21.256583720594787,85931100
2010-02-02,21.30899429321289,21.338944374313225,21.069399356804077,21.241609466934072,54413700
2010-02-03,21.43628692626953,21.556085865294932,21.054433252753434,21.159255717789303,61397900
2010-02-04,20.844783782958984,21.338948798788287,20.822321217476283,21.249099964956248,77850000
2010-02-05,20.979555130004883,21.174226402186427,20.642623807363996,20.964580087198915,80960100
2010-02-08,20.754924774169922,21.024469715424747,20.6426148580131,20.972058516424767,52820600
2010-02-09,20.972063064575195,21.21914550494348,20.777391834573155,20.942112985452553,59195800
2010-02-10,20.957094192504883,21.14427795781282,20.844784218939882,20.987044280441577,48591300
2010-02-11,21.054426193237305,21.264071053015456,20.739957475471577,20.912166161174632,65993700
2010-02-12,20.912166595458984,21.0095015069347,20.650109087195627,20.82231777647495,81117200
2010-02-16,21.32589340209961,21.340938468220315,21.077655550213855,21.16040054432479,51935600
2010-02-17,21.506433486938477,21.55156725807016,21.333419501953095,21.461299715806792,45882900
2010-02-18,21.792280197143555,21.837415398039763,21.44625226559864,21.506431098683695,42856500
2010-02-19,21.641834259033203,21.754669393947992,21.581655424760207,21.656879326295595,44451800
2010-02-22,21.611743927001953,21.769714262260262,21.551565093278924,21.69449036141233,36707100
2010-02-23,21.310848236083984,21.686966278679733,21.130311747811202,21.574131152856303,52266200
2010-02-24,21.536527633666992,21.656886778405006,21.348468532505894,21.45378260480452,43165900
2010-02-25,21.513957977294922,21.551569217528133,21.077660990616174,21.265720061335923,48735300
2010-02-26,21.56661033630371,21.702013071979028,21.446252667876,21.5515652690561,40370600
2010-03-01,21.829891204833984,21.852457368789832,21.461295700865225,21.641832186394222,43805400
2010-03-02,21.408639907836914,22.040518381757654,21.243148473153514,21.87502694707425,93123900
2010-03-03,21.408639907836914,21.52147647693293,21.3258949078835,21.446252575794446,48442100
2010-03-04,21.536527633666992,21.551572706106377,21.26572350364342,21.40864738748636,42890600
2010-03-05,21.506433486938477,21.57413486102436,21.37855327308478,21.559089792388225,56001800
2010-03-08,21.536527633666992,21.762199415926556,21.438737532365135,21.45378260480452,39414500
2010-03-09,21.66440200805664,21.89759626333231,21.476342957865953,21.48386549204678,50271600
2010-03-10,21.792280197143555,21.897594231124813,21.664399997490747,21.709535198386956,44891400
2010-03-11,21.95025062561035,21.95777315912557,21.702012758714396,21.732101457998706,35349700
2010-03-12,22.01795768737793,22.100702707894065,21.844943676107814,22.055568929905544,31700200
2010-03-15,22.032997131347656,22.093175964889074,21.822370496564403,21.95025069718699,37512000
2010-03-16,22.093175888061523,22.183443420671466,21.96529568788363,22.130787120852904,36723500
2010-03-17,22.288755416870117,22.469293346755308,22.115741455071376,22.19096535339412,50385700
2010-03-18,22.273712158203125,22.35645715644559,22.190965725184114,22.2887557902985,43845200
2010-03-19,22.258665084838867,22.491857861226432,22.07812860297981,22.386545272169418,81332100
2010-03-22,22.26618766784668,22.341411560818486,22.108217349128235,22.19096377487487,37718200
2010-03-23,22.4768123626709,22.49185742789673,22.123261938522155,22.258664656001876,42026600
2010-03-24,22.303802490234375,22.45425030041613,22.266191255077263,22.356458793364993,33987700
2010-03-25,22.574609756469727,22.99586164954083,22.416639399832583,22.439207003574108,73168700
2010-03-26,22.311325073242188,22.71753330075943,22.258668769995875,22.634786861499993,55595500
2010-03-29,22.258665084838867,22.43167903394008,22.22857495380748,22.34893260838019,33336000
2010-03-30,22.39406967163086,22.461771037318446,22.190965574568104,22.288755639018763,34954800
2010-03-31,22.032997131347656,22.356457464897428,21.942728163647242,22.29627863135601,63760000
2010-04-01,21.935211181640625,22.221061789390074,21.529004311124204,22.078136485515348,74768100
2010-04-05,22.01795768737793,22.138315385198613,21.837421140646907,21.91264362570213,34331200
2010-04-06,22.055564880371094,22.25114646211398,21.799804460767064,21.92768467056908,47366800
2010-04-07,22.078126907348633,22.23609577880192,21.920156601119036,21.935201665479248,58318800
2010-04-08,22.506912231445312,22.55204601187497,22.04052505108214,22.0555701228177,63713800
2010-04-09,22.82284164428711,22.875497937698015,22.491857383848924,22.529470046839847,54752500
2010-04-12,22.807802200317383,22.935682416451193,22.725055756119993,22.755145893928766,37068800
2010-04-13,22.905593872070312,22.943205109815047,22.66487707226306,22.679922141271653,41374600
2010-04-14,23.183921813964844,23.319324573309647,23.063564124497653,23.161355643925265,68941200
2010-04-15,23.22153091430664,23.281709749777267,23.101171808588774,23.183918245402115,52745400
2010-04-16,23.071086883544922,23.3042797298057,23.018430573238632,23.16135586891059,88703100
2010-04-19,23.349414825439453,23.507383755584094,23.138788150469757,23.146310685444764,64970300
2010-04-20,23.59012222290039,23.650301047559775,23.41710684657535,23.4848082036642,52199500
2010-04-21,23.567556381225586,23.69543657249998,23.492332486103628,23.567556381225586,55343100
2010-04-22,23.612695693969727,23.718009745802522,23.244100099496936,23.349414151329732,84847600
2010-04-23,23.289230346679688,23.755617387604477,23.056037543605584,23.409589449802684,126766600
2010-04-26,23.402070999145508,23.52995122342192,23.21401193019648,23.31932454967935,63649300
2010-04-27,23.206483840942383,23.507377992288376,23.131259944411763,23.281707737473003,68730900
2010-04-28,23.251615524291992,23.319316881633682,23.03346782212816,23.259138056749553,64557900
2010-04-29,23.319320678710938,23.64278245317344,23.071082806296367,23.26666437771036,52665200
2010-04-30,22.973299026489258,23.379505913097102,22.958253955006043,23.371983377355498,63214800
2010-05-03,23.214014053344727,23.364460461397645,23.00338736033829,23.07108874613404,43989500
2010-05-04,22.664884567260742,22.980823947034718,22.379035335454397,22.958257770836223,82085600
2010-05-05,22.454246520996094,22.63478300196094,22.333888867019528,22.39406769400781,66833800
2010-05-06,21.799806594848633,22.47681894575647,20.994914021620005,22.258671175195605,128613000
2010-05-07,21.2205810546875,21.77723706702863,20.551091341834145,21.762191999716364,173718100
2010-05-10,21.76970672607422,22.175913354390868,21.596691383585057,21.82236300800637,86653300
2010-05-11,21.724576950073242,22.303799065114138,21.491384171401148,21.574130597771685,63789400
2010-05-12,22.145830154418945,22.25114274438612,21.754667056288824,21.79980081844955,47146800
2010-05-13,21.995386123657227,22.363981686263674,21.950252353789026,22.010431191872186,45188800
2010-05-14,21.76218605041504,21.972811196100142,21.5440369383541,21.9652900992767,63334000
2010-05-17,21.76970672607422,21.987854384761143,21.40111131777309,21.905109413771793,46053300
2010-05-18,21.611038208007812,21.913290198355586,21.459911492208338,21.81505884196175,52690600
2010-05-19,21.339004516601562,21.679038808055772,20.998971666398113,21.550581569200933,61746700
2010-05-20,20.485145568847656,21.03675554860521,20.43225165863131,20.893185334267297,87991100
2010-05-21,20.281126022338867,20.48514663630545,19.97887406160191,20.12244284217007,117596300
2010-05-24,19.850412368774414,20.296234451851245,19.84285589128574,20.288677974362567,73711700
2010-05-25,19.69928550720215,19.89574959621777,19.17790009563187,19.381920662061635,98373600
2010-05-26,18.8983154296875,20.1073242909396,18.558281192030474,19.820183947751328,176684100
2010-05-27,19.646392822265625,19.91842026100494,19.44237224321114,19.44237224321114,136433600
2010-05-28,19.495264053344727,19.737066995838298,19.3894762568636,19.52548996162541,67496900
2010-06-01,19.56327247619629,19.880637332367236,19.283690008409234,19.291246486086013,76152400
2010-06-02,19.993974685668945,20.00908763578478,19.442364977693252,19.691722889603515,65718800
2010-06-03,20.296236038208008,20.349129943512217,19.956201730894072,20.061989541502484,67837000
2010-06-04,19.48771095275879,20.077101810255446,19.35925371231066,19.721956000193337,89832200
2010-06-07,19.109901428222656,19.517941263891363,19.072119027812736,19.510384783809375,80456200
2010-06-08,18.973880767822266,19.08722504532256,18.626290016737258,19.079668567989117,87355000
2010-06-09,18.73208236694336,19.283692332574173,18.70185645259327,19.057002298701274,87794000
2010-06-10,18.890758514404297,19.00410277724062,18.724520358327716,18.98898982452898,78930900
2010-06-11,19.389480590820312,19.434818022124574,18.716969835011767,18.92099043775738,68057700
2010-06-14,19.268579483032227,19.616168852494322,19.24591004714303,19.540606948698862,50972400
2010-06-15,20.084653854370117,20.13754774618695,19.449924270067186,19.45748074621966,81641500
2010-06-16,19.888195037841797,20.0846591458145,19.820188175803136,20.001539327489283,48698000
2010-06-17,19.925968170166016,20.15265664413257,19.67661027230274,20.069536864428088,47995500
2010-06-18,19.978872299194336,20.046879164517403,19.774851703225135,19.925978390887707,52075600
2010-06-21,19.60860824584961,20.318899740295223,19.563269386948427,20.23578138147743,54625300
2010-06-22,19.472597122192383,19.986426060897998,19.465040644711337,19.76729253769972,55985400
2010-06-23,19.12500762939453,19.480154888242463,19.057000768817304,19.480154888242463,61466200
2010-06-24,18.890758514404297,19.434811840768962,18.837864621164044,19.2383477792691,85243400
2010-06-25,18.535615921020508,18.97388153533374,18.369376295461556,18.928542669499073,156256700
2010-06-28,18.36937141418457,18.596061359367546,18.22580270094408,18.520498044306553,73784800
2010-06-29,17.613750457763672,18.286262731961557,17.46262518899814,18.233367374579945,119882100
2010-06-30,17.387052536010742,17.893324870203593,17.341715123751033,17.606184562974622,81050500
2010-07-01,17.500398635864258,17.62129937549454,17.175477357638933,17.447504742432322,92239400
2010-07-02,17.58352279663086,17.742204516289554,17.417283157463626,17.65152965969912,62485100
2010-07-06,17.999113082885742,18.20313360488328,17.817761988193613,17.90843825616487,73592000
2010-07-07,18.361818313598633,18.37693126763878,17.84043437046911,17.999116064138803,79965300
2010-07-08,18.44493865966797,18.603621799234794,18.1124608673023,18.588508844752113,50758100
2010-07-09,18.33915138244629,18.444939184332856,18.248475094221586,18.384488805933287,53806100
2010-07-12,18.76230239868164,18.8076398182237,18.45249405618483,18.4600505329836,49854200
2010-07-13,18.988990783691406,19.117448005727944,18.815196142480378,18.996547260428915,61928700
2010-07-14,19.22323989868164,19.351697138492533,18.981438374626023,19.268577324129378,72808100
2010-07-15,19.27613067626953,19.33658104748135,18.875646066209644,19.268574199711736,56934700
2010-07-16,18.80765151977539,19.37437466102617,18.800095038275202,19.276143284026684,65064800
2010-07-19,19.064558029174805,19.117451935960922,18.822756488866343,18.860537439070463,38181800
2010-07-20,19.253469467163086,19.253469467163086,18.66407845651086,18.78497925055497,45530700
2010-07-21,18.98143196105957,19.381915059489884,18.875642749091888,19.344134124590894,73297300
2010-07-22,19.52548599243164,19.63883024294201,19.245902162672408,19.276128064808688,73016400
2010-07-23,19.50282096862793,19.66150410816574,19.079668331944884,19.52549040034781,108520100
2010-07-26,19.72195816040039,19.797521505631998,19.495268124705575,19.5406069965951,67249900
2010-07-27,19.76729393005371,19.82774431290935,19.616167252289213,19.752180974027098,60672100
2010-07-28,19.60860824584961,19.789959357702777,19.517931969297763,19.699283081150934,69704800
2010-07-29,19.669057846069336,19.95619673494423,19.344136576256652,19.74461972544399,69446200
2010-07-30,19.50282096862793,19.52549040034781,19.155231663093808,19.457483546438844,83534800
2010-08-02,19.895751953125,19.933532903420655,19.4574862999414,19.638837455612112,55044600
2010-08-03,19.76729393005371,19.910864129804903,19.62372373030252,19.797519842106936,56877700
2010-08-04,19.442367553710938,19.82773918522304,19.22323551299843,19.75973234194147,78531900
2010-08-05,19.170351028442383,19.329032779795213,19.049448793422084,19.261025903143672,64922100
2010-08-06,19.306364059448242,19.313920539496607,18.905880705643423,19.026781503914826,55982100
2010-08-09,19.35169792175293,19.442372776318468,19.170346771371022,19.30635905321933,57096500
2010-08-10,18.943655014038086,19.14767557996427,18.800084826025138,19.140119102568782,87257700
2010-08-11,18.784975051879883,18.815199523009788,18.558285032776855,18.648961328668232,76746900
2010-08-12,18.505388259887695,18.648958438947833,18.407156942373245,18.45249436266833,70240500
2010-08-13,18.4373836517334,18.641404229756354,18.316482888738488,18.399602703766533,45263500
2010-08-16,18.51294708251953,18.59606689796783,18.361820407386404,18.407159274676815,40909700
2010-08-17,18.771230697631836,18.961146029411708,18.68766893692721,18.771230697631836,52912600
2010-08-18,18.85479736328125,18.95355416531433,18.543336277987862,18.748445221651096,46818900
2010-08-19,18.566123962402344,18.79402178982385,18.391400749177535,18.70286323843087,54064600
2010-08-20,18.406591415405273,18.53573388358716,18.383802505627706,18.46736425637682,49560100
2010-08-23,18.444576263427734,18.71805333692406,18.414189116962092,18.566121951412523,51643000
2010-08-24,18.26226234436035,18.49775699319769,18.231875190219142,18.300244838097605,66522500
2010-08-25,18.30782699584961,18.398985487544998,18.133105345985033,18.23186062014472,47404800
2010-08-26,18.095129013061523,18.376204286220496,18.072340105061276,18.300237878696013,49105300
2010-08-27,18.17869758605957,18.247067228171133,17.85963973918532,18.14071364658696,60939400
2010-08-30,17.95840072631836,18.09514005350386,17.928015014132463,18.034367180192483,45453100
2010-08-31,17.829254150390625,18.02676630614328,17.715305219863126,17.928010952736585,66074600
2010-09-01,18.15591049194336,18.193894438256226,17.882433323187705,17.981188685722362,65235900
2010-09-02,18.186294555664062,18.193891343634487,18.01157133022256,18.140713827841505,48837100
2010-09-03,18.452171325683594,18.573717002309902,18.38380170146395,18.414187396151146,64189100
2010-09-07,18.201488494873047,18.459773515826743,18.17110278890518,18.307842088108817,51928700
2010-09-08,18.17869758605957,18.383806512394262,18.03436151394192,18.28504971870461,65512400
2010-09-09,18.239465713500977,18.391397085200847,18.22427214164936,18.376204962287993,46028900
2010-09-10,18.1179256439209,18.254664935027648,18.072346363198385,18.21668099364288,58284300
2010-09-13,19.07509422302246,19.211833478217276,18.300239409544396,18.383802609705413,114680400
2010-09-14,19.01432991027832,19.2574213845755,18.907976303568695,19.021926699967544,87160400
2010-09-15,19.082693099975586,19.158658073238577,18.930760255571627,19.067499525747394,56201900
2010-09-16,19.242218017578125,19.272605160878488,19.0295123612918,19.03710914711689,44548300
2010-09-17,19.158653259277344,19.39414925382471,19.05230116428087,19.29539249509488,70341600
2010-09-20,19.31818962097168,19.386559262841303,19.075098204963748,19.204240700835353,49838700
2010-09-21,19.10548210144043,19.310591007660207,19.052306040332855,19.310591007660207,52675700
2010-09-22,18.695261001586914,18.968738024990223,18.505345717780266,18.90796519212964,94299400
2010-09-23,18.55852508544922,18.680070772914338,18.50534902830059,18.61929792918178,46201800
2010-09-24,18.82441520690918,18.839607337906653,18.672482305418185,18.718061596289672,51948800
2010-09-27,18.786428451538086,18.983940614404485,18.68007630574053,18.87758846860693,43603300
2010-09-28,18.748443603515625,18.915568590073015,18.497755399209975,18.839602160205423,56041200
2010-09-29,18.611698150634766,18.733243818560553,18.535731745946485,18.710453462472472,44318900
2010-09-30,18.604110717773438,18.862395754193273,18.50535535629027,18.6952707390143,61262700
2010-10-01,18.520544052124023,18.854795469453272,18.459771198876805,18.81681297952593,62672300
2010-10-04,18.16350746154785,18.224280327312442,18.06475209803267,18.201489959298442,98143400
2010-10-05,18.49775505065918,18.573721479095344,18.163503634903524,18.277452553088214,78152900
2010-10-06,18.55852508544922,18.64208828893357,18.330625834747956,18.474961881964866,50489700
2010-10-07,18.634492874145508,18.80161784447839,18.444577542383097,18.702862509495095,50096100
2010-10-08,18.664878845214844,18.72565169430505,18.51294744695884,18.70286278148311,41327800
2010-10-11,18.68007469177246,18.794023616558782,18.611705047112828,18.794023616558782,27587800
2010-10-12,18.86239242553711,18.938358855008765,18.55852815658962,18.72565314227596,50141500
2010-10-13,19.249820709228516,19.4017535744657,18.907972486914442,19.00672928400037,75336500
2010-10-14,19.166257858276367,19.24982108066313,18.99153607413969,19.211838588090536,51949100
2010-10-15,19.40175437927246,19.409349718804116,19.166258283492258,19.26501508467473,68954800
2010-10-18,19.61445426940918,19.713211048481945,19.333380403608988,19.439732520512962,48330500
2010-10-19,19.0675048828125,19.272613845702043,18.953555941964773,19.196647402157094,66150900
2010-10-20,19.22702980041504,19.295399442942205,19.067501600477744,19.189047309650675,56283600
2010-10-21,19.31059455871582,19.4017545723345,19.02951917825255,19.29540098162283,50032400
2010-10-22,19.280210494995117,19.40175768228283,19.1966487054679,19.38656410275443,25837900
2010-10-25,19.1358642578125,19.25740992261744,19.120670687477226,19.17384673471206,50912400
2010-10-26,19.675235748291016,19.728411830077118,19.037119868978696,19.08270060960069,69304200
2010-10-27,19.789175033569336,19.834755751921957,19.46252191234199,19.59166438313005,64805500
2010-10-28,19.96390724182129,20.039872242183392,19.69042860391129,19.910729713052508,80730300
2010-10-29,20.260168075561523,20.66278910896548,20.115832014690067,20.62480517245245,114193200
2010-11-01,20.47287368774414,20.677981148302084,20.28295835278896,20.419696176847914,61912100
2010-11-02,20.807119369506836,20.82990972664851,20.526045542786495,20.556431236703336,54402100
2010-11-03,20.533645629882812,20.883089135272684,20.480468121335743,20.8602987744668,110255300
2010-11-04,20.617206573486328,20.837509039086527,20.518451245108277,20.822315465816395,93599300
2010-11-05,20.396909713745117,20.655194716220606,20.15381828763623,20.640001139854,110953700
2010-11-08,20.366531372070312,21.931435640305615,20.191809515083012,20.267775980841783,71670800
2010-11-09,20.47287368774414,20.594419386200336,20.29055369112083,20.366520114890708,58538600
2010-11-10,20.46527671813965,20.571628841106527,20.36651993343697,20.51845277962309,52277300
2010-11-11,20.267765045166016,20.29815074571072,19.96390079502375,20.267765045166016,62073100
2010-11-12,19.956302642822266,20.14621796729007,19.8271601642266,20.10823403303315,64962200
2010-11-15,19.90313148498535,20.131029350891424,19.880341118819025,20.00188684049417,51794600
2010-11-16,19.727325439453125,19.90312216713209,19.60503295105821,19.90312216713209,65339200
2010-11-17,19.54389190673828,19.80376387817977,19.52860497716129,19.796120413391275,58299700
2010-11-18,19.75025177001953,19.93369046492434,19.574456536299234,19.650888232462037,59514000
2010-11-19,19.63561248779297,19.742618081662844,19.5668227609218,19.719687686758494,52423200
2010-11-22,19.666181564331055,19.673825028006686,19.44452694910432,19.605035312767647,53350500
2010-11-23,19.199941635131836,19.5668191386323,19.177011244472457,19.543888747972918,69742500
2010-11-24,19.39103126525879,19.459819547857272,19.230521384949892,19.261095250853366,56825900
2010-11-26,19.29930877685547,19.421601309903235,19.238162510331588,19.268734914672535,21356500
2010-11-29,19.34516716003418,19.429243819056644,19.054722772803178,19.253448493684143,56603600
2010-11-30,19.30695152282715,19.467459919779415,19.108225799570583,19.14644166803295,75282100
2010-12-01,19.903125762939453,20.063634136265552,19.53624677363089,19.543890237766664,74123500
2010-12-02,20.552806854248047,20.62159658258489,20.025420880788136,20.055993283470116,91759200
2010-12-03,20.65217399597168,20.682746403913136,20.468735174796475,20.491664116292025,52622000
2010-12-06,20.514591217041016,20.62159681439367,20.453444953147798,20.583380946151127,36264200
2010-12-07,20.537517547607422,20.73624177254455,20.522230620199448,20.69802591186625,57860500
2010-12-08,20.81267738342285,20.820320848019875,20.484015694959897,20.506946088750965,41666800
2010-12-09,20.698030471801758,20.89675619836133,20.644527671928405,20.850896863875878,47148300
2010-12-10,20.896759033203125,20.94261837390983,20.720963678958967,20.782109952515288,37625800
2010-12-13,20.82796287536621,20.98082924107439,20.76681662065128,20.84324980350537,47943900
2010-12-14,21.110769271850586,21.210131408168106,20.835610343829778,20.873826213680676,64070500
2010-12-15,21.28655433654785,21.393559886781805,21.04196938867522,21.04196938867522,69634200
2010-12-16,21.393569946289062,21.393569946289062,21.141341417964444,21.217774614574743,57680200
2010-12-17,21.32478904724121,21.470012035163794,21.210139933762363,21.340075984463077,87456500
2010-12-20,21.255983352661133,21.393562768833934,21.15662125089271,21.362990375151913,52811000
2010-12-21,21.454715728759766,21.508218527829282,21.21777413666251,21.286563866278154,38153000
2010-12-22,21.546438217163086,21.706946631974372,21.3859283445097,21.40885874284364,42252300
2010-12-23,21.630508422851562,21.645795351536403,21.370636466576304,21.378279930918726,24902500
2010-12-27,21.454715728759766,21.554079319467668,21.30949280425541,21.49293305512509,21652800
2010-12-28,21.408849716186523,21.531142206720904,21.370632401743602,21.378275864632187,23042200
2010-12-29,21.37828254699707,21.4929330683215,21.30949281733919,21.355353609005736,19502500
2010-12-30,21.28655433654785,21.401203348632983,21.233051561430873,21.340057111664827,20786100
2010-12-31,21.332427978515625,21.34007144550082,21.118415276457007,21.248351299520763,24752000
2011-01-03,21.385927200317383,21.538793598680776,21.340067863945173,21.439430002391966,53443800
2011-01-04,21.470001220703125,21.531147480948587,21.286562439966747,21.35535216497312,54405600
2011-01-05,21.401214599609375,21.408858065478853,21.22541925813753,21.324781398756645,58998700
2011-01-06,22.027963638305664,22.050894035305987,21.294208428399532,21.431787894717434,88026300
2011-01-07,21.859811782836914,21.966817386564447,21.592296315676066,21.890384187683917,73762000
2011-01-10,21.569368362426758,21.706947844430797,21.431790338264896,21.599942228579735,57573600
2011-01-11,21.485286712646484,21.592292296455845,21.43942592714955,21.554076433050145,50298900
2011-01-12,21.821596145629883,21.852170010688347,21.454718511981064,21.492935843304146,52631100
2011-01-13,21.546438217163086,21.699303165863057,21.40885874284364,21.653443827037275,67077600
2011-01-14,21.630508422851562,21.691654679749167,21.332420602705962,21.46235658084359,62688400
2011-01-18,21.905675888061523,21.96682216890956,21.508224333628135,21.523511268300727,53322700
2011-01-19,21.76045036315918,21.920960242644767,21.60758540795241,21.752806896722518,50005900
2011-01-20,21.668731689453125,21.82159664471527,21.500578343469957,21.783380770360274,58613600
2011-01-21,21.416501998901367,21.729876817181136,21.416501998901367,21.706946419072096,58080300
2011-01-24,21.69165802001953,21.82923748368526,21.393570153971766,21.41650055053005,52047800
2011-01-25,21.745166778564453,21.745166778564453,21.492938195595507,21.508223671955527,42436600
2011-01-26,21.99738311767578,22.157891463933385,21.783370531490835,21.791013994337597,74628800
2011-01-27,22.066184997558594,22.517137891539534,21.775739080532315,21.974464850644434,146938600
2011-01-28,21.21013069152832,22.11203918481919,20.98083256448641,22.089108788978223,141249400
2011-01-31,21.194843292236328,21.324779283444347,20.957901705154143,21.225417152681462,65029000
2011-02-01,21.393569946289062,21.44707274656368,21.103125548580277,21.248347018513684,62810700
2011-02-02,21.355350494384766,21.485286469471955,21.309489709406893,21.347707030221788,45824000
2011-02-03,21.13370132446289,21.378286426366547,21.049626106834886,21.378286426366547,60340100
2011-02-04,21.22541618347168,21.27891897896568,21.02669047317836,21.17191338797768,40412200
2011-02-07,21.5540714263916,21.66107698534532,21.24069675416308,21.24833875879571,68980900
2011-02-08,21.615219116210938,21.66107843628559,21.43942238321536,21.477639698145484,34904200
2011-02-09,21.37828254699707,21.599938666526228,21.33242321317246,21.546435867423863,52905100
2011-02-10,21.01904296875,21.355348064445636,20.85853461311622,21.347704601152376,76672400
2011-02-11,20.82796287536621,21.25598665837072,20.69038343779719,21.217770795864528,83939700
2011-02-14,20.81267738342285,20.843251241810943,20.598666206073435,20.797390454228807,56766200
2011-02-15,20.728111267089844,21.012585259114704,20.72042408874184,20.789620425546293,44116500
2011-02-16,20.77424430847168,20.812686068217637,20.451328540644585,20.797308777735598,70817900
2011-02-17,20.920312881469727,21.043329672495236,20.689659514520873,20.735789894618975,57207300
2011-02-18,20.804994583129883,20.920321313084983,20.7511755402481,20.858813626011667,68667800
2011-02-22,20.44363021850586,20.83574214143862,20.389811193752852,20.58971147602005,60889000
2011-02-23,20.44363021850586,20.651219142374693,20.320614885796576,20.397499835354488,60234100
2011-02-24,20.5820255279541,20.804990297746794,20.374436576918445,20.482074640510874,64494200
2011-02-25,20.412879943847656,20.720419806738665,20.374438194215653,20.689665233866062,53006300
2011-02-28,20.435943603515625,20.65122119033495,20.382124573425443,20.52051720306225,51379900
2011-03-01,20.11302947998047,20.589715077451814,20.10534083703398,20.451322437332433,60055000
2011-03-02,20.05152130126953,20.27448754176398,20.02076819671158,20.07458722953199,48658200
2011-03-03,20.143783569335938,20.297552025206944,20.128406283811238,20.189913959451374,68271500
2011-03-04,19.951566696166992,20.17453141228997,19.83623855126867,20.159154130775754,70437200
2011-03-07,19.77473258972168,20.197599068924315,19.644028618543906,20.08995955554012,64980400
2011-03-08,19.920818328857422,20.00539193703117,19.72091800637503,19.813180257697184,50549800
2011-03-09,19.905445098876953,19.97464143485466,19.7286106698046,19.843937407614437,39789100
2011-03-10,19.536396026611328,19.767049467701096,19.490265631685137,19.697854608541217,66549500
2011-03-11,19.74397850036621,19.874682464989284,19.497947853183557,19.53638959188397,49905800
2011-03-14,19.75167465209961,19.80549369332856,19.49026662345137,19.597904705909272,54473400
2011-03-15,19.521015167236328,19.582522838035263,19.221165455398843,19.282673126197775,76067300
2011-03-16,19.059707641601562,19.436442294165218,18.975134047560857,19.39031044298384,100725400
2011-03-17,19.052024841308594,19.390316388278524,19.028958908645624,19.26730101366056,62497000
2011-03-18,19.06739044189453,19.359552899837773,19.06739044189453,19.26729068510355,85486700
2011-03-21,19.47488021850586,19.667091828031758,19.3364876250139,19.35955354608196,46878100
2011-03-22,19.451814651489258,19.574829966508236,19.397995634475734,19.451814651489258,30895600
2011-03-23,19.63633918762207,19.690158204901852,19.359553994230925,19.3979957304427,43969000
2011-03-24,19.843931198120117,19.89006305197586,19.605589152366417,19.682474109000747,38696700
2011-03-25,19.69784927368164,19.95156857674794,19.67478334923619,19.936191293784304,57029800
2011-03-28,19.536396026611328,19.774738111265265,19.513330095918825,19.728607716339074,48973200
2011-03-29,19.59790802001953,19.62097395578632,19.451826693081472,19.482581274103858,40763500
2011-03-30,19.690166473388672,19.77473862186059,19.605592858457904,19.68247782962598,41999300
2011-03-31,19.521015167236328,19.74398139041906,19.48257342290895,19.682473719620123,63233700
2011-04-01,19.590213775634766,19.628656990925194,19.459509776564744,19.628656990925194,63114200
2011-04-04,19.644031524658203,19.728605126302128,19.53639346180857,19.567148032027678,35433700
2011-04-05,19.82086753845215,20.12840591095603,19.790112967972444,19.85162064247322,73651100
2011-04-06,20.105335235595703,20.22835055554948,19.882370518101343,19.97463127483753,65581400
2011-04-07,20.143783569335938,20.189913959451374,19.966947718719222,20.136094926573588,46134700
2011-04-08,20.043834686279297,20.205293267533378,19.959261073886264,20.120719655140345,39887600
2011-04-11,19.974634170532227,20.182223102969957,19.836241548907072,20.136092717914405,34286300
2011-04-12,19.71323013305664,19.87468871256092,19.64403380847749,19.8593114256636,36920400
2011-04-13,19.705537796020508,19.89006227128367,19.651718768426466,19.720915080035525,38144700
2011-04-14,19.544078826904297,19.559456109435146,19.290359530978794,19.544078826904297,55239900
2011-04-15,19.50564193725586,19.65172175824761,19.359560649805367,19.574836792933734,65080400
2011-04-18,19.282676696777344,19.436446635477584,19.00589139370044,19.29805398393913,58045100
2011-04-19,19.336490631103516,19.35186791420614,19.121214533500503,19.221163940750696,38892400
2011-04-20,19.805492401123047,19.99001544463695,19.613280714155383,19.63634664451667,61608600
2011-04-21,19.620967864990234,19.905440318844878,19.497952512005735,19.82855682307358,46892300
2011-04-25,19.690166473388672,19.697855117151366,19.482577491172524,19.65172325457521,33525100
2011-04-26,20.13610076904297,20.328312494495762,19.736300028150982,19.79011907664431,69200000
2011-04-27,20.282176971435547,20.28986561504392,20.089965280602744,20.220669289027402,52689000
2011-04-28,20.535898208618164,20.658915051058905,20.29755610096083,20.34368650033926,80200000
2011-04-29,19.92850685119629,20.482075956397203,19.497953102706692,20.41287963493975,319317900
2011-05-02,19.728607177734375,19.990015185944195,19.590214530275205,19.943884792277395,89825600
2011-05-03,19.843931198120117,19.874685767357278,19.597900510057126,19.682474109000747,71892900
2011-05-04,20.03614044189453,20.182221695249453,19.828552990394634,19.874683372232568,73292300
2011-05-05,19.828554153442383,20.051518900785762,19.743980559730158,20.02845297528466,55600000
2011-05-06,19.890058517456055,20.159153604640256,19.797796297237014,20.043826929210137,55993000
2011-05-09,19.859310150146484,19.959259575641966,19.736294795786495,19.836244221281977,38696400
2011-05-10,19.736295700073242,19.874688346683843,19.413380013468092,19.513329443543103,120798700
2011-05-11,19.497955322265625,19.7286087757412,19.382627129068943,19.720920131764164,78600000
2011-05-12,19.467191696166992,19.5210107125272,19.29804600668373,19.490257617374887,77400000
2011-05-13,19.24422836303711,19.467193084784917,19.182720701886854,19.43643998743895,66812300
2011-05-16,18.89056396484375,19.274987330726475,18.83674492825357,19.19041372096547,91350900
2011-05-17,18.975685119628906,19.114984836133242,18.782213619166303,18.882818149935876,82882100
2011-05-18,19.10725212097168,19.145945843438565,18.766741754193674,18.983430437792567,53931100
2011-05-19,19.130462646484375,19.254284296540288,18.960208246675123,19.231068659698867,37783600
2011-05-20,18.952472686767578,19.24655026666572,18.913778967551348,19.13046615687548,45451500
2011-05-23,18.70482635498047,18.766737181484814,18.5964827776155,18.735781030197373,52692500
2011-05-24,18.68934440612793,18.79768943710984,18.604217959870276,18.728039587217978,47691800
2011-05-25,18.720306396484375,18.81317190795763,18.697089280580713,18.704828319215267,34904200
2011-05-26,19.091768264770508,19.370367705660353,18.82090786124654,18.844124973344176,78016600
2011-05-27,19.161418914794922,19.269762490242073,19.076290976331872,19.09950808938648,50251000
2011-05-31,19.354894638061523,19.393588358830577,19.114990321937558,19.316199441221638,60196300
2011-06-01,18.906042098999023,19.42454596680545,18.859609335394683,19.339418003471714,74033500
2011-06-02,18.743528366088867,19.076299759399568,18.71257367716781,18.95247805157296,51487800
2011-06-03,18.50362205505371,18.681615556916366,18.449450248058213,18.61196566904471,60697700
2011-06-06,18.58100700378418,18.76673950630573,18.39527450126263,18.488140014488046,54778700
2011-06-07,18.619701385498047,18.70482933904883,18.49587971273551,18.642918502667563,41112600
2011-06-08,18.526836395263672,18.588747233403677,18.464925557123667,18.495880238158264,42205000
2011-06-09,18.542314529418945,18.60422684874398,18.433970922742002,18.581009728997092,42878700
2011-06-10,18.34884262084961,18.58874842559041,18.333366017375127,18.58874842559041,49327200
2011-06-13,18.60422134399414,18.720303956239363,18.34109996900071,18.410749831561944,47572500
2011-06-14,18.743528366088867,18.921523362651904,18.720312718415872,18.80543922000217,42894500
2011-06-15,18.37205696105957,18.581006575102162,18.31788516691609,18.573267536500136,49410200
2011-06-16,18.57326889038086,18.650657805971605,18.302408423848647,18.379797339439392,57184100
2011-06-17,18.774484634399414,18.80543932349082,18.557795906474794,18.74352846923681,83320400
2011-06-20,18.936994552612305,19.08403334212624,18.69709024682592,18.704829285860416,54338400
2011-06-21,19.161418914794922,19.238807815573107,18.88281946242167,18.97568643856959,49708700
2011-06-22,19.0762939453125,19.200115615400644,19.029861188047132,19.037600226936483,44287300
2011-06-23,19.060815811157227,19.076293888890152,18.728045996323793,18.913778500906663,59470400
2011-06-24,18.805431365966797,18.99116532620663,18.72030489993333,18.96794821215901,101387200
2011-06-27,19.501934051513672,19.7031431771698,18.751263445826215,18.751263445826215,92044200
2011-06-28,19.966266632080078,20.059133640725786,19.470979855492363,19.57932346885317,81032100
2011-06-29,19.82695960998535,19.896607990737774,19.625749076505084,19.896607990737774,66051000
2011-06-30,20.121042251586914,20.121042251586914,19.857920811749725,19.91983165194254,52535400
2011-07-01,20.136520385742188,20.252603026912443,19.997220625909538,20.066870505825865,52906200
2011-07-05,20.144262313842773,20.237127849666898,20.043656261283715,20.198434122418693,37805300
2011-07-06,20.37642478942871,20.4073809477695,20.090086229059903,20.0978252686451,48744200
2011-07-07,20.716934204101562,20.80206068350688,20.399640975962487,20.500245533830885,51946500
2011-07-08,20.8330135345459,20.879446286496144,20.515720356756496,20.538937470766907,58320700
2011-07-11,20.608585357666016,20.74014604837287,20.50024178040291,20.600847795921965,43999800
2011-07-12,20.538942337036133,20.73241390475017,20.384164492436536,20.546679900802285,47319300
2011-07-13,20.608585357666016,20.863967701265146,20.515719856032078,20.585369720292796,40861800
2011-07-14,20.48476219177246,20.902661346470822,20.399635734240533,20.600846274346733,46382300
2011-07-15,20.724674224853516,20.840756866682664,20.484768425526287,20.484768425526287,49132400
2011-07-18,20.577638626098633,20.817542986679282,20.322256183913787,20.608593313235925,44501900
2011-07-19,21.31282615661621,21.39021359394444,20.72467248128301,20.74788812205318,86730600
2011-07-20,20.94136619567871,21.16579396689074,20.879455340873875,21.111622153445413,49795400
2011-07-21,20.972314834594727,21.134830216607366,20.624065478752385,20.92588207917264,81737400
2011-07-22,21.305086135864258,21.320562736974246,20.647282616392694,20.786582358877343,76380600
2011-07-25,21.599164962768555,21.73846472292964,21.041967398195094,21.096139199130874,108482400
2011-07-26,21.730724334716797,21.7848961322906,21.498559066237423,21.529513746534974,74636500
2011-07-27,21.150314331054688,21.661079214705712,21.049709752911166,21.575951242073508,71488700
2011-07-28,21.452119827270508,21.72298022802318,21.057437782071545,21.119350080365127,83761400
2011-07-29,21.204486846923828,21.444391215159044,21.09614322437976,21.297353863440996,104394800
2011-08-01,21.103872299194336,21.428904489402306,20.701451211113902,21.28960476844597,61838400
2011-08-02,20.740150451660156,21.243177683910773,20.709195769900447,20.879450209755966,63883100
2011-08-03,20.8330135345459,20.894924362503083,20.49250324274609,20.763363668585242,64581200
2011-08-04,20.074604034423828,20.79431827859994,20.066864996994244,20.531196910275973,92949500
2011-08-05,19.87339210510254,20.19842427415124,19.525142825382375,20.097818270645256,112071700
2011-08-08,18.944734573364258,19.81148780122333,18.875084694515277,19.36263384645814,134257200
2011-08-09,19.796003341674805,19.826959489439115,18.596480661144692,19.12272188850469,126268900
2011-08-10,18.728044509887695,19.416802677558277,18.650655603436135,19.308459094168462,127819900
2011-08-11,19.494190216064453,19.641227504326842,18.882819521675888,18.960208422696915,90690100
2011-08-12,19.424537658691406,19.610270109739645,19.076288390432016,19.447753292528493,64787100
2011-08-15,19.74183464050293,19.79600643147535,19.463235171421225,19.53288503869165,56529400
2011-08-16,19.741836547851562,19.928741328192316,19.508204458385258,19.64059553013335,54251500
2011-08-17,19.663963317871094,20.014410783037643,19.414756891702645,19.663963317871094,50923700
2011-08-18,19.212278366088867,19.539362206971855,18.713865460129124,19.134400978185752,105714200
2011-08-19,18.72943687438965,19.173337471681403,18.620409439293812,19.00979483365025,77397900
2011-08-22,18.6749210357666,19.072094271146195,18.52695567219581,19.01758055978988,54721000
2011-08-23,19.2512149810791,19.274578641444602,18.71386416116027,18.71386416116027,59670600
2011-08-24,19.39138412475586,19.41474777325634,19.017574661068767,19.196691510078818,45329700
2011-08-25,19.134395599365234,19.59387042490545,19.07988188877355,19.531568829173924,48192000
2011-08-26,19.663963317871094,19.734052810904405,19.017583592976376,19.087673086009683,71957000
2011-08-29,20.123435974121094,20.139011745362723,19.75741426226662,19.88201746142505,38863200
2011-08-30,20.427156448364258,20.58291119276591,20.014408900858342,20.03777107274746,57341400
2011-08-31,20.71529769897461,20.800961452603506,20.450515583277294,20.473879235387173,59300800
2011-09-01,20.41158103942871,20.917783225032355,20.41158103942871,20.60627373069554,60510800
2011-09-02,20.092283248901367,20.24803798137452,19.98325582740249,20.076708963963824,43894400
2011-09-06,19.86644172668457,19.928743326378253,19.554933728216156,19.625023213544964,54929300
2011-09-07,20.24803924560547,20.24803924560547,19.913167589650794,20.006620732047082,41961000
2011-09-08,20.419368743896484,20.76202829338998,20.20910176809095,20.248039711843404,65811900
2011-09-09,20.045557022094727,20.388216535444865,19.858652238100245,20.24803757610221,64529200
2011-09-12,20.162376403808594,20.193527950134303,19.679539318859955,19.811930419969254,55046100
2011-09-13,20.27918815612793,20.396003454921143,20.100069780232086,20.185735025861092,48792300
2011-09-14,20.63742446899414,20.87105509524293,20.162373845516,20.380430185965555,66739200
2011-09-15,21.019010543823242,21.05016206929052,20.489446493971432,20.816530084445404,67808300
2011-09-16,21.12026023864746,21.237075536620246,20.894416041897923,21.06574504656553,89681500
2011-09-19,21.19035530090332,21.26823268733729,20.71530606589256,20.871059353372896,52324900
2011-09-20,21.01123046875,21.416191537960692,20.972292532835798,21.268224707790047,49211900
2011-09-21,20.240251541137695,21.07353600296557,20.224675769701005,21.065748117247225,72750700
2011-09-22,19.515995025634766,19.97546989747894,19.157761185423972,19.702899831664833,96278300
2011-09-23,19.515995025634766,19.58608451356946,19.22785067335867,19.391391821614718,64768100
2011-09-26,19.81192970275879,19.87423130776735,19.259001658593814,19.617237001433608,51057600
2011-09-27,19.991043090820312,20.18573575766298,19.819714078738148,19.983255205900146,55620700
2011-09-28,19.92095184326172,20.53618132884777,19.866438139047673,20.193521849718994,60736200
2011-09-29,19.81971549987793,20.380429885850518,19.539357564198,20.232463032531967,63407300
2011-09-30,19.38360595703125,19.85865665026352,19.37581807029445,19.625025989709542,54060500
2011-10-03,19.10324478149414,19.73404859876435,19.09545689666523,19.25121013708198,64592500
2011-10-04,19.734041213989258,19.7729791381755,18.8929692772417,18.924119319513373,83485400
2011-10-05,20.162376403808594,20.372644885344688,19.593874051851735,19.7963546468064,94061300
2011-10-06,20.512819290161133,20.55954511382296,20.01440654340259,20.170159784071057,55111400
2011-10-07,20.442729949951172,20.645210501035244,20.403792010868035,20.51281942861055,52741600
2011-10-10,20.98007583618164,21.003437998474315,20.6140527828048,20.699718005575843,41815300
2011-10-11,21.02680206298828,21.081315756600816,20.808745803151396,20.917774675763212,38826200
2011-10-12,20.99565887451172,21.268228936263675,20.948933045047404,21.166989391526435,52489800
2011-10-13,21.16698455810547,21.182560326166005,20.73087345011948,20.839900855769226,43823500
2011-10-14,21.237077713012695,21.416194620619482,21.042385034643427,21.268227769150407,50947700
2011-10-17,21.01123046875,21.353889949265742,20.909990944140848,21.112471478746194,39453300
2011-10-18,21.26822280883789,21.33831227553509,20.871049659349406,20.98007854387111,52487900
2011-10-19,21.128047943115234,21.39283009375134,21.03459629311849,21.314954213883116,42880000
2011-10-20,21.05796241760254,21.29159305537751,20.559548112755305,21.229291452945027,76300200
2011-10-21,21.151412963867188,21.174776620568355,20.871055025002335,21.143625078300133,76620600
2011-10-24,21.17477798461914,21.338319135900544,21.057962664362798,21.073536951112892,56897800
2011-10-25,20.878847122192383,21.20593095505072,20.80875762333791,21.089115618755798,53554600
2011-10-26,20.70751190185547,21.073533576142854,20.32591445792509,21.050171407065516,63029900
2011-10-27,21.221500396728516,21.33831569816519,20.75423770559468,21.12804726434689,74512400
2011-10-28,21.01123046875,21.174773067441144,20.863265123966396,21.135833646139897,57712100
2011-10-31,20.738664627075195,21.02681046103762,20.73087822663789,20.839905657408213,46799000
2011-11-01,20.240251541137695,20.49724582829384,20.139011997573835,20.396006284729978,61182600
2011-11-02,20.25581932067871,20.403786120172622,20.01440090021045,20.325908779102843,53533100
2011-11-03,20.660789489746094,20.70751532100311,20.23246466616335,20.434945248793618,65836100
2011-11-04,20.442729949951172,20.559545252587746,20.24803728376116,20.543969482799625,36549200
2011-11-07,20.87105369567871,20.886629465820768,20.349277279017382,20.411578874198412,42589700
2011-11-08,21.151412963867188,21.18256450613541,20.785391254539302,21.03459765113593,47822500
2011-11-09,20.403789520263672,20.832112739443225,20.294760630442692,20.707509567122376,62950900
2011-11-10,20.466096878051758,20.63742591696255,20.341493670591657,20.614062258543505,32514400
2011-11-11,20.956724166870117,21.089115275284847,20.691941950040658,20.699729837051827,37903000
2011-11-14,20.839908599853516,21.026813429872544,20.754243329074463,20.933360272169253,34199200
2011-11-15,20.981128692626953,21.138056208774078,20.714352813119866,20.839894227408884,43874200
2011-11-16,20.455432891845703,20.80067268862939,20.431894801169534,20.769286572297965,53262800
2011-11-17,20.03957748413086,20.431894961926005,19.961113689257346,20.408355374492228,70977500
2011-11-18,19.851259231567383,20.008186785375628,19.733564314497233,19.99249373068039,47626200
2011-11-21,19.61587142944336,19.812030143737793,19.537407644411143,19.80418361557735,61882500
2011-11-22,19.45110321044922,19.58448972951431,19.341253288024202,19.529565516588082,49204500
2011-11-23,19.20001792907715,19.451102386431387,19.20001792907715,19.309867846848533,49099700
2011-11-25,19.06662940979004,19.35694501079694,19.06662940979004,19.12940014830877,26164600
2011-11-28,19.513874053955078,19.592336360498646,19.37263950766055,19.568798267164603,46766700
2011-11-29,19.49032974243164,19.647257310647525,19.419712486391713,19.47463668629561,40917100
2011-11-30,20.070959091186523,20.078805619153236,19.725719343512154,19.906186493602142,81350900
2011-12-01,19.835569381713867,20.110190379670975,19.77279865409907,20.055266180079553,48545400
2011-12-02,19.788494110107422,20.102349306554526,19.741416429269353,20.078809717849246,52293800
2011-12-05,20.165119171142578,20.243581470275743,20.008191579731402,20.227889908392566,56818400
2011-12-06,20.133729934692383,20.29850402980111,20.09449879120431,20.25142486172879,46175300
2011-12-07,20.086654663085938,20.21219613313372,19.8826494001152,20.1415788691603,62667000
2011-12-08,19.92972755432129,20.18081050042732,19.906189463481606,19.9924982908478,60522200
2011-12-09,20.165119171142578,20.298507174870352,20.008191579731402,20.023884638187006,53788500
2011-12-12,20.016035079956055,20.063112751626228,19.84341595278395,19.937571296124297,38945900
2011-12-13,20.212200164794922,20.478976216002494,20.125889825706395,20.204353634280267,54581100
2011-12-14,20.07880973815918,20.290661547003516,20.063116679006452,20.18081162950692,47926400
2011-12-15,20.055265426635742,20.306348327662146,20.039573867750697,20.180806877148946,46213900
2011-12-16,20.4005069732666,20.533894963339314,20.110191407847548,20.141577521545724,101408100
2011-12-19,20.03173065185547,20.494665388374163,19.97680494867449,20.416201594688005,52258300
2011-12-20,20.424047470092773,20.47897167494365,20.25142683019305,20.29065947406678,60767600
2011-12-21,20.212200164794922,20.549593494061714,19.96111717461666,20.408358937943273,64132500
2011-12-22,20.251426696777344,20.290659340392608,19.992497235205914,20.259273225500394,35794100
2011-12-23,20.424047470092773,20.43189399886752,20.188656096567424,20.329890621368165,23205800
2011-12-27,20.431894302368164,20.51035659813644,20.345583981136226,20.369122071237765,21287200
2011-12-28,20.259273529052734,20.5182029945038,20.212195852581363,20.48681837571367,29822500
2011-12-29,20.41619873046875,20.439736817671733,20.290657276812254,20.361274531565556,22616900
2011-12-30,20.369115829467773,20.49465875668571,20.32988469360535,20.40050193541523,27395700
2012-01-03,21.004682540893555,21.153762136298287,20.706520356938636,20.832061856528266,64731500
2012-01-04,21.49900245666504,21.553926676808967,21.012529509756465,21.04391413702181,80516100
2012-01-05,21.71869468688965,21.757925834011143,21.412687548939438,21.483303314443667,56081400
2012-01-06,22.056087493896484,22.11885822596527,21.60099931225471,21.60099931225471,99455500
2012-01-09,21.76577377319336,22.048242839803873,21.7500807146989,22.00901019356773,59706800
2012-01-10,21.844236373901367,22.087472780967232,21.773619111112513,21.914853636690225,60014400
2012-01-11,21.75007438659668,21.954079597952788,21.47545342570576,21.52253109091963,65582400
2012-01-12,21.96977996826172,21.985473027416447,21.695157419343946,21.86777807690097,49370800
2012-01-13,22.165937423706055,22.165937423706055,21.8050060636571,21.914854478181145,60196100
2012-01-17,22.173776626586914,22.479783678268806,22.103159384418493,22.283625004816944,72395300
2012-01-18,22.150243759155273,22.28363175738574,21.946238497357363,22.213014493818296,64860600
2012-01-19,22.063932418823242,22.31501532884915,21.99331516330693,22.095317034290385,74053500
2012-01-20,23.311506271362305,23.335045861279273,22.558257352890198,22.613181566123885,165902900
2012-01-23,23.327194213867188,23.499814842244216,23.029033623191232,23.185959698494067,76078100
2012-01-24,23.021188735961914,23.201654408881836,22.895647268141765,23.123190617351156,51703300
2012-01-25,23.193801879882812,23.264419124334655,22.809331047073876,22.809331047073876,59231700
2012-01-26,23.146730422973633,23.30365800752104,23.068266630699927,23.233040744131944,49102800
2012-01-27,22.93487548828125,23.170266832828634,22.887797818000635,23.10749610693043,44187700
2012-01-30,23.2330379486084,23.240884476548867,22.62102223840134,22.730870636423564,51114800
2012-01-31,23.170269012451172,23.303657004604155,22.93487764576057,23.27227089041649,50572400
2012-02-01,23.452735900878906,23.578277360971295,23.350734025768435,23.374273610750354,67409900
2012-02-02,23.499820709228516,23.67243988412955,23.31150697733497,23.46058805817877,52223300
2012-02-03,23.727359771728516,23.852901239046734,23.60966483318923,23.648895980511544,41838500
2012-02-06,23.69597053527832,23.71166209320585,23.515503401677293,23.570429092425808,28039700
2012-02-07,23.813669204711914,23.92351761038063,23.578277839828864,23.656741628123214,39242400
2012-02-08,24.056907653808594,24.064754182964645,23.711667853804354,23.743053970428562,49659100
2012-02-09,24.143213272094727,24.16675135840256,23.915668460638187,24.07259602002698,50481600
2012-02-10,23.931358337402344,24.166748148649663,23.821509958363183,24.041206716441504,44605300
2012-02-13,23.994131088256836,24.143212112860866,23.87643617265241,24.033362227934294,33319800
2012-02-14,23.891462326049805,24.05731968853521,23.575542464345663,23.954646298390635,59644000
2012-02-15,23.733505249023438,24.002037548889906,23.71771038335626,23.954649939038458,43311300
2012-02-16,24.712862014770508,24.91820884941804,23.930958078737056,23.938856265673518,94705100
2012-02-17,24.68126106262207,24.736546846374402,24.444321558990747,24.641771647491726,70036500
2012-02-21,24.831323623657227,24.965589744484056,24.602280797248376,24.625975350250037,50829900
2012-02-22,24.69705581665039,25.02087382010811,24.625973668923134,24.839220112104908,49253200
2012-02-23,24.776042938232422,24.94979851006,24.48381608344179,24.641776789775907,35034700
2012-02-24,24.862913131713867,24.878709499287048,24.67336124010929,24.862913131713867,35575400
2012-02-27,24.760234832763672,24.878704553160546,24.56278479662748,24.673356334807995,34568400
2012-02-28,25.17093849182129,25.21832609229222,24.783934984297264,24.807629537745058,45230600
2012-02-29,25.068267822265625,25.273616134126392,24.9655944195477,25.186737596609362,59323600
2012-03-01,25.502655029296875,25.581633862268664,25.155142439807236,25.21832641003947,77344100
2012-03-02,25.3367977142334,25.621123321111497,25.273612237472026,25.518451440648306,47314200
2012-03-05,25.115652084350586,25.313102184090525,24.973489277934583,25.281509445048272,45240000
2012-03-06,24.92610740661621,25.257823730749468,24.87082160366486,24.910312538933788,51932900
2012-03-07,25.147241592407227,25.210425555948973,24.902403921986025,25.012975481577953,34340400
2012-03-08,25.281505584716797,25.439466242959007,25.194628578465615,25.305201641804953,36747400
2012-03-09,25.26572036743164,25.39998652625677,25.210434567872774,25.35259740684198,34628400
2012-03-12,25.30521011352539,25.431578079855043,25.131453030003378,25.249922810134304,34073600
2012-03-13,25.80277442932129,25.818570796908777,25.392080923442837,25.463163071162004,48951700
2012-03-14,25.881763458251953,25.968641997696952,25.660620276282785,25.6922100073856,41986900
2012-03-15,25.94493865966797,26.0160208072088,25.731695229894516,25.897552569873444,49068300
2012-03-16,25.747495651245117,26.0239276399285,25.668516804678365,25.99233489616185,65626400
2012-03-19,25.43157386779785,25.755391916188948,25.392084449769566,25.700106128379456,44789200
2012-03-20,25.26572036743164,25.392089846112697,25.06827022247851,25.35259740684198,41566800
2012-03-21,25.202526092529297,25.39207947995436,25.131443948851008,25.242015502828593,37928600
2012-03-22,25.27360725402832,25.344689394944226,25.107749929507463,25.1235447891587,31749500
2012-03-23,25.281505584716797,25.360487420262384,25.052464287332523,25.352587730283343,35912200
2012-03-26,25.73959732055664,25.755393691426644,25.392086199965625,25.423675928855953,36758300
2012-03-27,25.684310913085938,25.826475234657508,25.589535702988094,25.78698581485421,36274900
2012-03-28,25.42367172241211,25.826471580828194,25.305203479762636,25.68430727936948,41344800
2012-03-29,25.368385314941406,25.42367109605226,25.123547638697094,25.320999224188736,37038500
2012-03-30,25.47895622253418,25.597427472070198,25.305202206156785,25.589530794764013,31749400
2012-04-02,25.502655029296875,25.636919647918788,25.2341227792037,25.447369243646754,35853600
2012-04-03,25.226226806640625,25.423675412808503,25.005082138223887,25.399982363409258,42752100
2012-04-04,24.649669647216797,25.028774982350914,24.52330170431366,25.00508042814731,49455900
2012-04-05,24.894508361816406,24.98138537932676,24.523301218766512,24.602281558123384,50368600
2012-04-09,24.562789916992188,24.79972940717839,24.46011503320017,24.657565110496854,31056400
2012-04-10,24.065217971801758,24.633875231619612,23.930951841725292,24.531200334630395,54131300
2012-04-11,23.970441818237305,24.11260612757008,23.8756651098739,24.033625788338018,43014000
2012-04-12,24.468015670776367,24.515404778705538,24.02572787507695,24.073115476581428,38304000
2012-04-13,24.333749771118164,24.61018021091401,24.262667614987098,24.39693374252081,39749200
2012-04-16,24.546993255615234,24.633871770642315,24.30215558449517,24.47591110812481,38124800
2012-04-17,24.831323623657227,24.965589744484056,24.641771718917813,24.697057502830397,34361500
2012-04-18,24.59438705444336,24.72865319951747,24.515408209690865,24.70496014866168,40552900
2012-04-19,24.49170684814453,25.020873095668207,24.43642106960727,24.586482038087123,54781200
2012-04-20,25.60533332824707,25.976540564536005,25.31310795757818,25.392089823198223,106045000
2012-04-23,25.368385314941406,25.668510278721126,25.297303165963292,25.51844930325582,61398200
2012-04-24,25.210426330566406,25.684306824902247,25.139344181094803,25.439467640533582,40871100
2012-04-25,25.43157386779785,25.526349073635632,25.170939792106854,25.21042921013514,62495500
2012-04-26,25.360492706298828,25.455267915859125,25.21043020033277,25.368389385074856,40308100
2012-04-27,25.257816314697266,25.44736973548226,25.178835973774305,25.36838788813459,41419100
2012-04-30,25.289411544799805,25.360493707990035,25.210431196096792,25.25781880274866,35697200
2012-05-01,25.281505584716797,25.542141122743786,25.234119496238407,25.313098318935033,43832300
2012-05-02,25.115652084350586,25.21832697981319,24.989284141031,25.1551430081534,37385300
2012-05-03,25.084064483642578,25.194636073450646,24.965594707930375,25.17883970164237,31501300
2012-05-04,24.468015670776367,24.933998020440367,24.42062806927189,24.83922281743141,57927200
2012-05-07,24.207378387451172,24.373237230323213,24.144194425029557,24.246869305479986,48641400
2012-05-08,24.088905334472656,24.310049925757607,23.82827133701238,24.073108969432813,46328300
2012-05-09,24.29425811767578,24.349543899261093,23.772990024979176,23.84407217456731,50309300
2012-05-10,24.27846336364746,24.499608011114443,24.049422038078678,24.37324007154036,43839200
2012-05-11,24.61018180847168,24.91030682193525,24.238976140687587,24.238976140687587,43459300
2012-05-14,24.2310733795166,24.515401968803737,24.199480644518246,24.34164493916181,40528900
2012-05-15,24.01642608642578,24.48546598993541,23.968727550090144,24.358268882167625,61822800
2012-05-16,23.769987106323242,24.103879966708924,23.64278997058674,24.09592995618671,60083700
2012-05-17,23.626888275146484,24.016429665272092,23.618938265187673,23.841533995106317,48484000
2012-05-18,23.269145965576172,23.698435871488826,23.189647385574776,23.682537368535986,56205300
2012-05-21,23.650737762451172,23.68253780155689,23.10219921835208,23.1339992574578,38787900
2012-05-22,23.658695220947266,23.754092335680674,23.451999450611815,23.603046651301145,39504900
2012-05-23,23.141952514648438,23.37249676527894,22.768309584271076,23.332748227128363,65171000
2012-05-24,23.110149383544922,23.292995060704488,22.863705144055537,23.181697955704635,52575000
2012-05-25,23.102201461791992,23.340697229317097,23.06245292535921,23.213500093160828,29507200
2012-05-29,23.49968910217285,23.626886217819344,23.229394852346754,23.356591967993246,37758800
2012-05-30,23.32480239868164,23.43609953850793,23.149906676624646,23.332752410999205,41585500
2012-05-31,23.205551147460938,23.38839684953725,23.00680542355811,23.292998234887698,39134000
2012-06-01,22.61726188659668,23.022701791359953,22.6093118764216,22.863706136786554,56634300
2012-06-04,22.696758270263672,22.879605466149535,22.51391259068716,22.75240833980854,47926300
2012-06-05,22.664962768554688,22.85575848350331,22.5695641529256,22.664962768554688,45715400
2012-06-06,23.332748413085938,23.3486484349967,22.903456919352585,22.959105479730713,46860500
2012-06-07,23.23734474182129,23.610987593877244,23.189646202777055,23.56328753852379,37792800
2012-06-08,23.571243286132812,23.595093319615795,23.094253230640312,23.221450376597033,42551100
2012-06-11,22.97500228881836,23.698436505188113,22.91140372637847,23.634837942748224,46361900
2012-06-12,23.285043716430664,23.292992208978102,22.927300899430016,23.133996580773818,35337900
2012-06-13,23.157846450805664,23.40429219090308,23.094247892527772,23.229395018406947,32984600
2012-06-14,23.32480239868164,23.4201995138728,22.959109413622716,23.316852386364076,39458900
2012-06-15,23.865379333496094,23.913077867562965,23.444037986363057,23.523536554013884,62314400
2012-06-18,23.722291946411133,23.873339135279796,23.618943311176377,23.841539088650737,58679900
2012-06-19,24.405973434448242,24.73191627273466,23.88923338302446,24.000532010072824,75725800
2012-06-20,24.58881378173828,24.684210851282707,24.3582680837726,24.58881378173828,36257100
2012-06-21,23.960783004760742,24.755765867732865,23.89718443637535,24.612668709788366,48456600
2012-06-22,24.405973434448242,24.429821948858354,23.87333487885419,24.08797909009225,45098100
2012-06-25,23.74614143371582,24.103882852183894,23.547395695797007,24.087982829236072,42217200
2012-06-26,23.865379333496094,24.064124994468628,23.801780782637245,23.849479316704116,38421300
2012-06-27,23.984630584716797,24.246974842027342,23.873333480496964,24.00053060426515,33781700
2012-06-28,23.77793312072754,23.889230216715028,23.388391768462117,23.833581668721283,45328400
2012-06-29,24.318531036376953,24.398029642728392,23.960788065950368,24.207233897270815,55227200
2012-07-02,24.294673919677734,24.34237397937383,24.016429636687935,24.34237397937383,30589100
2012-07-03,24.453672409057617,24.453672409057617,23.984632410835133,24.032330956802497,20938100
2012-07-05,24.405973434448242,24.469572000057557,24.151577655701566,24.318524838119405,28801900
2012-07-06,24.000534057617188,24.405975516581808,23.809738344511988,24.334426934628667,38294800
2012-07-09,23.849485397338867,24.032331088137532,23.674589716963116,23.944884006104378,30680800
2012-07-10,23.642789840698242,24.024381245811362,23.45994414862022,23.913084131730734,37534100
2012-07-11,23.292991638183594,23.642784437755985,23.141946022537265,23.61893441177067,39184900
2012-07-12,22.760356903076172,23.197598352981895,22.688809846061126,23.173748323103975,63523600
2012-07-13,23.364543914794922,23.436092487817987,22.831905380239544,22.86370541994284,39085000
2012-07-16,23.404296875,23.475845456920897,23.086304019967976,23.436095402348432,27900600
2012-07-17,23.579191207885742,23.738188384397322,23.213499824742343,23.563291186972695,33771300
2012-07-18,24.20722770690918,24.20722770690918,23.42019337323402,23.531492000188262,41090400
2012-07-19,24.382129669189453,24.48547679624561,24.15158386191909,24.254932505285044,46663200
2012-07-20,23.94487190246582,24.684204302366123,23.889221857635377,24.644455786653058,64021700
2012-07-23,23.277101516723633,23.51559579719621,23.062455754512523,23.5076457856725,55151900
2012-07-24,23.17374610900879,23.34069326958484,22.975000427943,23.24529467549721,47723300
2012-07-25,22.919355392456055,23.316846815506842,22.879606856674755,23.245298238052946,45579500
2012-07-26,23.18169403076172,23.451988253976683,23.12604548768377,23.23734257383967,45301400
2012-07-27,23.658695220947266,23.73024381515222,23.197605122909664,23.43609942605298,44242600
2012-07-30,23.56329345703125,23.706390626415587,23.420196287646917,23.650742064168256,28905000
2012-07-31,23.428142547607422,23.61893823746689,23.316845440933403,23.4360925575569,37620900
2012-08-01,23.380435943603516,23.57123156768447,23.221438832048307,23.52353304074144,31721800
2012-08-02,23.205551147460938,23.47584545327355,23.030653939988344,23.221449652977917,39520500
2012-08-03,23.650737762451172,23.801784915584697,23.436092047415528,23.47584209629768,35859400
2012-08-06,23.809741973876953,23.936939135335994,23.698443320367964,23.84949051821674,27471800
2012-08-07,24.056177139282227,24.127725704941202,23.746134365632802,23.905129998856705,28002900
2012-08-08,24.111831665039062,24.223128787521837,23.93693597023619,24.01643304840413,26257600
2012-08-09,24.246973037719727,24.366220142840113,24.087975886686408,24.15952445302048,24920800
2012-08-10,24.183374404907227,24.3423715554431,24.04822728184449,24.246972961859736,27810300
2012-08-13,24.159534454345703,24.215183025351447,23.976688716381158,24.127735920760923,23049100
2012-08-14,24.111513137817383,24.31957815969375,24.01548406701571,24.247555593415218,34551400
2012-08-15,24.167531967163086,24.23155185672247,24.02348683406583,24.095509400614457,24351000
2012-08-16,24.631675720214844,24.759715495030342,24.21554568888722,24.295570929735536,35787200
2012-08-17,24.727703094482422,24.743708446826737,24.47962623856316,24.743708446826737,32589900
2012-08-20,24.599660873413086,24.687688776167313,24.471621120145628,24.663680750046815,23737700
2012-08-21,24.647682189941406,24.775721978484892,24.49563589501769,24.615673005982874,28822700
2012-08-22,24.439620971679688,24.61567531585883,24.383602223374904,24.47963283697114,33437400
2012-08-23,24.21554183959961,24.32757624316562,24.071496734240867,24.319573567717438,28355600
2012-08-24,24.45561981201172,24.511637022531822,24.151525729322085,24.207542939842188,22943300
2012-08-27,24.55965232849121,24.775718487239928,24.479627090339537,24.75171198424255,34691100
2012-08-28,24.51163101196289,24.647673429732855,24.423604642597006,24.567649735100986,23947900
2012-08-29,24.52764320373535,24.607668447045434,24.359591566503276,24.52764320373535,23346800
2012-08-30,24.26356315612793,24.495636230008394,24.183537905605192,24.431616334861147,23982100
2012-08-31,24.6636905670166,24.775725014130504,24.311580342202372,24.48763621778692,36590100
2012-09-04,24.319578170776367,24.535645869710432,24.12751850273094,24.367594232553643,48556700
2012-09-05,24.319578170776367,24.43161412190212,24.175533038153656,24.183535715116534,33650000
2012-09-06,25.087814331054688,25.095817006729416,24.375591459546907,24.407602162245826,48371700
2012-09-07,24.767717361450195,24.863746426242873,24.59166153207284,24.839739923221934,42649100
2012-09-10,24.58365821838379,24.727703338193493,24.41560659617542,24.671686130790704,40524000
2012-09-11,24.63967514038086,24.73570419562334,24.49563003116282,24.559649910109247,25191800
2012-09-12,24.631675720214844,24.95177515725359,24.59166233661343,24.759715495030342,32775800
2012-09-13,24.75971794128418,24.951777622482872,24.32758251382112,24.71970455372945,45047300
2012-09-14,24.975778579711914,25.007789282643774,24.65567918216494,24.815729644115592,51422800
2012-09-17,24.975778579711914,25.01579195837674,24.839737671314484,24.95977475460031,36488500
2012-09-18,24.95176887512207,24.975775372884264,24.83173180724871,24.887749003832667,34542700
2012-09-19,24.847747802734375,24.959783777140675,24.839746650463454,24.87975851723757,48871900
2012-09-20,25.167844772338867,25.191851277979183,24.73570935455763,24.767720063884227,45543000
2012-09-21,24.959774017333984,25.295878756418965,24.87974878872246,25.151833650189076,102348900
2012-09-24,24.631675720214844,24.86374723968499,24.519639772485398,24.807730028997526,46825900
2012-09-25,24.319578170776367,24.807730781030095,24.29557166624229,24.767718922570257,54266400
2012-09-26,24.143522262573242,24.48762971748446,24.039490521633656,24.231550176998287,54672000
2012-09-27,24.135522842407227,24.327582523683784,23.9194551285881,24.143525519921415,47129900
2012-09-28,23.815420150756836,24.215544814190878,23.799414797894404,24.15152492909561,54229300
2012-10-01,23.599348068237305,23.991469982164865,23.543330870012536,23.855427560895777,54042700
2012-10-02,23.73539161682129,23.9194485701171,23.60735186441079,23.75139696746116,43338900
2012-10-03,23.895444869995117,23.999476608633696,23.743397073811565,23.8074169575171,46655900
2012-10-04,24.031484603881836,24.031484603881836,23.66336916931777,23.98346855175114,43634900
2012-10-05,23.887441635131836,24.207541046174,23.799413724712345,24.191535694033295,41133900
2012-10-08,23.831424713134766,23.94345912674671,23.647366214030907,23.719388773168415,29752000
2012-10-09,23.431303024291992,23.799417016314255,23.35127777887488,23.75140247960583,45121100
2012-10-10,23.19122886657715,23.45531112598044,23.16722235976621,23.327271335139738,47227100
2012-10-11,23.167217254638672,23.407291427973576,23.103197373325738,23.383283400098335,41488500
2012-10-12,23.36728286743164,23.46331193975618,23.04718188940428,23.18322434715953,46464700
2012-10-15,23.6153621673584,23.783413824294065,23.407297120898953,23.50332772940129,42440200
2012-10-16,23.599348068237305,23.799410362671008,23.463305646968216,23.567338894832083,47739400
2012-10-17,23.67937469482422,23.719386545540903,23.279250082240306,23.4473016868755,44206100
2012-10-18,23.607358932495117,23.791415940897917,23.415299246376364,23.727396045524998,59238500
2012-10-19,22.919139862060547,23.2712499875619,22.807105446546018,23.24724195865689,90470800
2012-10-22,22.406986236572266,23.07119326753075,22.27094375908174,22.99116801141489,83374000
2012-10-23,22.446989059448242,22.56702765844598,22.21491758918461,22.22292026420807,64414800
2012-10-24,22.326961517333984,22.56703729145447,22.302955008370326,22.535026577696467,53320400
2012-10-25,22.310951232910156,22.56703230735217,22.294947405920567,22.559029630680126,54084300
2012-10-26,22.575027465820312,22.679060708589994,22.27893613931544,22.294941488411407,57790000
2012-10-31,22.83911895751953,23.111202353429398,22.80710824838036,22.847120108449705,69464100
2012-11-01,23.623361587524414,23.655370768374528,23.063186422279365,23.07919177588169,72047900
2012-11-02,23.607358932495117,23.82342665176173,23.47131646403333,23.679381505583986,57131600
2012-11-05,23.71138572692871,23.799413637023864,23.47131155112023,23.70338457724223,38070800
2012-11-06,23.895444869995117,24.167529757332236,23.695382542621022,23.86343416496514,43401500
2012-11-07,23.271249771118164,23.871436750971302,23.247241742436447,23.631362569571817,57871800
2012-11-08,23.05518913269043,23.50332998014353,23.047186454019315,23.303267592430323,49841800
2012-11-09,23.07119369506836,23.35928401188221,23.055188338277627,23.111205560690358,43291200
2012-11-12,22.583036422729492,23.215234150703957,22.57503374595525,23.15921693963878,61112300
2012-11-13,21.856889724731445,22.02632223878682,21.582569097206626,21.800412220046322,131689200
2012-11-14,21.655187606811523,22.01825954754408,21.622913861458905,21.977917365853305,76086100
2012-11-15,21.509960174560547,21.76007556108419,21.485754864033623,21.687461168400393,50955600
2012-11-16,21.397001266479492,21.542230025579507,21.251772507379474,21.518024719430606,64083300
2012-11-19,21.566444396972656,21.622921933526527,21.356669590560102,21.622921933526527,57179300
2012-11-20,21.5502986907959,21.622913076305696,21.348592406356865,21.5906408710218,47070400
2012-11-21,21.743940353393555,21.921441348270925,21.51802873717937,21.550300945840263,66360300
2012-11-23,22.34906005859375,22.4055375799158,21.94564743326821,21.969851205893637,57845700
2012-11-26,22.098941802978516,22.25223902233738,21.921440812439847,22.219966814465327,85198700
2012-11-27,21.848827362060547,22.090874317664404,21.81655515279864,22.074738982481957,45018600
2012-11-28,22.074731826782227,22.098935591158565,21.598704968025118,21.79234277751837,53018400
2012-11-29,21.743940353393555,22.07473857137687,21.671325960285316,21.873032265831093,69551400
2012-11-30,21.47768211364746,21.889161508202555,21.372794002175333,21.824615569949152,83690200
2012-12-03,21.324382781982422,21.639044006862324,21.300177480493044,21.606771810439557,53173800
2012-12-04,21.275978088378906,21.48575125545919,21.25177278191731,21.380864671919046,49777500
2012-12-05,21.518030166625977,21.727804922996597,21.187231926667675,21.284050097978984,68283800
2012-12-06,21.566444396972656,21.76815076403502,21.469626202565294,21.630990372876713,39182300
2012-12-07,21.348587036132812,21.639044505107606,21.27597420778555,21.639044505107606,46162100
2012-12-10,21.73586654663086,21.760070312422712,21.396999975475488,21.429272176163494,47031100
2012-12-11,22.042463302612305,22.179623642473526,21.824620138321503,21.824620138321503,52282800
2012-12-12,21.97791862487793,22.284513067703816,21.84882671386607,22.211898675397528,43966300
2012-12-13,21.873037338256836,22.20383563295331,21.743945395882474,22.042469935536687,45080100
2012-12-14,21.630992889404297,21.889176823057387,21.542243124022068,21.873041481377292,42077500
2012-12-17,21.86496353149414,21.961781695056704,21.526096881231243,21.614848146911065,42046100
2012-12-18,22.23609733581543,22.292574841539338,21.897230762575358,21.985982008082424,50486900
2012-12-19,22.03439712524414,22.373263791471455,21.985988041182246,22.340991581729206,53519900
2012-12-20,22.332918167114258,22.332918167114258,21.905300326331385,22.0747343911309,52607300
2012-12-21,22.147354125976562,22.17962633632993,21.784282141394495,22.147354125976562,98776500
2012-12-24,21.832685470581055,21.985982661312462,21.784276398364643,21.945642024281565,20842400
2012-12-26,21.671327590942383,21.945648310237637,21.542235668791335,21.80848795059001,31631100
2012-12-27,21.752004623413086,21.85689275140712,21.43734331722458,21.69552711090713,39394000
2012-12-28,21.421205520629883,21.703594609865576,21.421205520629883,21.55029741189819,28239900
2012-12-31,21.5502986907959,21.59870930706698,21.27597955974389,21.453480536047383,42749500
2013-01-02,22.28450584411621,22.373255542357786,21.90529713190564,21.98597993485873,52899300
2013-01-03,21.985986709594727,22.30871648195618,21.91337231845128,22.29257960861387,48294400
2013-01-04,21.574504852294922,22.058600261876002,21.566436415930603,22.00212274622264,52521100
2013-01-07,21.534168243408203,21.687463946356836,21.493826054029213,21.59871420751741,37110400
2013-01-08,21.421205520629883,21.614844896429073,21.34859113942937,21.58257115416363,44703100
2013-01-09,21.542240142822266,21.582580799786264,21.429283533307718,21.558375482269412,49047900
2013-01-10,21.348587036132812,21.76813637156386,21.211428274557424,21.50188420463578,71431300
2013-01-11,21.647119522094727,21.72780234788995,21.203366288566354,21.372798837729107,55512100
2013-01-14,21.69552230834961,21.848819479000802,21.590635742470244,21.703590742478248,48324400
2013-01-15,21.95370864868164,22.01825612936634,21.647115809912524,21.647115809912524,48244500
2013-01-16,21.816551208496094,21.96984686784499,21.792345901753077,21.90530092209368,41077400
2013-01-17,21.985986709594727,22.16348769966929,21.83268949063668,21.937577628464744,51685900
2013-01-18,21.985986709594727,22.018260456279343,21.816554156191316,21.864963237321298,52167700
2013-01-22,21.905298233032227,22.14734665405868,21.784274791967274,22.02632167409718,58650600
2013-01-23,22.276443481445312,22.30064725170052,21.945645284184398,21.945645284184398,50387700
2013-01-24,22.292583465576172,22.64758704604336,22.163491534296686,22.349062532046005,101739300
2013-01-25,22.494285583496094,22.776674707316143,22.098941425706794,22.252238642448578,81847700
2013-01-28,22.51849365234375,22.77667749813547,22.397470166991024,22.59917648887794,56056500
2013-01-29,22.599172592163086,22.69599074819233,22.268374404418957,22.445875383070465,49242600
2013-01-30,22.47007942199707,22.74440008007592,22.397465039629328,22.59917131534044,43580500
2013-01-31,22.147354125976562,22.56690209395276,22.107011939413518,22.421674839016998,50530000
2013-02-01,22.534624099731445,22.63144224483871,22.228029716132873,22.32484940013681,55565900
2013-02-04,22.1392822265625,22.607240745235835,22.12314535446074,22.486217282266267,50540000
2013-02-05,22.18769073486328,22.31678263057256,22.074735710841857,22.284510426093636,35410400
2013-02-06,22.058603286743164,22.21996895836368,21.985988888403643,22.09087549772901,41889600
2013-02-07,22.01018714904785,22.098936854997536,21.864958398898143,22.06666465435127,38028300
2013-02-08,22.228031158447266,22.35712305289781,22.03439331677145,22.06666705983247,33318500
2013-02-11,22.4781494140625,22.52655849269388,22.187691864480488,22.308715330507372,32247700
2013-02-12,22.494285583496094,22.591105283253253,22.38939898608135,22.494285583496094,35990900
2013-02-13,22.615304946899414,22.67985088432435,22.49427996769319,22.53462214039411,41715600
2013-02-14,22.623371124267578,22.639506452841562,22.48621082856224,22.52655145834177,32663200
2013-02-15,22.599172592163086,22.720196056648064,22.494284461085087,22.62337790061882,49650900
2013-02-19,22.818817138671875,22.85135808703639,22.615440866307107,22.680521211398318,38781400
2013-02-20,22.672388076782227,22.9408447007605,22.639847127627114,22.883898039739048,44110200
2013-02-21,22.36324691772461,22.56662311910621,22.15173548209127,22.56662311910621,49078500
2013-02-22,22.582901000976562,22.582901000976562,22.35511902206497,22.51782065723579,31425900
2013-02-25,22.26563835144043,22.818820592628928,22.26563835144043,22.753740237686866,48011800
2013-02-26,22.26563835144043,22.4527441779441,22.241232636472887,22.27377203812489,49923300
2013-02-27,22.623580932617188,22.77814736706668,22.233098778717775,22.306314376528682,36394700
2013-02-28,22.61544418334961,22.75374013090725,22.566634305281635,22.680524537986262,35840200
2013-03-01,22.737468719482422,22.76187288002863,22.387661269699944,22.550361362680203,34849700
2013-03-04,22.900165557861328,22.900165557861328,22.534089236954582,22.65611467725683,38157500
2013-03-05,23.062870025634766,23.217436429966675,22.908303621302856,23.014060153817578,41432200
2013-03-06,22.851364135742188,22.96525438188885,22.599177925715328,22.948983903399835,51448500
2013-03-07,22.89203643798828,23.005928224119643,22.78628144190709,22.867632274390044,29196700
2013-03-08,22.778146743774414,23.04660341118909,22.74560578935416,22.981523053986688,37667800
2013-03-11,22.672388076782227,22.753737346394303,22.509686434282365,22.72933318616582,36627500
2013-03-12,22.704931259155273,22.737472213734886,22.48528447065724,22.64798614027907,39255200
2013-03-13,22.71306610107422,22.79441693446419,22.5747701498027,22.67239146019828,29093400
2013-03-14,22.89203643798828,22.908306914812485,22.721201086248342,22.778146203494988,55914800
2013-03-15,22.81068229675293,22.908302033621673,22.761870876680817,22.802547060074247,92710300
2013-03-18,22.859498977661133,23.005930178240686,22.62358169858559,22.680526820669147,44809400
2013-03-19,22.924577713012695,22.957117115479196,22.802552238396643,22.875767833493892,51901600
2013-03-20,23.038467407226562,23.176763355642123,22.924577173815415,23.054737883896173,35447800
2013-03-21,22.86762809753418,23.07100436577511,22.81881667597715,22.86762809753418,34233200
2013-03-22,22.98152732849121,23.05474293791659,22.859501829995043,22.932717439420422,28720900
2013-03-25,22.90830421447754,23.0628706228117,22.74560256869022,23.022194435545927,44154000
2013-03-26,22.90830421447754,23.054735385358548,22.86762957884965,22.973384562464886,27824300
2013-03-27,23.079137802124023,23.1442181408182,22.843220604584083,22.8920304706953,36047400
2013-03-28,23.274383544921875,23.315058183002087,22.98965642344646,23.038466299470308,55453800
2013-04-01,23.274383544921875,23.315058183002087,23.07100725124486,23.29878770711481,29201100
2013-04-02,23.42894172668457,23.469617904797893,23.201161335800126,23.258106433521238,28456500
2013-04-03,23.23371124267578,23.550979369011163,23.217442315704364,23.388277686191056,35062800
2013-04-04,23.266254425048828,23.2743896651317,22.99779770886758,23.095417486585276,45263200
2013-04-05,23.347597122192383,23.41267746849352,22.86762898635728,22.95711349274769,50927300
2013-04-08,23.25811195373535,23.372002176208934,23.160490654730918,23.372002176208934,34759500
2013-04-09,24.087888717651367,24.258724059539798,23.331328656972936,23.372003295049804,77733800
2013-04-10,24.632938385009766,24.665477786647305,24.014674237515997,24.055348877472436,71116700
2013-04-11,23.5428409576416,23.754352496154254,23.372004058534525,23.673001665705076,130923200
2013-04-12,23.420812606811523,23.607918407682277,23.315056074745208,23.469622478421755,62886300
2013-04-15,23.339466094970703,23.5753818110031,23.193034901470114,23.3069251401314,56332900
2013-04-16,23.56724739074707,23.705543350340637,23.347602144506382,23.51030226943881,52797300
2013-04-17,23.453353881835938,23.624190773606838,23.266248065984257,23.469624357554682,52840700
2013-04-18,23.420812606811523,23.575377458850227,23.184895382692698,23.550973298864033,56906600
2013-04-19,24.21804428100586,24.600391073341665,24.087883604821855,24.096018841038063,99790700
2013-04-22,25.080368041992188,25.36509520397147,24.62480551380825,24.6492096794728,137904000
2013-04-23,24.893259048461914,25.13730998406293,24.71428691415903,24.97460987754159,59126900
2013-04-24,25.836917877197266,25.96707854747936,24.89325224183328,24.909522713527938,90946600
2013-04-25,25.98335075378418,26.715504960907897,25.657949056355605,25.796243420079772,110700200
2013-04-26,25.861331939697266,26.015896815818667,25.58474003808054,25.950816459652266,47799300
2013-04-29,26.52840232849121,26.585347438347448,25.845057906940603,25.869462067371636,59116400
2013-04-30,26.927011489868164,26.93514827686565,26.259937706723335,26.487721193528262,75165200
2013-05-01,26.61789894104004,26.91076139542734,26.52027605405962,26.788734338340305,54330900
2013-05-02,26.975828170776367,26.983961856087493,26.34942889044968,26.54467147394817,46059500
2013-05-03,27.24428939819336,27.268693560146033,26.910752403977778,27.032776317017078,46784600
2013-05-06,27.455801010131836,27.585961720419196,27.04904840257433,27.187342799571343,40978300
2013-05-07,27.09785270690918,27.488334735088657,27.040907605087714,27.37444453144572,43078300
2013-05-08,26.837535858154297,27.04091214257922,26.56094398720537,26.902614655466845,51595700
2013-05-09,26.56908416748047,26.84567610603737,26.512139042184334,26.72364906424475,46417800
2013-05-10,26.593486785888672,26.61789405479182,26.29249069781202,26.577216307712042,36394900
2013-05-13,26.870075225830078,26.902616177965854,26.47959311002878,26.52840453823244,36027600
2013-05-14,27.468093872070312,27.468093872070312,26.870071304735873,26.91922500035212,56870100
2013-05-15,27.730243682861328,27.771206662850556,27.38617715121545,27.402561718203817,46303900
2013-05-16,27.91866111755371,27.976005532258192,27.484477959744623,27.558206939369846,59382900
2013-05-17,28.565839767456055,28.565839767456055,27.93504795870632,27.959626373357803,60666700
2013-05-20,28.737873077392578,28.75425451868166,28.410188000954093,28.45114785424978,54020800
2013-05-21,28.54945945739746,28.893529188503315,28.442964436492787,28.754261901496545,48702400
2013-05-22,28.35285186767578,28.54126974793174,28.14804941630573,28.50030988266521,66047500
2013-05-23,27.97601318359375,28.30369519651972,27.771210753626114,28.041548336164112,51102700
2013-05-24,28.074312210083008,28.082502930729362,27.771205545584063,27.787586986876768,33174400
2013-05-28,28.6887149810791,28.819788366556587,28.188996722372437,28.197187441761525,48212100
2013-05-29,28.574037551879883,28.68872641926961,28.320081399061724,28.459348684490152,38412200
2013-05-30,28.696910858154297,28.8771379674665,28.516686873878665,28.54945288236005,51131000
2013-05-31,28.590423583984375,28.901721061376012,28.500310004988798,28.524885299246712,56165700
2013-06-03,29.15567398071289,29.188443119432897,28.533075970218082,28.606801844782495,51252600
2013-06-04,28.664146423339844,29.278553647868073,28.48391930413314,29.1802462419171,65529500
2013-06-05,28.492107391357422,28.582220942629807,28.205385296432983,28.34464942110015,46025100
2013-06-06,28.63956642150879,28.762449109616313,28.25454004050925,28.541262146044712,37618500
2013-06-07,29.22120475769043,29.3113183131588,28.721489529701778,28.877138227760216,40757300
2013-06-10,29.05736541748047,29.20482339500368,28.78702475034238,29.090131426346037,35994500
2013-06-11,28.54127311706543,28.81980460880924,28.410199657717623,28.713306446514842,39435900
2013-06-12,28.67234230041504,28.89352931602272,28.54945958339834,28.78703116961073,37372700
2013-06-13,28.44295883178711,28.68872109127092,28.336460706830675,28.66414580283354,45654900
2013-06-14,28.18080711364746,28.41837548572621,28.057924442716004,28.303686659542784,53192600
2013-06-17,28.67234230041504,28.803415740215446,28.3692355568211,28.41838614359793,49670100
2013-06-18,28.655948638916016,28.811597322726406,28.590413502325017,28.647757918730758,28616500
2013-06-19,28.336467742919922,28.74607265211215,28.336467742919922,28.639574500711685,30816200
2013-06-20,27.435333251953125,28.123469500472876,27.337025841423955,28.06612194847908,54493700
2013-06-21,27.25511360168457,27.63194940365245,27.074886424640038,27.574604960963327,85338500
2013-06-24,27.623746871948242,28.016967078750803,26.681654644687917,26.98476130148723,56109000
2013-06-25,27.582788467407227,28.164429716117258,27.410755184355228,27.918667436751985,44073400
2013-06-26,28.139841079711914,28.24633917460154,27.763005513223444,27.95142329646768,48665900
2013-06-27,28.361034393310547,28.492107799300747,28.26273012007702,28.279114686455358,28993100
2013-06-28,28.29549789428711,28.500300276628444,28.131655363406775,28.16442449459011,65545500
2013-07-01,28.148046493530273,28.664149492403297,28.123471201929632,28.46753778448693,31055400
2013-07-02,27.803974151611328,28.21357897301122,27.55002116236694,28.189003683739,37630000
2013-07-03,27.86132049560547,28.156236487332173,27.525444643924946,27.57459835089173,15994400
2013-07-05,28.025161743164062,28.04974015801067,27.50906190693807,27.926857458888186,26085900
2013-07-08,28.12346839904785,28.3364615301123,27.836743150455717,28.139849841790927,32396900
2013-07-09,28.139841079711914,28.34464342563423,27.96780785914576,28.328261987991947,25318500
2013-07-10,28.426565170288086,28.516678699111687,28.115264741179917,28.131649303241996,29658800
2013-07-11,29.23758888244629,29.303127149081845,28.59041568712123,28.67233539537912,53638300
2013-07-12,29.22120475769043,29.27035845841043,28.901713515601916,29.147478894165328,35501200
2013-07-15,29.630817413330078,29.671780403978417,29.147486624068932,29.2130217840389,34142600
2013-07-16,29.71272850036621,29.84380189342536,29.458772434110774,29.499732283497472,36378500
2013-07-17,29.27855110168457,29.81103544161329,29.073748711318952,29.77007558854746,37285100
2013-07-18,29.032779693603516,29.4014245445807,28.852555752598093,29.262160448120333,49547100
2013-07-19,25.723190307617188,26.763585683400734,25.411891236028485,26.542401762496596,248428500
2013-07-22,26.222896575927734,26.222896575927734,25.887022344675575,25.96894361297723,79040700
2013-07-23,26.06724739074707,26.247474490097655,25.977133841071776,26.140976374569,65810400
2013-07-24,26.181934356689453,26.370352162991136,26.1245899428166,26.247472615421955,52803100
2013-07-25,25.714984893798828,25.92797954458195,25.60029606742256,25.90340426036879,63213000
2013-07-26,25.90340805053711,25.90340805053711,25.56753067947056,25.608492096682724,38633600
2013-07-29,25.837875366210938,25.88702751199592,25.723184942687922,25.78052937319016,28870700
2013-07-30,26.091827392578125,26.313012808254733,25.84606356263311,26.034482967679807,45799500
2013-07-31,26.08363151550293,26.2556647664994,25.977133401775255,26.190128066712433,43898400
2013-08-01,25.944364547729492,26.28843259519378,25.88702013357179,26.263857310565108,42557900
2013-08-02,26.124595642089844,26.132787926218615,25.862448800042912,25.960754647069727,29199900
2013-08-05,25.96894645690918,26.214708726210038,25.919792753034287,26.132787448936952,30984000
2013-08-06,25.870637893676758,25.94436687922464,25.70679535634408,25.846061044321385,36331500
2013-08-07,26.263856887817383,26.29662289178281,25.600296088198274,25.83786758590543,38078600
2013-08-08,26.943803787231445,27.091261768207403,26.255667584355873,26.411319411517542,59034400
2013-08-09,26.788150787353516,26.95199330937816,26.599732980787838,26.845495201306715,26800700
2013-08-12,26.927412033081055,27.009334847889882,26.591536304954488,26.591536304954488,25493700
2013-08-13,26.589174270629883,26.853168306406374,26.57267425001171,26.82016826517003,39464100
2013-08-14,26.688173294067383,27.52140709037375,26.151936744608502,26.514927784875624,48519600
2013-08-15,26.22618865966797,26.547931260344633,25.442454827703553,26.399434191254205,33338000
2013-08-16,26.234439849853516,26.391186947393237,26.11894281668165,26.226191410509006,32866300
2013-08-19,25.89619255065918,26.3746821969066,25.88794253926351,26.201436678183864,27902500
2013-08-20,26.0859375,26.316931505786105,25.879691952817463,25.93744045426399,22979600
2013-08-21,26.077688217163086,26.407679213631393,26.019939714104698,26.077688217163086,37409100
2013-08-22,26.721174240112305,26.803674352316058,26.481928635307668,26.5561771627623,31169900
2013-08-23,28.668140411376953,29.039383146835227,28.04940356796594,29.014631533099124,225493800
2013-08-26,28.173145294189453,28.602133297791703,28.074145157612726,28.379390858137963,72786800
2013-08-27,27.438901901245117,28.131886956778565,27.348156518270894,27.65339899896515,58522300
2013-08-28,27.24091339111328,27.719401444159182,27.224413369000327,27.546155932559326,44257400
2013-08-29,27.67816162109375,27.719410115751376,27.059424760054135,27.166673363810695,45284700
2013-08-30,27.55440902709961,27.620405972110554,27.298663390920375,27.529657419045098,42790200
2013-09-03,26.300434112548828,26.457181184659206,25.813696020204997,26.193187109649397,154507000
2013-09-04,25.739456176757812,25.96220026926601,25.665207621411966,25.896201728239628,142320600
2013-09-05,25.76419448852539,25.937441573871954,25.533200472768264,25.656947491713684,71644900
2013-09-06,25.69819450378418,25.896190037478807,25.68169448259414,25.830191526247265,75434900
2013-09-09,26.118938446044922,26.226187021925742,25.73944735853753,25.755945807994827,49628500
2013-09-10,26.721174240112305,26.729425824861426,26.226186155119777,26.316933131486408,56881200
2013-09-11,27.00992202758789,27.166667532464686,26.836673351920364,26.869673399386343,39087500
2013-09-12,26.968671798706055,27.042920335840993,26.88617482280408,26.993423409122972,32860200
2013-09-13,27.24916648864746,27.282166538516858,26.82017528151921,27.03467245861232,40899000
2013-09-16,27.05941390991211,27.63690204473593,27.00166541113544,27.537905067841237,52839700
2013-09-17,27.16666603088379,27.612157205877708,27.141917570181093,27.57090557529646,84716500
2013-09-18,27.4884033203125,27.55440339890003,27.084163853663267,27.216160863781358,64099900
2013-09-19,27.752405166625977,27.785405215225634,27.48841107194442,27.620408119285198,42026600
2013-09-20,27.051166534423828,27.620403107722908,26.96866642789385,27.562654606680564,102904900
2013-09-23,27.00992202758789,27.19966757993067,26.81192488984975,26.844924937315728,39826100
2013-09-24,26.770675659179688,27.117166706758507,26.523181604186583,27.117166706758507,40685000
2013-09-25,26.82016944885254,27.05941503778922,26.729424052033337,26.803672574563436,28907500
2013-09-26,27.0346736907959,27.22441926560618,26.8861766066734,26.927425097361176,28504000
2013-09-27,27.44716453552246,27.843155705689746,27.117170320187352,27.125421906452672,55348000
2013-09-30,27.455406188964844,27.480157794585217,26.976918156753943,27.224412183556634,39839500
2013-10-01,27.70290756225586,27.727656024570514,27.471910374773934,27.51315886098428,36718700
2013-10-02,27.9833927154541,28.074141254504013,27.463656232443537,27.52140473055582,46946800
2013-10-03,27.933897018432617,28.049394019690414,27.570902846414096,27.95039703962048,38703800
2013-10-04,27.950389862060547,28.04113838176128,27.735892788757635,27.79364127455693,33008100
2013-10-07,27.471906661987305,27.8101492384916,27.38940970071595,27.719400692858706,35069300
2013-10-08,27.2326602935791,27.496657485662173,27.059414791604144,27.480157464465904,41017600
2013-10-09,27.282163619995117,27.513157650254268,27.19141506609113,27.282163619995117,35878600
2013-10-10,27.85139274597168,27.958641294119975,27.43890171915479,27.480153339481905,42875100
2013-10-11,28.156639099121094,28.164887535165544,27.785396535983516,27.785396535983516,30033300
2013-10-14,28.420644760131836,28.46189325137437,27.867904906895774,27.966905062347646,27757900
2013-10-15,28.453643798828125,28.866134990682614,28.437143773506982,28.60213773260234,47097800
2013-10-16,28.577383041381836,28.791880176761577,28.511386101535468,28.544382997929972,35111600
2013-10-17,28.808382034301758,28.86613369386027,28.354642373057864,28.42064247137736,31359200
2013-10-18,28.84137535095215,28.866126955573083,28.32163885976995,28.72587835291166,41811700
2013-10-21,28.866132736206055,29.039378267960345,28.800132640076157,28.85788115066092,27433500
2013-10-22,28.52788734436035,28.956875339367393,28.478387277063774,28.890878396696117,40438500
2013-10-23,27.85139274597168,28.453632414534315,27.77714423526237,28.338132283497888,58600500
2013-10-24,27.818397521972656,28.131888455251406,27.694648947692063,27.90089447345507,53209700
2013-10-25,29.47660255432129,29.938593545697053,29.262108647609498,29.600351096653277,113494000
2013-10-28,29.34461212158203,29.476609127545004,29.097118128783567,29.377612159836993,38383600
2013-10-29,29.30337905883789,29.468376189832878,29.088881844426854,29.394127638238057,31702200
2013-10-30,29.319866180419922,29.526111716612423,29.22911764096608,29.311614596620228,36997700
2013-10-31,29.212614059448242,29.44360802476773,29.15486556811837,29.418859570499713,41682300
2013-11-01,29.311607360839844,29.443604345536357,29.196110392612436,29.427104329067248,40264600
2013-11-04,29.649850845336914,29.682850879404285,29.328108380821202,29.361108414888573,28060700
2013-11-05,30.227359771728516,30.285108297782276,29.509625842875614,29.526125871327924,51681900
2013-11-06,31.49782371520996,31.530823761717464,30.573844442403423,30.722341504629537,88948800
2013-11-07,30.936840057373047,31.357579697447754,30.8790915410306,31.316331206782877,60437400
2013-11-08,31.167827606201172,31.167827606201172,30.80483655836276,31.077079057477206,36737800
2013-11-11,31.01108169555664,31.167827184010974,30.813084578562957,31.09357865852052,26872500
2013-11-12,30.821332931518555,31.019326880695427,30.689335916381612,30.83783295179281,31651600
2013-11-13,31.481342315673828,31.481342315673825,30.44186541221542,30.50786239721524,44957600
2013-11-14,31.365819931030273,31.456568465881645,31.118325929562786,31.242071356768044,46183700
2013-11-15,31.217329025268555,31.365826084694092,31.11833203467073,31.308077577923893,50601300
2013-11-18,30.689340591430664,31.00283473028332,30.58209201683889,30.813086041752655,53277500
2013-11-19,30.53972625732422,30.947031644981994,30.481536602447555,30.63115989572914,44275000
2013-11-20,30.822343826293945,31.096651049052625,30.639470230504717,30.689342541410753,32229900
2013-11-21,31.088329315185547,31.19638806543803,30.97195323111323,30.980267394009,23064700
2013-11-22,31.229642868041992,31.321079647505666,31.030147322779904,31.19639255352347,27982000
2013-11-25,31.287824630737305,31.545509773141543,31.229638174536998,31.52888461838088,30646800
2013-11-26,31.0467586517334,31.29613275409546,31.0467586517334,31.229632147885997,34465300
2013-11-27,31.25458335876465,31.387581464383544,31.16314973752819,31.229647204875157,26002100
2013-11-29,31.69515609741211,31.828154261514694,31.43747076718307,31.43747076718307,22090400
2013-12-02,31.961139678955078,32.23544689573786,31.636956981427662,31.661893136337433,42950400
2013-12-03,31.844757080078125,31.994380306055323,31.653572551534847,31.70344484624449,52109800
2013-12-04,32.36843490600586,32.401685216126296,31.686819403157404,31.761631015466335,51983600
2013-12-05,31.587080001831055,32.31857116341666,30.905464318623434,32.293631838765194,116305000
2013-12-06,31.886316299438477,32.04425050724104,31.57875887543394,31.936188590889852,36457300
2013-12-09,32.1772575378418,32.310255636988224,31.894636180790037,32.052573603537226,30286000
2013-12-10,31.67852020263672,32.335199802789674,31.603708562481,32.09413972107399,37828600
2013-12-11,31.262895584106445,31.836449284449717,31.080022011131156,31.636953723862824,39853400
2013-12-12,30.938705444335938,31.287824176468906,30.90545513529737,31.287824176468906,36012800
2013-12-13,30.498159408569336,31.129902858260742,30.439972929114248,31.10496353069048,40066100
2013-12-16,30.664411544799805,30.755848358077337,30.373479112485565,30.53141340846677,31734200
2013-12-17,30.356853485107422,30.847284699888366,30.19891919154007,30.705972398548614,45687700
2013-12-18,30.406721115112305,30.423343103043496,29.533917715258127,30.22384753862098,63192100
2013-12-19,30.132402420043945,30.381773392094,29.991093365221026,30.348523083574275,34160100
2013-12-20,30.589597702026367,30.697659670964505,30.08254135269218,30.09085551926267,62649100
2013-12-23,30.43996810913086,30.66440299617344,30.381781638889244,30.59790553200794,25128700
2013-12-24,30.822343826293945,30.897152292653,30.45659663471549,30.523097277157085,14243000
2013-12-26,31.1215877532959,31.163152241017414,30.897152837485624,30.922092164303578,17612800
2013-12-27,30.99689483642578,31.271201984672615,30.89714389985939,31.237954843408115,14563000
2013-12-30,30.99689483642578,31.071706453388426,30.672712219895754,30.938708375557535,16290500
2013-12-31,31.09663963317871,31.237951861027447,30.93870542174682,31.088328641387136,17503500
2014-01-02,30.888835906982422,31.08833462856483,30.838960433855668,31.046770148830234,30632200
2014-01-03,30.681026458740234,30.9387116490818,30.423341268398673,30.922086491228345,31134800
2014-01-06,30.032663345336914,30.66440353517518,30.016038186272112,30.631153217045572,43603700
2014-01-07,30.26541519165039,30.331915841007973,30.09916673918192,30.198917713218297,35802800
2014-01-08,29.725112915039062,30.040984704405425,29.575492773682324,29.92461172172465,59971700
2014-01-09,29.533918380737305,29.849790064269357,29.425859602125595,29.82485391088587,36516300
2014-01-10,29.95784568786621,30.04928245886428,29.716785686312075,29.841472768750208,40548800
2014-01-13,29.076738357543945,29.941227634505825,28.95205441645376,29.916291480472783,45901900
2014-01-14,29.741729736328125,29.824855537013477,28.785806810384628,28.868929440144907,41623300
2014-01-15,30.556337356567383,30.58127667717448,29.799910163923553,29.841474641293907,44812600
2014-01-16,30.664411544799805,30.755848358077337,30.18229448968968,30.498163081652088,38018700
2014-01-17,30.2404727935791,30.614530941716076,30.049288222514612,30.614530941716076,46267500
2014-01-21,30.065914154052734,30.606220791221922,29.974480524448563,30.606220791221922,31567300
2014-01-22,29.866409301757812,30.19059191516564,29.716786069273542,30.140716447362795,21904300
2014-01-23,29.974468231201172,30.03265468568801,29.525598578653604,29.99940437714583,43954000
2014-01-24,30.59790802001953,31.213023089997773,30.365158949202705,31.129900460300732,76395500
2014-01-27,29.94953727722168,30.664403255872713,29.907975965400656,30.647778096959335,44420800
2014-01-28,30.149032592773438,30.248780364012227,29.71678802283938,30.024345500531595,36205500
2014-01-29,30.47320556640625,30.656079064803713,29.84146565427857,29.907963090380893,52745900
2014-01-30,30.639469146728516,30.656094306750852,30.11578770426262,30.581282672112867,35036300
2014-01-31,31.45408058166504,31.49564189311278,30.390095788163833,30.714278456750932,93162300
2014-02-03,30.323593139648438,31.578765590131578,30.282031830960328,31.37095587576645,64063100
2014-02-04,30.215524673461914,30.913765289738716,30.132402074041018,30.73089493682797,54697900
2014-02-05,29.77497673034668,30.315283276204376,29.758351572066857,30.165660022610698,55814400
2014-02-06,30.07423210144043,30.132418587106997,29.6669235308488,29.758360342875022,35351800
2014-02-07,30.390094757080078,30.41503090891772,29.932910833891988,30.190596029604848,33260500
2014-02-10,30.589597702026367,30.589597702026367,30.165667163769772,30.448288579582655,26767000
2014-02-11,30.897140502929688,30.971952111667306,30.639458539107626,30.656083693374203,32141400
2014-02-12,31.146516799926758,31.25457555374633,31.005204564350453,31.04676586742907,27051800
2014-02-13,31.262895584106445,31.470705309423902,31.030149706446814,31.030149706446814,37635500
2014-02-14,31.271211624145508,31.40420974297359,31.03015471378074,31.080027026512973,31407500
2014-02-18,31.33820152282715,31.639691961832586,31.329828208277988,31.51407307538181,32834000
2014-02-19,31.413578033447266,31.614572749310714,31.162337034644924,31.17071354493649,29750400
2014-02-20,31.614566802978516,31.715062544656845,31.321452891957538,31.463821593110005,27526100
2014-02-21,31.80717658996582,32.11704024205644,31.706680874771788,31.773676953334082,38021300
2014-02-24,31.56431007385254,31.807177655517016,31.438691224327023,31.564310073852543,32085100
2014-02-25,31.438697814941406,31.69831207520551,31.279576099603315,31.497320595949557,30736500
2014-02-26,31.38007164001465,31.606189425748248,31.145577346641865,31.472194055835924,41041800
2014-02-27,31.70669174194336,31.73181488067729,31.179083465614827,31.36332833553641,33903400
2014-02-28,32.08354949951172,32.20916836714415,31.673186864628242,31.80718224025722,41215000
2014-03-03,31.63969612121582,31.932813284205547,31.396831630936234,31.75694170853065,29717500
2014-03-04,32.16730880737305,32.225931608955385,31.882568116243224,31.991440402626033,26802400
2014-03-05,31.916074752807617,32.05007021354387,31.76532946014137,32.03332038161386,20520100
2014-03-06,31.949567794799805,32.0249404255112,31.731823219543283,31.941191283219027,23582200
2014-03-07,31.740188598632812,32.1254249339504,31.564317058855654,32.05842564361586,26591600
2014-03-10,31.67319107055664,31.83230960190133,31.589445147680948,31.815562973087932,19006600
2014-03-11,31.840681076049805,32.01654940310004,31.58944015244922,31.715059016898675,25216400
2014-03-12,32.0500602722168,32.18405569139018,31.648074014696647,31.656447330712513,30494100
2014-03-13,31.731830596923828,32.2008163186858,31.52246248457178,32.17568997280493,32169700
2014-03-14,31.572710037231445,31.94119674218449,31.413588237032897,31.530837056280546,27195600
2014-03-17,31.86581802368164,32.16730854057773,31.648076647425054,31.740199104776977,20479600
2014-03-18,33.12202453613281,33.41514171999059,32.00818818264133,32.041684642328406,64063900
2014-03-19,32.88752365112305,33.12201477333007,32.58603323988433,33.05501867900033,35597200
2014-03-20,33.77524948120117,34.043240282983724,32.86240481428486,32.87077812915828,59269800
2014-03-21,33.63287353515625,34.28610063678331,33.50725146421168,34.101858979353764,80721800
2014-03-24,33.9176139831543,34.03485954503017,33.381632446177754,33.78361859891016,46098400
2014-03-25,33.78361892700195,34.327976977800176,33.46537868831829,34.05160969809284,43193100
2014-03-26,33.32300567626953,34.09347824476748,33.16388398016988,33.900860102642994,41977500
2014-03-27,32.96290588378906,33.473764430442245,32.94615605663781,33.281146210257134,35369200
2014-03-28,33.7501335144043,34.03487422810154,33.23090157579285,33.3230240412101,43472700
2014-03-31,34.32798767089844,34.75509709702388,33.83387893377913,33.859002078050345,46886300
2014-04-01,34.68810272216797,34.83047468093805,34.39498868161697,34.46198800214488,32605000
2014-04-02,34.62946701049805,34.88908448875041,34.47872179018406,34.704839620655044,28666700
2014-04-03,34.344730377197266,34.57922474416229,34.09348937910146,34.57922474416229,30139600
2014-04-04,33.390010833740234,34.662968774840934,33.19739263928915,34.54572319514918,51409600
2014-04-07,33.331398010253906,33.72501102665752,33.281151715191925,33.46539345492484,37559600
2014-04-08,33.348140716552734,33.440263164092265,32.82890887870586,33.2895179217008,35918600
2014-04-09,33.89250564575195,33.95950176977618,33.398396851597774,33.44026982845084,27398700
2014-04-10,32.96290588378906,34.07674223437301,32.73678800930145,33.86737418703665,45960800
2014-04-11,32.83728790283203,33.32302336713238,32.66141948770395,32.66141948770395,34330200
2014-04-14,32.81215286254883,33.004771037112185,32.577661727376416,32.75353007875572,32006600
2014-04-15,33.289512634277344,33.46538099089971,32.703281584167236,32.9461492355232,33968700
2014-04-16,33.83386993408203,33.85061656267297,33.423507250157186,33.54912932750413,30615800
2014-04-17,33.50725173950195,33.66637345663266,33.0885157591824,33.50725173950195,36688400
2014-04-21,33.448638916015625,33.62451050808308,33.32302000134224,33.60776068051937,22221200
2014-04-22,33.49050521850586,33.616124096181416,33.35650983216406,33.46537888720914,27056700
2014-04-23,33.239261627197266,33.49050577613571,33.05501996459835,33.49050577613571,24602800
2014-04-24,33.38163375854492,33.47375618784109,32.91264829790175,33.28113801508641,42381600
2014-04-25,33.42350387573242,34.06835763125176,33.28950849761813,33.74174409676704,56876800
2014-04-28,34.22748947143555,34.579229472629756,33.57426214812166,33.616135121079694,50610200
2014-04-29,33.92598342895508,34.4954645457394,33.82548770090537,34.42009195102673,29636200
2014-04-30,33.83386993408203,33.91761585584524,33.64124856356281,33.83386993408203,35458700
2014-05-01,33.49888610839844,33.80037659452646,33.457013139703484,33.69988083071803,28787400
2014-05-02,33.239261627197266,33.78361969029448,33.21413849018425,33.75849655328146,43416600
2014-05-05,33.021522521972656,33.19739088220184,32.912650263148855,33.09689513274263,22460900
2014-05-06,32.71165084838867,32.95451525125285,32.61952843588434,32.9042689860334,27112400
2014-05-07,33.013145446777344,33.08851805625547,32.25104603747732,32.84565359878349,41744500
2014-05-08,33.19738006591797,33.41512451262064,32.63627551999421,32.94613917677746,32120400
2014-05-09,33.1136360168457,33.373250232417284,32.97126414840522,33.1136360168457,29647600
2014-05-12,33.4737548828125,33.51562784139588,33.20576411423648,33.28113671756736,22782600
2014-05-13,34.08941650390625,34.15688844510969,33.60869018316903,33.667726523102424,27004800
2014-05-14,33.937618255615234,34.114727312911214,33.777373969951334,33.98821900499128,18818700
2014-05-15,33.39786911010742,34.07257613636538,33.321964730515475,33.81112700282834,37793200
2014-05-16,33.59183883666992,33.60027122406988,33.119544711259195,33.45689490034641,29867100
2014-05-19,33.52436065673828,33.58339700932064,33.279779643331416,33.40628795157357,24537400
2014-05-20,33.4653205871582,33.68459798421752,33.279775946942166,33.4653205871582,21320900
2014-05-21,34.0303955078125,34.0303955078125,33.51593620175013,33.56653696322867,22398700
2014-05-22,33.819541931152344,34.03038696368382,33.60869689862087,33.97978621490979,20201800
2014-05-23,33.836402893066406,34.047247881812005,33.735198199295496,34.047247881812005,18020000
2014-05-27,33.89543914794922,33.95447548727152,33.574957082267915,33.95447548727152,26160600
2014-05-28,33.74363708496094,33.895445763487295,33.58339602084526,33.85327740106104,25711500
2014-05-29,34.02195358276367,34.03038596823272,33.65929988003863,33.86171252093345,19888200
2014-05-30,34.527984619140625,34.55328821314925,33.94605343278506,34.11473011813513,34567600
2014-06-02,34.40148162841797,34.65449506334411,34.3087092849223,34.53642234152794,18504300
2014-06-03,33.97978591918945,34.308703652317654,33.94604994214044,34.241231698219636,18068900
2014-06-04,34.00509262084961,34.04726099138742,33.61713846431705,33.91232027532216,23209000
2014-06-05,34.75569534301758,34.7894313212849,34.07255947792411,34.23280054883394,31865200
2014-06-06,34.98339080810547,35.13519941685752,34.78098147459497,34.98339080810547,24060500
2014-06-09,34.80630111694336,34.98341018617921,34.59545606768921,34.907505839758116,15019200
2014-06-10,34.671348571777344,34.71351692377714,34.460503594539325,34.603876634786445,15117700
2014-06-11,34.460506439208984,34.63761546257167,34.384602112447936,34.51954278032988,18040000
2014-06-12,34.224369049072266,34.47738245814863,33.97978802616109,34.41834610327215,29818900
2014-06-13,34.772579193115234,35.059328704703816,34.46052929490577,34.66293882235569,26310000
2014-06-16,35.000267028808594,35.09303933569141,34.612313033879666,34.612313033879666,24205300
2014-06-17,35.152095794677734,35.34607290317645,34.021965915028886,34.823177949082485,22518600
2014-06-18,35.12678909301758,35.202693445057754,34.73039934155884,35.09305311050186,27097000
2014-06-19,35.00870895385742,35.22798959665985,34.8569034852311,35.05931292155952,19828200
2014-06-20,35.152095794677734,35.27860414324865,34.89908231477685,34.95811868617902,47764900
2014-06-23,35.41353988647461,35.42197227381113,35.160523225012135,35.19425920883919,18743900
2014-06-24,35.21111297607422,35.37135400865743,35.05087194349101,35.278584916470855,26509100
2014-06-25,35.447265625,35.464133613569146,34.966539211118786,35.1689518567087,20049100
2014-06-26,35.18581008911133,35.37135147744614,34.9412291485348,35.36291909411959,23604400
2014-06-27,35.6328010559082,35.666537024311516,35.00869850940298,35.09303843041127,74640000
2014-06-30,35.168949127197266,35.59907154198863,35.168949127197266,35.56533556746863,30793100
2014-07-01,35.31232833862305,35.54847698412153,35.160519644102656,35.303895952145325,26917000
2014-07-02,35.33762741088867,35.33762741088867,35.02557445805893,35.19425112119181,20208100
2014-07-03,35.25328826904297,35.41353255040596,35.050878842491585,35.34606059672895,15969300
2014-07-07,35.41353988647461,35.52317700805182,35.17739121692566,35.21112720075273,21952400
2014-07-08,35.23643112182617,35.42197583428472,35.09305800201061,35.312335484446415,31218200
2014-07-09,35.14364242553711,35.41352698055783,35.025569742412664,35.405091379055044,18445900
2014-07-10,35.16053009033203,35.42197919018064,34.62076711266881,34.890648601500416,21854700
2014-07-11,35.49786376953125,35.49786376953125,34.9834014628767,35.16894608947062,24083000
2014-07-14,35.5400505065918,35.80149959590009,35.45571375119738,35.60752248470013,21881100
2014-07-15,35.80148696899414,35.81835495757202,35.4472656433385,35.700282254766755,28748700
2014-07-16,37.176185607910156,37.3701625887797,35.82677590756194,35.852076273733104,63318000
2014-07-17,37.55571365356445,38.55090239794196,37.31956826243747,38.331624994358286,82180300
2014-07-18,37.69064712524414,37.81715539899403,37.31956112201099,37.65691437385134,43407500
2014-07-21,37.81715393066406,38.08703523476202,37.294259306129135,37.58100859388808,37604400
2014-07-22,37.808738708496094,38.07862013509078,37.60632602992989,37.95211180883185,43095800
2014-07-23,37.842472076416016,38.331634180682535,37.63162700745433,38.331634180682535,52362900
2014-07-24,37.44609451293945,37.95212151288139,37.37862253041855,37.89308513679621,30725300
2014-07-25,37.53041458129883,37.665355269081324,37.36173791726077,37.36173791726077,26737700
2014-07-28,37.08342742919922,37.53885027988546,37.04969144996615,37.412345183621525,29684200
2014-07-29,37.015953063964844,37.18462973192283,36.80510803332732,37.03282105248463,27763100
2014-07-30,36.75450897216797,37.19306382485414,36.50992795326376,37.16776344953302,31921400
2014-07-31,36.400291442871094,36.847281945627756,36.33282269587024,36.58583612729401,31537500
2014-08-01,36.14727783203125,36.476195612973605,35.92799716657614,36.44245963102046,31170300
2014-08-04,36.57741165161133,36.66175163257276,36.105120627192555,36.24006137948953,34277400
2014-08-05,36.332820892333984,36.653303054850085,36.121975840406996,36.52679795403799,26266400
2014-08-06,36.04605484008789,36.40870520200032,35.599061348786115,36.04605484008789,24634000
2014-08-07,36.459327697753906,36.644872381641406,35.9701688273782,36.130409916128116,30314900
2014-08-08,36.434024810791016,36.535229532650845,36.18944378382632,36.45932518694595,28942700
2014-08-11,36.434024810791016,36.64486985805573,36.28221611938121,36.48462556310088,20351600
2014-08-12,36.70390319824219,36.76293954924655,36.2653451498956,36.29908112682376,21431100
2014-08-13,37.176185607910156,37.26052230663993,36.70389173020246,36.838832378513395,22889500
2014-08-14,37.33644104003906,37.46294613698428,37.11716039108324,37.176199963679096,19313200
2014-08-15,37.774993896484375,37.867766218424634,37.44607618577955,37.59788485491095,41611300
2014-08-18,38.04487609863281,38.04487609863281,37.68222240518478,37.90149981140839,26891100
2014-08-19,38.46920394897461,38.477689002022736,38.04488007521491,38.16369024189415,28139500
2014-08-20,38.1467170715332,38.5286092071164,38.10428533143157,38.47768917659389,24770500
2014-08-21,38.3758544921875,38.401312890200835,38.044882368676404,38.05336742223604,22285500
2014-08-22,38.31645202636719,38.58801908153454,38.24855864390802,38.48617900784579,18294500
2014-08-25,38.33342361450195,38.56255893314538,38.22310171974884,38.52861547794007,16910000
2014-08-26,38.1976318359375,38.52860716075341,38.13822675548354,38.452228737693446,14873100
2014-08-27,38.07882308959961,38.18914820196999,37.98547132046577,38.104284723121516,21287900
2014-08-28,38.08730697631836,38.172170445355114,37.858171725118524,37.97698187670351,17657600
2014-08-29,38.5540657043457,38.56255075701431,38.070336768882626,38.265525353601575,21607600
2014-09-02,38.26551055908203,38.5795091837654,38.061833763107536,38.554050798268406,22976800
2014-09-03,38.15520095825195,38.28249941199971,37.79028217733147,37.79028217733147,33684500
2014-09-04,38.4098014831543,38.41828977483055,37.95153409001358,37.968507436031345,26475500
2014-09-05,38.9614143371582,38.97838767901081,38.282496849723636,38.282496849723636,36939400
2014-09-08,39.4366569519043,39.71670899029544,39.02930647230475,39.054764865612896,45736700
2014-09-09,39.68276596069336,39.860984442257966,39.39422560641512,39.436660582280204,40302400
2014-09-10,39.750667572021484,39.83553106667451,39.27542358489402,39.733694225623914,27302400
2014-09-11,39.886444091796875,39.886444091796875,39.43666182202782,39.665797102099106,29216400
2014-09-12,39.6318473815918,39.90341438074041,39.54698067102411,39.81006261778295,38244700
2014-09-15,39.2414665222168,39.64032869357992,39.12265313863309,39.496060155228804,37667600
2014-09-16,39.68276596069336,39.759144384982726,39.28390373370148,39.36876721076337,27910600
2014-09-17,39.479095458984375,39.623364028924264,39.232986823674025,39.25844522134945,38311900
2014-09-18,39.614864349365234,39.74216276541156,39.42816086911949,39.53848594720408,35556600
2014-09-19,40.32774353027344,40.37017527247595,39.546985876942664,39.725204373928285,202522400
2014-09-22,39.93736267089844,40.208929680967096,39.86946929971421,40.14103630978287,38686100
2014-09-23,39.51304244995117,39.86947296947341,39.436664019005775,39.7591478498113,33430300
2014-09-24,39.95432662963867,39.979785019186295,39.32632604301931,39.57243459975753,26582700
2014-09-25,39.07175064086914,39.96283030089792,39.063262348842606,39.78461501635913,33077400
2014-09-26,39.385746002197266,39.563961271081716,38.83412361298205,38.978395428746545,27078800
2014-09-29,39.41119384765625,39.51303389174866,38.834113213800784,39.02081672396982,26091000
2014-09-30,39.34330368041992,39.44514048707031,39.046275074800185,39.351788732085076,33033100
2014-10-01,38.95292663574219,39.48757229973575,38.910491665329666,39.26692534532577,38088400
2014-10-02,38.8341178894043,39.12265824107211,38.732281070384516,38.893526207611124,25119400
2014-10-03,39.11418151855469,39.29239679912748,38.70683091838766,39.02082973234947,32453200
2014-10-06,39.11418151855469,39.29239679912748,38.96990969332804,39.139639919398,20604000
2014-10-07,38.63894271850586,38.97840321620255,38.54559091977251,38.918998114705914,25723700
2014-10-08,39.69972610473633,39.793077840868555,38.47767495973195,38.59648508305186,33031000
2014-10-09,38.91050338745117,39.716719508162726,38.817154841489256,39.462125795657684,34422800
2014-10-10,37.365943908691406,39.13961710051253,37.298053800245086,38.69832006494624,51978100
2014-10-13,37.04347229003906,37.81574154440701,36.90768879160076,37.187740840796145,37100200
2014-10-14,37.111366271972656,37.66298861262543,36.96709770624352,37.23017644076943,38115700
2014-10-15,36.678558349609375,36.82282691931965,35.728070498337544,36.49185480072841,60218700
2014-10-16,36.27119827270508,36.55973857366343,35.82990115139621,36.09297982407379,49040400
2014-10-17,37.02650451660156,37.28958326339067,36.31364023325707,36.66158570266721,40683300
2014-10-20,37.408390045166016,37.4593068323802,36.330607138902785,36.542769051852225,34527900
2014-10-21,38.08730697631836,38.172170445355114,37.501738033029724,37.646009815192805,36433800
2014-10-22,37.66298294067383,38.24854864327359,37.53568450051423,38.18914356782145,33570900
2014-10-23,38.20613098144531,38.57104985782382,37.790292062780836,37.866670507542274,45451900
2014-10-24,39.14811706542969,39.80157614548598,38.34190114913509,39.74217106887485,61076700
2014-10-27,38.9614143371582,39.12265622875706,38.791684155966074,38.791684155966074,30371300
2014-10-28,39.453636169433594,39.462121222688786,38.84260874036111,38.918987168995166,29049800
2014-10-29,39.56394577026367,39.63183912457271,39.32632550484867,39.41118896040165,30276100
2014-10-30,39.08022689819336,39.30936217130599,38.84260657229914,39.30936217130599,30073900
2014-10-31,39.84400939941406,39.86098274156909,39.44514395210584,39.83552110966955,35849700
2014-11-03,40.25984191894531,40.27681525982182,39.65730288583135,39.79308637550962,23130400
2014-11-04,40.37017059326172,40.505954094972054,40.098603589841055,40.1410353271254,21530800
2014-11-05,40.61628341674805,40.65023010503197,40.107092804492325,40.56536338432216,22449600
2014-11-06,41.32915115356445,41.464934680764614,40.55688173561331,40.61628682642996,33037800
2014-11-07,41.31217956542969,41.51585324622694,40.981207406133066,41.51585324622694,28000600
2014-11-10,41.490379333496094,41.71102951542278,41.201839029130596,41.28670572884608,36370100
2014-11-11,41.47341537475586,41.541308749885594,41.28671506781771,41.45644203097343,23445200
2014-11-12,41.397037506103516,41.51584767685259,41.17639050861728,41.21033719664112,22722100
2014-11-13,42.10142517089844,42.13537186574065,41.33764072362353,41.42250746072907,26210400
2014-11-14,42.07594680786133,42.47480895236712,41.91470170252199,42.21173028548035,29081700
2014-11-17,41.97412109375,42.18628305225541,41.702554045849844,41.931689349515835,30318600
2014-11-18,41.623966217041016,42.12782640525716,41.58980543125474,41.95702573407761,23995500
2014-11-19,41.179901123046875,41.63252030127722,40.932240220419565,41.55566013348781,26177500
2014-11-20,41.589820861816406,41.589820861816406,40.880998953648934,40.99201991976916,21510600
2014-11-21,40.974937438964844,41.88871757596837,40.624797416914454,41.86309860730096,42884800
2014-11-24,40.641883850097656,40.992023924139545,40.47108309886307,40.98348535256683,35434200
2014-11-25,40.539390563964844,40.966390664254334,40.522310169023,40.701649429284046,28008000
2014-11-26,40.778507232666016,40.983468702429576,40.37712611899472,40.55646862669486,27163600
2014-11-28,40.82975769042969,41.1628173039284,40.658956969782125,40.949317217557144,21534400
2014-12-01,41.521488189697266,41.65812808933985,40.744348149651536,40.889529875507385,31191600
2014-12-02,41.384857177734375,41.88871752670237,41.16281851478793,41.70937823073568,25773500
2014-12-03,41.060340881347656,41.4190194863742,40.829760381936445,41.36777828947626,23534800
2014-12-04,41.7093620300293,41.89724308106711,41.162802526375614,41.32506136097542,30320400
2014-12-05,41.35069274902344,41.820395517803156,41.316535213091576,41.692294170362764,27313400
2014-12-08,40.7358283996582,41.290926823124856,40.52232825422787,41.21406664045979,26663100
2014-12-09,40.641883850097656,40.923702320544365,40.18072279909028,40.231964001786665,24330500
2014-12-10,40.0526237487793,40.70166267909312,39.881823001511464,40.633344334837965,30431800
2014-12-11,40.283199310302734,40.769982559676336,39.864740917806,40.206342397918284,29060400
2014-12-12,40.09531784057617,40.761437083663736,39.85619552279247,39.9501360843054,34248400
2014-12-15,39.856201171875,40.71020165903156,39.753722025587145,40.30882364534024,29247800
2014-12-16,38.5666618347168,39.57438266926823,38.54104286260639,39.198623628051195,47801400
2014-12-17,39.061981201171875,39.24132051006823,38.34462070783336,38.47271881800798,34970900
2014-12-18,40.58209991455078,40.58209991455078,39.57437916912683,39.77934070114231,40105600
2014-12-19,40.70165252685547,41.077411470916296,40.283190963314055,40.6760335613691,64551200
2014-12-22,40.974937438964844,41.094496969749926,40.744356947699536,40.80413671309207,26566000
2014-12-23,41.376312255859375,41.67521103658728,41.103032439836035,41.30799067297735,23648100
2014-12-24,41.111568450927734,41.53856854411602,41.06033052470653,41.53856854411602,11437800
2014-12-26,40.8895378112793,41.342156955860375,40.83829661731146,41.342156955860375,13197800
2014-12-29,40.522315979003906,40.80413439157018,40.36005383266776,40.73581605975972,14439500
2014-12-30,40.155094146728516,40.66749301915873,40.00137383344894,40.51377270587915,16384700
2014-12-31,39.668331146240234,40.51378997183865,39.668331146240234,39.90745028758056,21552500
2015-01-02,39.93305969238281,40.49669986025541,39.74518180826074,39.84766095030489,27913900
2015-01-05,39.565834045410156,39.907432198522,39.49751246013629,39.5999915802946,39673900
2015-01-06,38.98511505126953,39.92451407944966,38.891174496900994,39.608534880189445,36447900
2015-01-07,39.480430603027344,39.676850266793366,38.84847225138925,39.26693054357484,29114100
2015-01-08,40.641883850097656,40.77852379953465,39.898904328643575,39.92452330111508,29645200
2015-01-09,40.300270080566406,40.83829114297261,40.05261248730217,40.65895187475466,23944200
2015-01-12,39.79641342163086,40.599175803615054,39.591455170136825,40.49669342011537,23651900
2015-01-13,39.591453552246094,40.91515333637416,39.33525411947171,40.1123942449471,35270600
2015-01-14,39.249847412109375,39.48896967730058,38.95948722118245,39.249847412109375,29719600
2015-01-15,38.839927673339844,39.60852913602388,38.78014792154799,39.47188923796362,32750800
2015-01-16,39.48896789550781,39.523125425206345,38.575184748842155,38.69474750491901,35695300
2015-01-20,39.61707305908203,39.839114959536516,38.916793079653424,39.540212902425104,36161900
2015-01-21,39.2156982421875,39.40357937955743,38.839939225200744,39.23277864174414,39081100
2015-01-22,40.24903869628906,40.257577266651204,39.35233895163077,39.60853841328272,35898000
2015-01-23,40.2917366027832,40.47107589366213,39.96721555898839,40.44545692575166,26211600
2015-01-26,40.14655685424805,40.24903924651213,39.48897942152804,40.13801828376918,42525500
2015-01-27,36.43165588378906,36.89281686835987,35.96195632887563,36.6793167745126,169164000
2015-01-28,35.1762580871582,36.54266001306221,35.15063913017765,36.49996066551083,84507100
2015-01-29,35.87655258178711,35.970493139725285,34.83467439004774,34.954233915513505,63585300
2015-01-30,34.50161361694336,35.5093342372253,34.458910995501356,35.483712012809576,78004900
2015-02-02,35.25312423706055,35.32998437888126,34.35642475432029,34.663865321603105,50352500
2015-02-03,35.52640914916992,35.808230795805734,35.05670966252932,35.55203137197927,52082400
2015-02-04,35.731361389160156,36.047340488121996,35.32144176564847,35.81676008906825,41614800
2015-02-05,36.2523193359375,36.41457824677495,35.7484589459386,36.05589962563327,36548200
2015-02-06,36.21815490722656,36.54267595413595,35.99611624844823,36.44873539389222,34616600
2015-02-09,36.17544937133789,36.499970362900335,36.047348036898114,36.07297025843742,31381100
2015-02-10,36.38040542602539,36.525587146909785,36.02172692340289,36.49996818465163,29670700
2015-02-11,36.192527770996094,36.423108205623436,36.047346049452024,36.423108205623436,38262500
2015-02-12,36.79887390136719,36.79887390136719,36.30355215228472,36.43165350332403,33268800
2015-02-13,37.46499252319336,37.46499252319336,36.850114517962254,37.046534197470365,40264900
2015-02-17,37.48219680786133,37.8434279543945,37.146763667733154,37.81762666705266,33695700
2015-02-18,37.439186096191406,37.58540103027827,37.31877572749427,37.5251958459297,27111700
2015-02-19,37.41339111328125,37.43919240208022,37.026355376611626,37.13816642963552,27603400
2015-02-20,37.72300720214844,37.74020914929313,37.23276319180062,37.42197804852031,29721100
2015-02-23,37.97244644165039,38.00684706943296,37.54240742546381,37.585410670895,32518800
2015-02-24,37.920833587646484,38.10144915372237,37.77461864301121,37.97243944121247,25271700
2015-02-25,37.83483123779297,37.920837722176906,37.67141432415159,37.800427331664565,29759800
2015-02-26,37.89502716064453,38.04123880450861,37.748812235844184,37.83482198011976,28957300
2015-02-27,37.71441650390625,38.015445752644,37.5510028758054,37.95524055908384,33807700
2015-03-02,37.74021530151367,38.00683732337987,37.456388048762136,37.55959646751884,31924000
2015-03-03,37.22417068481445,37.69721615739416,37.060757063973995,37.46499472929235,31748600
2015-03-04,37.034950256347656,37.16395995432745,36.88013599402282,36.99194374275138,25748700
2015-03-05,37.07795715332031,37.18976819403519,36.82853378593199,37.043553251417784,23193500
2015-03-06,36.432891845703125,37.07795011979578,36.25227631638183,36.983341047979096,36248800
2015-03-09,36.85433578491211,37.095159821952365,36.286684516284716,36.286684516284716,32108000
2015-03-10,36.14908981323242,36.73394331831825,36.14908981323242,36.4243146061036,39159700
2015-03-11,36.106075286865234,36.441505193440406,35.98566488767798,36.389902611467186,32215300
2015-03-12,35.280391693115234,35.822241624908195,35.14277937657345,35.54701699182463,59992500
2015-03-13,35.59002685546875,35.667434003001844,34.92776643344937,35.005173580982465,58007700
2015-03-16,35.74483871459961,35.81364324053068,35.50401467149882,35.66743157234164,35273500
2015-03-17,35.865257263183594,35.97706833433794,35.39221496652104,35.58142991662353,31673400
2015-03-18,36.55331802368164,36.83714536200962,35.547028255291444,35.633034750031,44194800
2015-03-19,36.3726921081543,36.63071480018687,36.312486922711244,36.34688754229546,33879100
2015-03-20,36.8801383972168,36.96614486814104,36.544708567301065,36.60491375313534,71904500
2015-03-23,36.862945556640625,37.09516702264794,36.794137738147775,36.880147511263836,26246100
2015-03-24,36.89735794067383,37.12957617908093,36.768344891835994,36.794146189228314,25513300
2015-03-25,35.65884017944336,36.923156140614495,35.64163822231217,36.914553521579975,43469900
2015-03-26,35.443809509277344,35.78784198201802,35.19438613058719,35.45241212561111,37495600
2015-03-27,35.23738098144531,35.633015897425935,35.116970640141275,35.366390655298616,34401400
2015-03-30,35.22879409790039,35.727640912825656,35.18579085408133,35.349204492968646,35049700
2015-03-31,34.970760345458984,35.28898818666842,34.8675519365952,35.07396875432277,34887200
2015-04-01,35.02238082885742,35.05678145889986,34.6697489436565,34.919169095917496,36865300
2015-04-02,34.652530670166016,35.03956628409046,34.50631575782301,34.97075849453234,37487500
2015-04-06,35.73623275756836,35.93405026241588,34.55792706306944,34.69553938300409,39223700
2015-04-07,35.71903610229492,36.04586664093883,35.5298211849217,35.78784391293027,28809400
2015-04-08,35.62443542480469,35.85665691919097,35.29760808983534,35.65883933825549,24753400
2015-04-09,35.67603302001953,35.796443408230715,35.47821548496731,35.47821548496731,25723900
2015-04-10,35.882442474365234,36.08025995044263,35.615817207859514,35.80503535060138,28022000
2015-04-13,35.916847229003906,36.17487319191838,35.59861936392885,35.607221979192076,30276700
2015-04-14,35.82225799560547,36.14908534616636,35.59863582844494,35.95126775579384,24244400
2015-04-15,36.346885681152344,36.51890189401148,35.84804227289086,35.916846789472686,27343600
2015-04-16,36.26087951660156,36.415693781368006,35.96845293659121,36.08026396801951,22509700
2015-04-17,35.79644775390625,35.89965948284885,35.40081263577184,35.839451000496965,42387600
2015-04-20,36.905941009521484,37.12955981052826,35.84804563061367,35.89104886762228,46057700
2015-04-21,36.67372512817383,37.11236674230665,36.579116023912356,36.983353730870604,26013800
2015-04-22,36.97474670410156,37.09515707323101,36.59631036576731,36.69951878488734,25064300
2015-04-23,37.27577590942383,37.50799733359564,36.811333061080205,36.88874020247081,46309500
2015-04-24,41.17194747924805,41.40416901495848,39.26257587608178,39.27117521550586,130933700
2015-04-27,41.30952835083008,41.39553808412349,40.612867556300664,40.621466889162086,59248200
2015-04-28,42.28141784667969,42.32442107370845,41.02570524419871,41.09450975125755,60730800
2015-04-29,42.19541549682617,42.410434933820106,41.71377077682272,41.90298893127698,47804600
2015-04-30,41.83418273925781,42.60825405446515,41.799778840596076,41.885788587250424,64725500
2015-05-01,41.85139846801758,42.04061669202024,41.62777961496326,41.7825939289768,38937300
2015-05-04,41.49015426635742,42.03200091482802,41.438548417530335,41.6019620174115,34039500
2015-05-05,40.93971252441406,41.421357397749006,40.69029239160982,41.128930739105876,50369200
2015-05-06,39.80440902709961,41.08592669834226,39.58079018938053,40.913910441130625,52433000
2015-05-07,40.165645599365234,40.501075513983544,39.701202664845695,39.795811775314945,32971700
2015-05-08,41.0687141418457,41.26653163824066,40.87089664545075,40.89669792904337,35364900
2015-05-11,40.741886138916016,41.206328957396146,40.741886138916016,40.89670041174273,24609400
2015-05-12,40.72468566894531,41.00851293975766,39.92481299057539,40.29464673566844,29928300
2015-05-13,40.965511322021484,41.558963892266085,40.91390546685103,41.447152846531836,34184600
2015-05-14,41.90300369262695,41.98901018534791,41.30954773766525,41.30954773766525,32980900
2015-05-15,41.541770935058594,42.066419092941516,41.326751413364775,42.0320151820455,28642700
2015-05-18,41.292335510253906,41.472954349533495,40.94830634402005,41.26653422504393,24136500
2015-05-19,41.18846893310547,41.38757209904622,40.842200547485,41.17115518359844,28574800
2015-05-20,41.18846893310547,41.49145129382833,40.920110769136606,41.023989963918716,25047900
2015-05-21,41.0499382019043,41.20575856649952,40.69501477193927,40.9287453188321,22410700
2015-05-22,40.59980392456055,40.9893516275644,40.530548944843034,40.94606891637055,25720600
2015-05-26,40.331451416015625,40.58249579886355,39.98518307400058,40.53921308167658,29581900
2015-05-27,41.21442794799805,41.35293460832821,40.35741571690188,40.53054986787941,27335600
2015-05-28,41.07591247558594,41.56934255354702,41.02397125075794,41.11919517848,19283700
2015-05-29,40.565189361572266,41.17981264226027,40.33145868393171,41.05861969139337,36519600
2015-06-01,40.88547134399414,41.35293253754719,40.35741369597226,40.73830946950101,28837300
2015-06-02,40.61711883544922,40.98935613673206,40.35741923745782,40.62577735999601,21498300
2015-06-03,40.55651092529297,41.32695758177537,40.53054196350162,41.00665830914185,28002200
2015-06-04,40.13234329223633,40.82487658802046,39.9938366330795,40.5045805578939,27745500
2015-06-05,39.94190216064453,40.2708567701889,39.68220254353468,40.08906736843798,25438100
2015-06-08,39.586978912353516,40.192946892202755,39.535037667591645,40.080409179681936,22121600
2015-06-09,39.51771926879883,39.768760312310555,39.35324034461693,39.61293991164305,24406100
2015-06-10,40.34877395629883,40.5392219161362,39.552357917010106,39.63892667250908,28417400
2015-06-11,40.20159912109375,40.61711914146247,39.9332442987933,40.39204703544342,27347800
2015-06-12,39.79473876953125,40.22757254930946,39.73414230454308,40.01115565942035,23931000
2015-06-15,39.370548248291016,39.51771340586956,38.97234208444571,39.34457928611896,33254500
2015-06-16,39.673545837402344,40.028469404710826,39.21473978532576,39.2580225028493,27070300
2015-06-17,39.79473876953125,39.881304204583024,39.26668102984029,39.58697710224346,28704100
2015-06-18,40.4439811706543,40.513232844085664,39.96786146843053,40.0111474793665,32658300
2015-06-19,39.90726852416992,40.53920867499332,39.812047877613104,40.504581184103955,63837000
2015-06-22,40.01980209350586,40.44398055753139,39.959205641824916,40.10637081180645,20318100
2015-06-23,39.742794036865234,40.063090081139464,39.49174967409869,39.933241939965285,25896500
2015-06-24,39.509056091308594,40.0371136866726,39.43114590015229,39.53502505427444,34890900
2015-06-25,39.51771926879883,39.87264278092833,39.38786783415619,39.84667051264431,20616000
2015-06-26,39.18011474609375,40.06309610840713,38.98101159119856,39.517727889361126,49835300
2015-06-29,38.409664154052734,39.154138695658965,38.401008932474205,38.98966306759266,34081700
2015-06-30,38.21921920776367,38.71264938968735,38.03742653369238,38.70399086592911,35945400
2015-07-01,38.47892379760742,39.154143439354094,38.17593816950236,38.48757902023457,28343900
2015-07-02,38.435638427734375,38.73862073267273,38.14131134482592,38.504890110751944,21752000
2015-07-06,38.42698287963867,38.50489309297979,38.046090337893034,38.05474556059328,23034000
2015-07-07,38.34907913208008,38.51355811145399,37.500725167252405,38.38370663323882,36435800
2015-07-08,38.29713439941406,38.86847485829649,38.1153417016599,38.47026527002232,39785900
2015-07-09,38.539512634277344,39.145480468282706,38.522198890190445,38.73861573788814,32424700
2015-07-10,38.6174201965332,39.07622282562368,38.58279271072216,38.963685147867196,25465800
2015-07-13,39.4224853515625,39.49173701086427,38.911741567960924,38.9377105274168,28178300
2015-07-14,39.491756439208984,39.78608356611977,39.2234015867897,39.34459452688356,22880300
2015-07-15,39.612945556640625,39.725483262550696,39.32727698288077,39.543693869952634,26629600
2015-07-16,40.392032623291016,40.41800158334204,39.79472342630864,39.82934760562387,26271700
2015-07-17,40.357421875,40.49592855646476,40.04578101613934,40.2968254082504,29467100
2015-07-20,40.61711883544922,40.79891152607679,40.20159881821107,40.38339150883864,30631900
2015-07-21,40.928768157958984,40.97205418514649,40.23623465234196,40.495934304165814,42781900
2015-07-22,39.4224853515625,40.625762239473424,39.12815836944874,39.33591664961238,59152400
2015-07-23,39.91593551635742,40.01981470880464,39.04160934833504,39.18877456470692,33934000
2015-07-24,39.76875686645508,40.097711384056694,39.64756396582787,39.742787902680355,32333200
2015-07-27,39.25801086425781,39.82935115206176,39.171445454874274,39.768754705041545,39701400
2015-07-28,39.249366760253906,39.50906636421418,38.773250269283466,39.4571284247779,34328900
2015-07-29,40.07175064086914,40.49592588008252,39.18011084199982,39.30130706974891,40945900
2015-07-30,40.582481384277344,41.032628748104145,39.760096840791036,40.04576531456549,39777900
2015-07-31,40.42668151855469,41.00667728196936,40.25354732123712,40.937425584398426,31201500
2015-08-03,40.52189254760742,40.68636816627483,40.210251752440456,40.66905442184788,24125900
2015-08-04,41.153831481933594,41.30099336376536,40.40935694446659,40.46995340195723,33403900
2015-08-05,41.18846893310547,41.90697137521685,41.15384143409141,41.53473401646587,26959700
2015-08-06,40.357421875,41.35294091833157,40.10638078514871,41.30099967443487,27368000
2015-08-07,40.4612922668457,40.49591645016613,40.04576904441277,40.158306721415805,19163000
2015-08-10,40.97203826904297,41.110544916361725,40.54785980410862,40.64308374331382,23079900
2015-08-11,40.17562484741211,40.63442752348678,39.734135916015994,40.5305483576746,29237400
2015-08-12,40.4612922668457,40.59979890690376,39.569652675604395,39.98517259577855,30181400
2015-08-13,40.45263671875,40.77293272826166,40.24487839451612,40.738308542395366,22627200
2015-08-14,40.686370849609375,40.77293627519418,40.27085086273555,40.279506084390306,21473400
2015-08-17,40.9633903503418,41.07592806237708,40.314139653788715,40.52190132968002,21099700
2015-08-18,41.189945220947266,41.329365252393075,40.693261151169345,40.815253263179955,23574100
2015-08-19,40.61482620239258,41.024373888378456,40.34469851018393,40.76295849151564,31485500
2015-08-20,39.78703308105469,40.49284892736499,39.78703308105469,40.14429715347534,36238200
2015-08-21,37.53015899658203,39.63017474062635,37.53015899658203,39.47332681584004,70053100
2015-08-24,36.318946838378906,37.19903501203617,34.611050916329354,35.24715490798959,88753700
2015-08-25,35.264591217041016,37.67830337092355,35.1948795347168,37.094479665584124,70616600
2015-08-26,37.21647262573242,37.329752450048446,35.77870404771723,36.606508687770194,63408000
2015-08-27,38.25341796875,38.296986115604575,37.40818195881773,37.669594163981735,50943200
2015-08-28,38.279544830322266,38.47124859841076,37.80900103085162,37.81771665160221,28246700
2015-08-31,37.92228317260742,38.27954719261536,37.556303531311045,37.957139009690046,34441700
2015-09-01,36.44093322753906,37.11189294708237,36.301513241921924,36.74591340731572,49688900
2015-09-02,37.78286361694336,37.800291535700836,36.493227545210836,36.91148762328336,37671500
2015-09-03,37.90485763549805,38.32311773466063,37.71315384353511,37.826433659152826,28285200
2015-09-04,37.12932586669922,37.50401775181909,36.77206189763551,37.3036017032258,37138800
2015-09-08,38.24469757080078,38.3405494763374,37.64344924157486,37.73058552440663,32469800
2015-09-09,37.53015899658203,38.68909051594366,37.39073898833144,38.52352697087189,33469500
2015-09-10,37.72186279296875,38.15755073470126,37.2513190181292,37.573727164281394,31366600
2015-09-11,37.887420654296875,37.98327252735337,37.41687690876588,37.59115273941088,27132500
2015-09-14,37.504032135009766,37.85258061769984,37.3471841543865,37.84386831834806,23656000
2015-09-15,38.3231201171875,38.59324790228935,37.538883629015544,37.63473220692007,28882200
2015-09-16,38.60196304321289,38.671674731225266,38.20113080925045,38.31441064025244,23372200
2015-09-17,38.55839538574219,39.21192751092426,38.410263032905,38.59325123018727,32768200
2015-09-18,37.887420654296875,38.33182418864337,37.756716274339375,37.90484856976487,63143700
2015-09-21,38.4363899230957,38.75008576622788,37.99198637064674,38.00941428682466,26177200
2015-09-22,38.25341796875,38.38412240931373,37.73930585817829,37.80030192858201,28085900
2015-09-23,38.22726821899414,38.48868038174375,37.91357229408021,38.27955198115846,17145200
2015-09-24,38.26212692260742,38.45383074084753,37.70444671394846,37.86129468813832,27905600
2015-09-25,38.28825378417969,38.97664150581833,38.13140586471683,38.75879754256826,29384600
2015-09-28,37.72186279296875,38.41896283493372,37.65215112675465,38.192406567808305,27613800
2015-09-29,37.85258102416992,37.9658608611779,37.51274483718239,37.79158495594326,32763600
2015-09-30,38.567100524902344,38.601956362876486,38.04427625143286,38.23598003625498,34958900
2015-10-01,38.87208938598633,38.994081511382866,38.12270538822347,38.994081511382866,28657900
2015-10-02,39.7086067199707,39.7086067199707,38.2708348938296,38.57581850872649,41839000
2015-10-05,40.63226318359375,40.8588194775213,39.82188325017866,39.865451384699085,34369300
2015-10-06,40.73682403564453,41.11151594510377,40.27499586427933,40.37084774679709,27017200
2015-10-07,40.7804069519043,41.25966321421647,40.039738485061534,41.04181915643488,27711500
2015-10-08,41.3467903137207,41.40778636550964,40.51898247996802,40.57126623465947,33772700
2015-10-09,41.05051803588867,41.42520992836081,40.8849544921239,41.34678596658675,28600600
2015-10-12,40.95468521118164,41.01568128493493,40.518997070637155,40.937257286675454,19769100
2015-10-13,40.858821868896484,41.06795358048435,40.571269505003436,40.571269505003436,19987800
2015-10-14,40.67583465576172,41.04181100460608,40.54512691743966,40.64969443771165,24697800
2015-10-15,40.9633903503418,40.9808182718013,40.545130207422254,40.9633903503418,27189400
2015-10-16,41.399070739746094,41.425214279106655,40.86753419193559,40.97209837727129,26450300
2015-10-19,41.49492263793945,41.72148225092925,40.97209838710004,41.32064677964781,29387600
2015-10-20,41.62562942504883,41.66048526072913,40.97209746420262,41.338073766739484,30802200
2015-10-21,41.128944396972656,41.817332176699,41.050520430623635,41.756332803729435,25144300
2015-10-22,41.85218048095703,42.653847981286944,41.033088388999,41.41649256148328,56637100
2015-10-23,46.069644927978516,47.11529671876347,45.529392776953195,45.572960909061855,135227100
2015-10-26,47.27214813232422,47.333144186572106,45.747240128055694,45.77338034443746,64633300
2015-10-27,46.7841796875,47.3767156770441,46.688331112633776,47.045595165973374,50999900
2015-10-28,47.0368766784668,47.0368766784668,46.060936476802695,46.65347243025054,47000800
2015-10-29,46.496620178222656,46.90616792920403,46.37462807981171,46.653468111618274,30202100
2015-10-30,45.869239807128906,47.04559959899774,45.85181188531942,46.46177585250664,46619800
2015-11-02,46.39206314086914,46.49662733788881,45.85180758752307,46.05222368349239,30285000
2015-11-03,47.18500518798828,47.394133537535225,46.09578533899534,46.121925551679915,36596900
2015-11-04,47.40286636352539,47.82112653846965,47.10659832410199,47.21116253682896,37087800
2015-11-05,47.38542175292969,47.66426177135965,47.054297984530905,47.48127363252159,31468500
2015-11-06,47.85597610473633,47.908259869889285,47.01945580650605,47.13273563565271,32851200
2015-11-09,47.193721771240234,47.81239790389977,46.67089752584481,47.53355786315081,32513100
2015-11-10,46.6273307800293,47.167586322100085,46.418202390354516,47.11530256266348,55283700
2015-11-11,46.74932861328125,47.22858479853961,46.58376502860285,46.79289675302547,36516300
2015-11-12,46.46177673339844,47.03688486787045,46.34849690150715,46.60119678648146,35361100
2015-11-13,46.04350280761719,46.43562262843474,45.77337508126836,46.24391886624943,36848200
2015-11-16,46.8538932800293,46.95845748126383,46.052225539801846,46.25264496788573,32165200
2015-11-17,46.467891693115234,46.95914910866109,46.36261937854955,46.64333885784438,31551300
2015-11-18,47.2398796081543,47.35392296898459,46.47667355493203,46.49421894478599,29710000
2015-11-19,47.318817138671875,47.95043758675253,47.17845741092505,47.36268227257516,28149200
2015-11-20,47.53813552856445,47.63463348124275,46.73106782696467,47.59077168814543,37147600
2015-11-23,47.53813552856445,47.774993227018385,47.152147064291555,47.59077168814543,28235900
2015-11-24,47.590782165527344,47.75745835456802,47.003026646456775,47.301288243758705,24600000
2015-11-25,47.09952163696289,47.573237141813124,47.09952163696289,47.4504227545796,21005100
2015-11-27,47.310062408447266,47.44165116258292,47.18724802268921,47.19601904462577,9009100
2015-11-30,47.67851257324219,48.213635343929674,47.371476563720606,47.845192132503776,56241400
2015-12-01,48.44171142578125,48.45048244707329,47.634640262840904,47.731138229257326,39952800
2015-12-02,48.432945251464844,49.09088239221757,48.301359831179106,48.52944323420586,47274900
2015-12-03,47.546913146972656,48.9241942923564,47.310055432319075,48.678565557059585,38627800
2015-12-04,49.04701232910156,49.32773186085235,47.459189758653025,47.476735147692544,43963700
2015-12-07,48.95928955078125,49.099649319008726,48.50311946743174,48.94174416144771,30709800
2015-12-08,48.941734313964844,49.213679427814995,48.23993561403518,48.66101483399298,32878000
2015-12-09,48.231178283691406,49.01192982228562,47.818869937783354,48.573305061597516,36373200
2015-12-10,48.48558807373047,48.82771489838918,48.257501292996785,48.59085709367735,31775800
2015-12-11,47.424110412597656,48.33644737311639,47.38024525929966,47.9943205946167,39549500
2015-12-14,48.371524810791016,48.432931992735476,47.090741663891684,47.660955035022155,46768900
2015-12-15,48.42416763305664,49.0382428834071,48.32766966345917,48.8277015546089,39843000
2015-12-16,49.24000930786133,49.345278297893394,48.03817523143522,48.72243203274579,37503300
2015-12-17,48.86280059814453,49.81900274138196,48.71366643451372,49.44178516721407,41280900
2015-12-18,47.48550796508789,49.125963302655315,47.39778102275446,48.92419635494944,84684200
2015-12-21,48.099578857421875,48.55574553083974,47.57322728999759,48.143440651430474,37246300
2015-12-22,48.55575942993164,48.669802804151225,47.810098679018886,48.23995241480572,28322200
2015-12-23,48.96807098388672,49.02070716307892,48.63471520855258,48.86280197194388,27279800
2015-12-24,48.83646774291992,49.090870847327935,48.62592978139923,49.00314725443441,9558500
2015-12-28,49.08209991455078,49.08209991455078,48.231167006908656,48.555748316924905,22458300
2015-12-29,49.60845947265625,49.87163365823241,49.178609083718165,49.3803760708746,27731400
2015-12-30,49.39792251586914,49.81022752169976,49.38037712359784,49.53828230759813,21704500
2015-12-31,48.6697998046875,49.29264612025909,48.61716363218976,49.16106070867642,27334100
2016-01-04,48.073272705078125,48.073272705078125,46.83635102401139,47.65219333986831,53778000
2016-01-05,48.292579650878906,48.59084458598735,47.845183921436714,48.18731065802915,34079700
2016-01-06,47.41533660888672,47.72237595342799,47.055664434066266,47.65219438446722,39518900
2016-01-07,45.7661018371582,46.92407418069811,45.67837823143052,46.231046317549854,56564900
2016-01-08,45.90645980834961,46.73984400855146,45.74855465860931,45.941547238838034,48754000
2016-01-11,45.880130767822266,46.36261714041592,45.14324133363632,46.06435228975875,36943800
2016-01-12,46.30121612548828,46.58193562857319,45.669598916767455,46.28367073824042,36095500
2016-01-13,45.30116653442383,47.432883223125714,45.00290155153924,47.19602544144312,66883600
2016-01-14,46.59071350097656,46.86265865767891,45.239748699206416,45.61696618731679,52381900
2016-01-15,44.73094177246094,45.590645655924895,44.16072840809507,45.01166127128834,71820700
2016-01-19,44.35373306274414,45.33625150234247,43.915108341046896,45.16080094437537,43564500
2016-01-20,44.555484771728516,45.07306189990515,43.07293157848295,43.84491176125012,63273000
2016-01-21,44.28354263305664,45.24851883541557,44.12563749715137,44.73971265384516,40191200
2016-01-22,45.871376037597656,45.90646681988636,44.96780679909003,45.09939555945208,37555800
2016-01-25,45.432743072509766,46.187178022917145,45.30992870317658,45.564328462606504,34707700
2016-01-26,45.7661018371582,46.002959588352205,45.222208119476264,45.432749458240174,28900800
2016-01-27,44.93271255493164,45.79241651209342,44.757262016513984,45.625736994698336,36775200
2016-01-28,45.66960144042969,45.80118683239928,44.959028276607604,45.49415090469626,62513800
2016-01-29,48.32767105102539,48.32767105102539,47.37146904205951,48.0118607219811,83611700
2016-02-01,47.99432373046875,48.32767950795445,47.810102121769376,48.14345789925508,44208500
2016-02-02,46.49421310424805,47.599545754669926,46.18717718647545,47.52059318346547,56313800
2016-02-03,45.75732421875,46.836340476565695,44.967798495255316,46.713526107675534,57559800
2016-02-04,45.61696243286133,46.32753555239945,45.06429445099835,45.70468602204066,46987100
2016-02-05,44.002830505371094,45.61696956219884,43.47648219515287,45.564333392600645,62009000
2016-02-08,43.34489822387695,43.48525801184155,42.274652749121046,43.467712620040814,59290500
2016-02-09,43.23084259033203,44.073004425727866,42.69572000471229,43.002759254488396,46740500
2016-02-10,43.608070373535156,44.204600281164815,43.44139417886613,43.765975545933664,38237000
2016-02-11,43.590511322021484,43.95895772430016,42.55535700356059,42.70449110695247,48878600
2016-02-12,44.30108642578125,44.45899155600421,43.643149498665686,44.08177411674273,34243300
2016-02-16,45.14046859741211,45.14046859741211,44.29226330485473,44.97259568653145,37291200
2016-02-17,46.315574645996094,46.62481840220133,45.458535561036676,45.493878282397404,40789000
2016-02-18,46.112369537353516,46.78386791400038,46.03285008144712,46.23606909023871,27176000
2016-02-19,45.785457611083984,46.191888886794004,45.52922787925751,45.917991160778556,33559100
2016-02-22,46.518798828125,46.82803924856045,46.19188367455862,46.19188367455862,25008300
2016-02-23,45.219993591308594,46.27141465329723,45.043283291104395,46.24490928793062,28895300
2016-02-24,45.37902069091797,45.50271685766396,44.35410526156405,44.787041845175025,33014500
2016-02-25,46.03284454345703,46.03284454345703,44.71636005129231,45.70593276204582,26939500
2016-02-26,45.32600784301758,46.545304922296594,45.149297584061976,46.474619470527216,35975900
2016-02-29,44.95491409301758,45.63524631989802,44.76053249377532,45.370179277124954,31654000
2016-03-01,46.45694351196289,46.46577750668535,44.99025097345638,45.034431058470496,33024500
2016-03-02,46.783870697021484,46.79270469466184,46.085866917039894,46.30675393320103,29289900
2016-03-03,46.25373840332031,46.801540613169884,45.75011629170927,46.801540613169884,24427800
2016-03-04,45.97098922729492,46.34208104198776,45.688254211560974,46.297904327741946,33034200
2016-03-07,45.08745193481445,45.76778427774388,44.68985804376944,45.55573465191561,38407800
2016-03-08,45.63525390625,46.05935652653479,44.70752584325476,44.88423611099042,33835100
2016-03-09,46.686676025390625,46.69551002230339,45.820799397811214,45.84730475901761,28251600
2016-03-10,45.988670349121094,46.775027489205705,45.20231320903648,46.76619349266824,38387800
2016-03-11,46.8898811340332,46.8898811340332,46.28023436985231,46.82803305812213,32275700
2016-03-14,46.978240966796875,47.34933284329835,46.50112765482043,46.571809735293016,24083600
2016-03-15,47.34933090209961,47.34933090209961,46.59831655422046,46.607150549991935,21104800
2016-03-16,48.02083969116211,48.241726724461785,47.181471660998255,47.22564839356446,31691700
2016-03-17,48.29473114013672,48.59513757999541,47.71158962399549,47.89713388584316,28223900
2016-03-18,47.260982513427734,48.568633107756845,47.22563978562932,48.524453012774806,67625500
2016-03-21,47.587890625,47.64973870861176,46.76619080505206,47.048925864553745,23925700
2016-03-22,47.7734375,47.93247640101407,47.23447270994875,47.36700625094979,23124100
2016-03-23,47.68507766723633,47.92363598681093,47.481862069924816,47.80877382468964,20129000
2016-03-24,47.897132873535156,48.003161052751175,47.47303026807478,47.57022108045551,19950000
2016-03-28,47.30516815185547,47.96782925583768,47.11962385165293,47.897143786921276,17025100
2016-03-29,48.33891677856445,48.47145034459363,47.22564763170003,47.411191927766,23924300
2016-03-30,48.63931655883789,49.160610011866055,48.506786381573995,48.53329174293315,23008300
2016-03-31,48.7983512878418,49.11642907877748,48.47143950069917,48.55095894843309,26360500
2016-04-01,49.098758697509766,49.13410142397984,48.21521075856524,48.63931336480246,24399200
2016-04-04,48.97506332397461,49.17827894878957,48.59513743439554,48.97506332397461,18928800
2016-04-05,48.20637893676758,48.86020255361843,48.11802211660662,48.763011736675395,19272300
2016-04-06,48.7011604309082,48.77184588236794,47.897131958126735,48.029665494379834,21188700
2016-04-07,48.11802291870117,48.515620189883045,47.914807284645576,48.48027746122952,19225100
2016-04-08,48.082679748535156,48.842531555268145,47.99432629818075,48.30356674488925,22167200
2016-04-11,47.9854850769043,48.727665407734236,47.97664771091851,48.14452395997268,21414200
2016-04-12,48.2859001159668,48.40075893058033,47.49953955552698,48.03850438113941,24944300
2016-04-13,48.90438461303711,48.98390407462207,48.497953307366636,48.70116896020187,20818000
2016-04-14,48.91321563720703,49.107597267085275,48.656985919725344,48.78951946200014,20877100
2016-04-15,49.1694450378418,49.408000019650416,48.692328333288636,48.86020123134936,28793800
2016-04-18,49.8851203918457,49.99998257815737,48.7806853670326,49.02808110450913,23786000
2016-04-19,49.82326126098633,50.159010377870246,49.19594311479681,50.03531422177288,29596800
2016-04-20,49.116432189941406,49.92046071441683,49.028078740404,49.73491644810744,36195700
2016-04-21,49.284305572509766,49.68190284023868,48.96622775832664,49.30197693668306,38909100
2016-04-22,45.75010681152344,46.32441426493541,44.85772496179503,45.864968976299345,126834100
2016-04-25,46.04168701171875,46.05935837624879,45.61758437440227,45.750114552675335,33226900
2016-04-26,45.449703216552734,46.253731678764126,45.140462796651356,46.17421223215123,33532600
2016-04-27,45.007930755615234,45.50271881434353,44.663347599014486,45.48504745112453,43369300
2016-04-28,44.08903884887695,44.85772453090957,43.78863244651848,44.72519100586677,43134800
2016-04-29,44.06254577636719,44.39829502075288,43.60310032891011,43.60310032891011,48411700
2016-05-02,44.71636199951172,44.84005817243668,43.98301558793101,44.177397214223326,33114500
2016-05-03,43.98301315307617,44.5396492708916,43.82397426227177,44.47780118785297,26460200
2016-05-04,44.06254577636719,44.23042208379441,43.700291165742975,44.03604041012868,24257600
2016-05-05,44.124385833740234,44.442463652489685,43.9388415629591,44.06253774347986,25390700
2016-05-06,44.5219841003418,44.5219841003418,43.87699445147549,44.10671545321448,24787300
2016-05-09,44.2392463684082,44.69869171498108,44.17739828045301,44.61033826660738,17951600
2016-05-10,45.0786247253418,45.14930682110409,44.345278180305314,44.468977746209276,22891000
2016-05-11,45.10512161254883,45.75011120357258,45.06094488969173,45.17580706549451,24039100
2016-05-12,45.511566162109375,45.776633317687256,44.9902725908585,45.23766837803327,24102800
2016-05-13,45.13164138793945,45.85615060560606,45.096298652817,45.449715892635325,22592300
2016-05-16,45.7943000793457,45.90915890670824,44.84006650438318,44.88424323571251,20032000
2016-05-17,44.940147399902344,46.025616346811525,44.806690273112515,46.01672056264235,27803500
2016-05-18,45.207088470458984,45.50069699471279,44.75332521382555,44.91347655216164,24907500
2016-05-19,44.77110290527344,45.03802056813906,44.32623900248333,44.90456343372736,23842400
2016-05-20,45.038021087646484,45.57185981357771,44.84228327610974,44.91345973647521,23905800
2016-05-23,44.5130729675293,45.091397294061686,44.46858726411333,45.020217453362854,26118700
2016-05-24,45.901058197021484,46.007824584688315,44.8422833170566,45.10920098324481,34757900
2016-05-25,46.372615814208984,46.701817571098395,46.07900738087051,46.19466956070923,24040200
2016-05-26,46.167964935302734,46.24804055560961,45.696410390185264,46.203554854115005,24335200
2016-05-27,46.55055618286133,46.55055618286133,46.06120659313168,46.194663720853185,17721400
2016-05-31,47.15556716918945,47.15556716918945,46.33701933048696,46.4971671908073,37653100
2016-06-01,47.02210998535156,47.111084796314074,46.657321745510274,46.657321745510274,25324800
2016-06-02,46.69292449951172,46.924255677534134,46.12349912906107,46.835280842124384,22840800
2016-06-03,46.07900619506836,46.63953229721058,45.909955731274835,46.6039457626604,23368300
2016-06-06,46.38150405883789,46.57724183690281,46.16796792617235,46.25694272896703,18243300
2016-06-07,46.35483169555664,46.91536133731869,46.35483169555664,46.47939647798187,20866800
2016-06-08,46.30143356323242,46.65732263171619,46.15017807874422,46.28363860070192,21149400
2016-06-09,45.92774200439453,46.265839473959,45.812079849419696,46.265839473959,20305700
2016-06-10,45.803192138671875,46.31033677296034,45.41171308235664,45.42060886802722,25833200
2016-06-13,44.610958099365234,45.12700193059188,43.650053694865676,44.112712628159066,83217800
2016-06-14,44.33514404296875,44.57536759547938,44.10381288226882,44.39742472607042,42577100
2016-06-15,44.21057891845703,44.593162193810876,44.21057891845703,44.290654566648364,33757600
2016-06-16,44.83338928222656,44.90456914486619,44.05042776340404,44.059326943255314,31188600
2016-06-17,44.60205841064453,44.86897608886964,44.326241553187884,44.85118112444897,45710500
2016-06-20,44.54867172241211,45.224866766982146,44.51308179500479,45.05581630881849,35607900
2016-06-21,45.54515838623047,45.75869452125642,44.62873996858622,44.6643298900975,34097800
2016-06-22,45.36722183227539,45.785391588638944,45.3316319058489,45.44729746971389,28816800
2016-06-23,46.185768127441406,46.319228649756376,45.509576519682675,45.62523868537744,29028800
2016-06-24,44.33514404296875,45.322739186742105,44.05932716491658,44.31734907721932,133503000
2016-06-27,43.089515686035156,43.73012075929459,42.74252240270031,43.685631656063315,50216300
2016-06-28,43.988155364990234,44.01484951552879,43.303064331251335,43.52549635282721,38140700
2016-06-29,44.96685028076172,45.12700157927196,44.30845012088151,44.406320735975854,31304000
2016-06-30,45.527374267578125,45.643039843014066,44.93125821349006,45.12699943437511,28527800
2016-07-01,45.51847839355469,46.0167272302735,45.438402748261346,45.49178764313775,21400400
2016-07-05,45.527374267578125,45.62524487802065,45.14479439936853,45.224870044817635,24806400
2016-07-06,45.71421813964844,45.856574460684925,44.833386069831015,45.1803793902298,28167500
2016-07-07,45.71421813964844,45.91885513901073,45.43840128274669,45.749804674375746,19585200
2016-07-08,46.53274917602539,46.58613404972132,45.86545352801153,46.02560475505815,28391000
2016-07-11,46.79079055786133,47.00432674797526,46.684024159825654,46.710714910823924,22269200
2016-07-12,47.34241485595703,47.51146530811771,46.96873081357648,47.102187945551464,27317600
2016-07-13,47.60932540893555,47.920732125155155,47.31571704717371,47.653814506996675,25356800
2016-07-14,47.81398010253906,48.03641208341532,47.671623770539966,47.90295153727249,24545500
2016-07-15,47.77836990356445,48.04528748858166,47.342401912604736,48.00080179008566,32024400
2016-07-18,48.009708404541016,48.347805898669336,47.644920164101144,47.7783806837429,31433900
2016-07-19,47.23564529418945,47.956325976928454,47.09328899323332,47.78727553613922,53336500
2016-07-20,49.74467849731445,50.5721255785098,49.406581001095205,49.958214651253456,89893300
2016-07-21,49.64680480957031,50.02938799077113,49.6112148871233,49.806956066540046,32776700
2016-07-22,50.3319091796875,50.38529407782135,49.62902329411748,49.895944390743985,32157200
2016-07-25,50.4742546081543,50.483153786275146,50.056081481566295,50.24292688764216,25610600
2016-07-26,50.500946044921875,50.9725040645565,50.278514105447336,50.28741328368986,28079000
2016-07-27,49.99380111694336,50.53653558820982,49.92262466175082,50.36748853734077,32327500
2016-07-28,50.01158905029297,50.153945334712375,49.5756244141517,49.82474706337528,37550400
2016-07-29,50.42978286743164,50.5009593419025,49.86925328203571,50.05609534582004,30558700
2016-08-01,50.34080123901367,50.49205333793416,49.94931882949287,50.35859280849893,26003400
2016-08-02,50.34080123901367,50.62551386736939,50.10057432245561,50.58102476152948,35122000
2016-08-03,50.68779373168945,50.81235508034682,50.26072479598898,50.42977185573223,22075600
2016-08-04,51.06147766113281,51.17714322492591,50.42087256202294,50.536538125816044,26587700
2016-08-05,51.56862258911133,51.7910545396103,51.114862903472,51.29280914267962,29335200
2016-08-08,51.6576042175293,51.68429496901522,51.40847809217091,51.6576042175293,19473500
2016-08-09,51.78215026855469,52.04906788660072,51.621999018918736,51.755456130920926,16920700
2016-08-10,51.62200927734375,51.88892694843218,51.44406303193736,51.74657063091553,15756900
2016-08-11,51.871124267578125,52.004584780288475,51.6308973811246,51.6308973811246,18162300
2016-08-12,51.55081558227539,51.77324748080892,51.26610302367579,51.63089120150912,21655200
2016-08-15,51.71097946166992,52.04907698042159,51.568623147570634,51.61310885934374,19283900
2016-08-16,51.42448425292969,51.58563367981582,51.272289469312646,51.57668245174248,20523500
2016-08-17,51.53192138671875,51.63935320355059,51.23647962143633,51.51401551471413,18856400
2016-08-18,51.56772994995117,51.657259310381264,51.27229159852162,51.40658051637291,14214300
2016-08-19,51.58563995361328,51.6841205503759,51.20962685527911,51.415539277966325,17271000
2016-08-22,51.63041687011719,51.70204038353617,51.26335490183762,51.56774800347412,15221900
2016-08-23,51.82735824584961,52.086988259653815,51.791546502870595,51.83631288919226,18732400
2016-08-24,51.88108444213867,51.9616591695717,51.675172008742344,51.74679209135151,18151500
2016-08-25,52.078041076660156,52.18547632098766,51.72888507058645,51.81841444085937,18552600
2016-08-26,51.95269775390625,52.55253251666553,51.64830475829615,52.17651603258439,20971200
2016-08-29,52.0153694152832,52.463005996878394,52.0153694152832,52.086992907632556,16417200
2016-08-30,51.82735824584961,52.09593948780068,51.576682875388045,51.90793295995451,16930200
2016-08-31,51.442413330078125,51.74680644982048,51.29916970991685,51.612517476967774,20860300
2016-09-01,51.558773040771484,51.764685424279456,51.03951305307661,51.03951305307661,26075400
2016-09-02,51.63041687011719,52.0959594617493,51.4065985134785,51.63041687011719,18900500
2016-09-06,51.57668685913086,51.74678752862596,51.21857623207206,51.72888165575342,16278400
2016-09-07,51.621456146240234,51.78260560660324,51.39763783075789,51.45135545594438,17493400
2016-09-08,51.415531158447266,51.73783000051993,51.191712897585205,51.59458645017604,20146100
2016-09-09,50.32331085205078,51.496120092372365,50.32331085205078,50.84257099996611,35113900
2016-09-12,51.07533264160156,51.21857620932225,49.78614053211539,50.13529651498481,29303000
2016-09-13,50.60978698730469,50.71722221768775,50.18005631135991,50.58292988730683,30130200
2016-09-14,50.368064880371094,50.6993183979992,50.162152469929715,50.48445134373221,24062500
2016-09-15,51.20066833496094,51.34391189708206,50.11738868297022,50.26958688877161,26847000
2016-09-16,51.2544059753418,51.59461084898794,50.8067692419327,51.59461084898794,44607000
2016-09-19,50.967899322509766,51.70202301241408,50.89627583315522,51.27229232187467,20937100
2016-09-20,50.86048126220703,51.343926285345624,50.80676363065969,51.343926285345624,17384000
2016-09-21,51.71097946166992,51.79155418773054,51.10219681667401,51.487161157634446,33707300
2016-09-22,51.76470184326172,51.92585131019875,51.594601146026676,51.85422780702825,19822200
2016-09-23,51.415531158447266,51.845261809478934,51.37076818931398,51.80945006809406,19955300
2016-09-26,50.94105529785156,51.15591899067746,50.87838643617761,51.1022047750694,21688700
2016-09-27,51.88108444213867,51.97956504402308,50.74408702844874,50.967905336296454,28065100
2016-09-28,51.95269775390625,51.979558269680844,51.63039888617839,51.81840883581691,20536400
2016-09-29,51.38868713378906,52.07804454725128,51.218583026532556,51.755749038379136,25463500
2016-09-30,51.56772994995117,51.719928155084375,51.33496044322474,51.5408728494201,29910800
2016-10-03,51.406585693359375,51.522972166041434,51.08429020894143,51.39763446401286,19189500
2016-10-04,51.24543762207031,51.56773309367907,51.003713456966665,51.272294724238684,20085900
2016-10-05,51.603546142578125,51.89003329025908,51.26334137400842,51.29020189205089,16726400
2016-10-06,51.69306564331055,51.80049744938477,51.281237458834205,51.69306564331055,16212600
2016-10-07,51.746788024902344,51.9079374671047,51.406583267453364,51.79155099991498,20089000
2016-10-10,51.9616584777832,52.27500273851977,51.80946025457094,51.84527200299692,18196500
2016-10-11,51.20066833496094,51.94374666141144,50.93208708288333,51.82736019993931,26497400
2016-10-12,51.12904739379883,51.272290953489,50.493404311123456,51.12904739379883,22177500
2016-10-13,50.95895004272461,51.29915482257703,50.42178747680715,50.76199225665957,25313700
2016-10-14,51.406585693359375,51.69307626039127,51.13800441541297,51.13800441541297,27402500
2016-10-17,51.2275276184082,51.44239124882289,50.91417998585938,51.352865305349404,23830000
2016-10-18,51.621456146240234,51.881086211846906,51.39763783075789,51.50506966593441,19149500
2016-10-19,51.50505447387695,51.78259033268313,51.388671443096214,51.451340279730594,22878400
2016-10-20,51.2544059753418,51.49613022120638,50.72619449331117,51.478224342046346,49455600
2016-10-21,53.4119987487793,54.11926539342565,53.25980394471921,53.96706717416935,80032200
2016-10-24,54.61166763305664,54.61166763305664,53.65372553959415,53.6626767693066,54067000
2016-10-25,54.60271453857422,54.94291589917115,54.43261044307949,54.47737342050579,35137200
2016-10-26,54.28041458129883,54.790720027467515,54.13717100720229,54.44156402905696,29911600
2016-10-27,53.80592727661133,54.45947983122186,53.79697604574673,54.26251860023256,28479900
2016-10-28,53.60000991821289,54.18193891195818,53.340383264495564,53.72534763004812,33574700
2016-10-31,53.64476776123047,54.09240435502657,53.64476776123047,53.859634828938916,26434700
2016-11-01,53.53733444213867,53.73429563077966,53.04493488573227,53.68953265568746,24533000
2016-11-02,53.20608901977539,53.65372564056085,53.08970254211618,53.555245037556624,22147000
2016-11-03,53.00911331176758,53.39408097354103,52.91958737818115,53.29560039747869,21600400
2016-11-04,52.56147003173828,53.07177530076913,52.391369413793,52.50775584459504,28697000
2016-11-07,54.09241485595703,54.181944241214254,53.51944045109821,53.51944045109821,31664800
2016-11-08,54.137168884277344,54.414701377158416,53.85068174731852,54.208788960919016,22935400
2016-11-09,53.86857986450195,54.24459633595959,53.00016729471805,53.71638507940428,49632500
2016-11-10,52.55253219604492,54.155071881250365,51.59459024236253,54.14611723764817,57822400
2016-11-11,52.83903503417969,52.928561005654906,51.93480701237428,52.13176824785603,38767800
2016-11-14,52.03327178955078,52.89273656397047,51.281242246430956,52.839018948320536,41328400
2016-11-15,53.06078338623047,53.61960506165331,52.56505736432195,52.57407250265308,35904100
2016-11-16,53.763816833496094,53.77282853364367,53.00670680518787,53.12387609844579,27332500
2016-11-17,54.65610885620117,54.935519624253686,54.052225392746166,54.44880542374944,32132700
2016-11-18,54.39473342895508,55.106778007169396,54.34966805629023,54.78230182275439,27686300
2016-11-21,54.85441207885742,54.95355796693886,54.45782852653165,54.52993587723369,19652600
2016-11-22,55.08875274658203,55.21493716896087,54.80934536510536,54.96256832420319,23206700
2016-11-23,54.4398078918457,55.07073005119127,54.30460832154714,54.98961099666571,21848900
2016-11-25,54.556976318359375,54.556976318359375,54.196449867071905,54.349672835258815,8409600
2016-11-28,54.62907791137695,54.998619461985406,54.26854805983663,54.38572077732736,20732600
2016-11-29,55.06172180175781,55.35014436075354,54.547968903654926,54.66514164270572,22366700
2016-11-30,54.313621520996094,55.14283892773261,54.27757128108685,54.85441637885069,34655400
2016-12-01,53.358219146728516,54.21447502924898,53.12387369428238,54.17842135375454,34542100
2016-12-02,53.403282165527344,53.60157393372936,52.99768692978122,53.25005920883858,25515700
2016-12-05,54.27756118774414,54.611049053198904,53.682689361512814,53.808873773400165,23552700
2016-12-06,54.03420639038086,54.493878687524656,53.899006835667535,54.466840151888995,19907000
2016-12-07,55.3140869140625,55.32310205244294,53.89901275590672,54.08828940268141,30809000
2016-12-08,54.98959732055664,55.503353496957445,54.83637438804207,55.2509812577172,21220800
2016-12-09,55.8548698425293,55.87289667717793,55.09775997862265,55.14282534611064,27349400
2016-12-12,56.03512954711914,56.15230224951018,55.62953781423801,55.71966854637447,20198100
2016-12-13,56.76521301269531,57.1617931326059,56.098237200197154,56.33257921690164,35718900
2016-12-14,56.49481964111328,57.188837458170326,56.359620070131136,56.78324218349181,30352700
2016-12-15,56.404693603515625,56.918446514988105,56.1523212791257,56.51285120638662,27669900
2016-12-16,56.15230941772461,56.73816956620168,55.99007132855458,56.73816956620168,42453100
2016-12-19,57.34206008911133,57.47725965929076,56.26047384247958,56.38666171250539,34338200
2016-12-20,57.269954681396484,57.504296700233425,56.810278905373686,57.40515080978663,26028400
2016-12-21,57.269954681396484,57.41416594797332,56.891397957714894,57.17080879094969,17096300
2016-12-22,57.278968811035156,57.77469484602954,57.15278437721127,57.54035281725203,22176600
2016-12-23,56.99954605102539,57.26994168471064,56.602962579237804,57.18882265077836,12403800
2016-12-27,57.035606384277344,57.747650981787324,56.972514173183306,56.972514173183306,11763200
2016-12-28,56.774227142333984,57.14376871790208,56.63001587963102,57.14376871790208,14653300
2016-12-29,56.693115234375,56.96351095622408,56.539888814424025,56.65706155459028,10250600
2016-12-30,56.00810241699219,56.77422754918437,55.90895652849821,56.74718557342472,25579900
2017-01-03,56.404693603515625,56.63903564944748,55.99909829491414,56.593970268106915,20694100
2017-01-04,56.15230941772461,56.557904640649696,55.99007132855458,56.31454750689465,21340000
2017-01-05,56.15230941772461,56.47678559606468,55.90895228396956,56.053163536757644,24876000
2017-01-06,56.63903045654297,56.918441296466035,55.91797410639881,56.15231613084521,19922900
2017-01-09,56.45875549316406,56.85533899408689,56.36862475473648,56.56691306693062,20382700
2017-01-10,56.44074249267578,56.84633779155467,56.13429309333041,56.5398883922093,18593000
2017-01-11,56.95449447631836,56.990548155254295,56.26949176787585,56.43172988481951,21517300
2017-01-12,56.431732177734375,57.14377689344443,55.836860204193016,56.837327486573535,20968200
2017-01-13,56.512840270996094,56.66606322555859,56.19737578611898,56.4407329241896,19422300
2017-01-17,56.359622955322266,56.51284937283061,55.90896228000188,56.49482253322562,20664000
2017-01-18,56.33257293701172,56.512837858063634,55.990069930839816,56.48579588503204,19670100
2017-01-19,56.15230941772461,56.76520810164086,56.06217867408236,56.09823234684625,18451700
2017-01-20,56.548885345458984,56.62098924303368,56.21539407459163,56.48578970746399,30213500
2017-01-23,56.7471809387207,56.89139219067896,56.39566622696416,56.512838943638826,23097600
2017-01-24,57.25193405151367,57.45022585390941,56.729166004567894,56.96351148708434,24672900
2017-01-25,57.396148681640625,57.77470203018454,57.188845166256804,57.63950587924816,23672700
2017-01-26,57.927921295166016,58.17128191538418,57.27897224823417,57.79272859119628,43554600
2017-01-27,59.288909912109375,59.40608607398597,58.48673456072725,58.93739517955026,44818000
2017-01-30,58.70304870605469,59.29792401323809,58.40561792899819,59.20779326635626,31651400
2017-01-31,58.27042007446289,58.72108069858629,57.918905337769466,58.45969671141047,25270500
2017-02-01,57.306007385253906,58.24338232123214,57.206861496489395,58.009036868103706,39671500
2017-02-02,56.936458587646484,57.15277718861343,56.55790533378874,57.00856593405798,45827000
2017-02-03,57.396148681640625,57.41417552275248,56.846342061668224,57.23391054990226,30301800
2017-02-06,57.36008834838867,57.36910348703346,56.9094276876524,57.233903913505394,19796400
2017-02-07,57.170806884765625,57.4862679454257,56.990541947988,57.45021770868433,20277200
2017-02-08,57.089683532714844,57.513305586476946,56.98152595410636,57.296986990992544,18096400
2017-02-09,57.73863983154297,58.081146323880404,57.07166400012463,57.25192894638586,22644400
2017-02-10,57.6845588684082,57.95495798871798,57.66653203116971,57.90988917648792,18170700
2017-02-13,58.333526611328125,58.45971106694607,57.80174336847787,57.90088928025441,22920100
2017-02-14,58.55113983154297,58.68715904105498,58.05240503607373,58.4060577480947,23108400
2017-02-15,58.51486587524414,58.55113812460486,58.179359675549804,58.48766341777964,17005200
2017-02-16,58.50580596923828,59.15869273160296,58.43326837648414,58.705299915319195,20546300
2017-02-17,58.596473693847656,58.659948393662056,58.30630264923565,58.46045450332441,21248800
2017-02-21,58.47859573364258,58.89571623898895,58.44232348297449,58.587412485646844,20655900
2017-02-22,58.360713958740234,58.38791641618357,58.07961267419351,58.3335115012969,19292700
2017-02-23,58.596473693847656,58.69622063901648,58.20655570406683,58.41511246707552,20273100
2017-02-24,58.596473693847656,58.75969533883088,58.16121366781794,58.51485941224434,21796800
2017-02-27,58.242835998535156,58.52393729110069,58.079614330994836,58.52393729110069,15871500
2017-02-28,58.016143798828125,58.21563428387852,57.81664985466508,58.106824436680704,23239800
2017-03-01,58.886653900146484,58.93198902522527,58.05240596364774,58.15215292433537,26937500
2017-03-02,58.0433464050293,58.714365791254956,57.92546331210927,58.65996087076298,24539600
2017-03-03,58.26097869873047,58.288181161634796,57.68970276395009,58.02521594896312,18135900
2017-03-06,58.27910614013672,58.542074788332194,57.86198906293997,58.00707461726981,18750300
2017-03-07,58.39699172973633,58.741567753639906,58.20656759140344,58.20656759140344,18521000
2017-03-08,58.93199157714844,59.01360587498358,58.260972200194665,58.27004199289297,21510900
2017-03-09,58.69622802734375,59.12241139790099,58.469531654010964,59.11334852408916,19846800
2017-03-10,58.87759017944336,59.1768310923647,58.71436849223401,59.04081186665271,19538200
2017-03-13,58.67808532714844,59.113345384851414,58.551135918281716,58.950123727990785,20100000
2017-03-14,58.406063079833984,58.53301250877425,58.17029688970564,58.51487292279706,14280200
2017-03-15,58.714359283447266,58.86851115323851,58.26096654766775,58.5330049564251,24833800
2017-03-16,58.6146125793457,58.723429326959874,58.306308838441794,58.71435953510265,20674300
2017-03-17,58.823177337646484,59.15868354191484,58.650885880390234,58.859449587501715,49219700
2017-03-20,58.87759017944336,59.10428658288828,58.68716603073665,58.859457511186854,14598100
2017-03-21,58.22469711303711,59.39445125807779,58.152152611432,59.11334996213856,26640500
2017-03-22,58.968257904052734,59.068004859036215,58.14308672527244,58.14308672527244,20680000
2017-03-23,58.823177337646484,59.15868354191484,58.73249325389629,58.886652045337065,19269200
2017-03-24,58.92292022705078,59.34910356742062,58.72342632573259,59.26749619954889,22617100
2017-03-27,59.03173065185547,59.14054739501606,58.35164157310547,58.60554038892298,18614700
2017-03-28,59.204044342041016,59.367266058992676,58.62370199692988,58.90480337459189,20080400
2017-03-29,59.36725616455078,59.394458626471284,58.89572376384438,59.049882578436076,13618400
2017-03-30,59.58485794067383,59.829693832351104,59.267484486853675,59.32188938801644,15122800
2017-03-31,59.72089767456055,60.020138570433495,59.34911227334419,59.53047353670271,21040300
2017-04-03,59.43980026245117,59.793446101412876,59.1133568852211,59.67555954294213,20400900
2017-04-04,59.602996826171875,59.675534387470506,59.19493931753317,59.29468624731892,12997400
2017-04-05,59.448856353759766,60.165217743257216,59.340046519249675,60.11988261828617,21448600
2017-04-06,59.602996826171875,59.90223069730678,59.3763005163356,59.485110317394714,18103500
2017-04-07,59.55767059326172,59.81156942070379,59.34004401520055,59.71182246446238,14108500
2017-04-10,59.42165756225586,59.68462620892476,59.267505675036986,59.49420206855588,17952700
2017-04-11,59.376319885253906,59.49419951426178,58.80504057044938,59.485129721807446,18791500
2017-04-12,59.149620056152344,59.40351888428779,59.0408033077125,59.321904593401854,17108500
2017-04-13,58.89572525024414,59.72090351319339,58.89572525024414,59.20403596898331,17896500
2017-04-17,59.376319885253906,59.38538275948363,58.950129576820245,58.97733203595863,16689300
2017-04-18,59.294700622558594,59.58487169276839,59.08614384115182,59.24029570883927,15155600
2017-04-19,58.97734069824219,59.62115769256801,58.84132146434786,59.53048050938033,26992800
2017-04-20,59.39445114135742,59.621147519759546,59.0680078030004,59.35817889062615,22299500
2017-04-21,60.21056365966797,60.48259518166686,59.3491132111092,59.54860714484333,32522600
2017-04-24,61.23522186279297,61.353108401904095,60.84530383281397,61.18988674009372,29770000
2017-04-25,61.588871002197266,61.69768775541281,61.298699911846995,61.57073833577359,30242700
2017-04-26,61.50727081298828,61.94252404026014,61.31684666127868,61.73396722000809,26190800
2017-04-27,61.906253814697266,62.00600079051445,61.28057641520145,61.79744396342436,34971000
2017-04-28,62.07854461669922,62.695159133917315,61.38032271192931,62.486602309134625,39548800
2017-05-01,62.93998336791992,63.0669327814207,62.1148052619407,62.27802692475944,31954400
2017-05-02,62.840248107910156,63.212026625723745,62.686089290060174,63.212026625723745,23906100
2017-05-03,62.6407356262207,62.91276708891946,62.305222545513146,62.91276708891946,28928000
2017-05-04,62.395904541015625,62.64074048648697,62.24175267503675,62.59539844674074,21749400
2017-05-05,62.568206787109375,62.59540924836166,62.10574419114509,62.47752961019337,19128800
2017-05-08,62.513790130615234,62.61353708196763,62.042257829999556,62.540992586761554,18566100
2017-05-09,62.6044807434082,62.82210735756776,62.27803736305621,62.44125905323221,22858400
2017-05-10,62.84931945800781,63.07601590033879,62.4956735614296,62.55914828855321,17977800
2017-05-11,62.07854461669922,62.323380615805554,61.7702408172029,61.9878674355665,28789400
2017-05-12,62.00599670410156,62.21456043567211,61.69769292151258,62.21456043567211,18714100
2017-05-15,62.05133056640625,62.09667260761793,61.27149450148956,61.78836194747163,31530300
2017-05-16,63.30075454711914,63.32811292868946,62.16077559582723,62.22461413878441,34956000
2017-05-17,61.540611267089844,63.01801916279019,61.49500933737269,62.826503582157834,30548800
2017-05-18,61.75037384033203,62.13340506607865,61.230543760281975,61.46766131054935,25201300
2017-05-19,61.73215103149414,62.106060561720184,61.495033428253045,61.55887198013946,26961100
2017-05-22,62.42524337768555,62.470845318003654,61.558862174675134,61.91453504394292,16237600
2017-05-23,62.635009765625,62.698848314684746,62.36141200800891,62.67148993049914,15425800
2017-05-24,62.7170524597168,62.81737112173196,62.425218249638974,62.8082563036407,14593900
2017-05-25,63.492271423339844,63.729382040193634,62.84476420123084,62.89948096544641,21854100
2017-05-26,63.80233383178711,64.03945137480943,63.40105906019219,63.65642016076622,19827900
2017-05-30,64.21273803710938,64.21273803710938,63.629062409808796,63.64730596953536,17072800
2017-05-31,63.692909240722656,64.51369558823305,63.66555085545235,64.32217993346067,30436400
2017-06-01,63.93000793457031,64.39512122024176,63.33721758347976,64.05768499998942,21603600
2017-06-02,65.44390869140625,65.53510560911589,64.05769049385609,64.24009128715417,34770300
2017-06-05,65.91815185546875,66.47446222547667,65.48951859091703,65.63543925879864,33316800
2017-06-06,66.13700866699219,66.22821253959465,65.90901290124323,65.93637823775111,31511100
2017-06-07,66.01844024658203,66.36499123677622,65.61716555213187,66.24643596699649,22301800
2017-06-08,65.61719512939453,66.13702532794036,65.20680543081427,66.12791050468682,24588300
2017-06-09,64.13064575195312,65.73573781695757,62.552912064315414,65.69925766117585,49187400
2017-06-12,63.638187408447266,63.78410806212282,62.13341371734683,63.15483741943652,47761700
2017-06-13,64.43159484863281,64.58663027552494,63.802324405758576,63.857041154572855,25258600
2017-06-14,64.08504486083984,64.84199245040497,63.31898245058963,64.66872040496936,25510700
2017-06-15,63.74762725830078,64.0303398246074,62.74444712693827,63.173073387574874,26068700
2017-06-16,63.83882141113281,63.866179792762594,63.127475657240886,63.59258901858536,48345100
2017-06-19,64.63224792480469,64.69608646657414,64.15801279347792,64.2948116566637,23798300
2017-06-20,63.75674819946289,64.63225122755973,63.72026803689057,64.58664928487444,21512200
2017-06-21,64.08504486083984,64.40424448965582,63.7840957470292,64.0303281052158,19891100
2017-06-22,64.07593536376953,64.3768845025839,63.57434186928063,64.33128952173517,22965700
2017-06-23,64.94232177734375,64.97880193969404,63.765862633595326,63.92089810517439,27617300
2017-06-26,64.32217407226562,65.39831452807863,64.24009892393362,65.11560196220663,19607000
2017-06-27,63.118350982666016,64.00297572348168,63.09099260229094,63.93913718331349,25215100
2017-06-28,63.65643310546875,63.69290631223198,62.73532808239789,63.118359374331526,25806200
2017-06-29,62.461708068847656,63.37369098631084,62.09691351028689,63.27337230875969,28918700
2017-06-30,62.86299514770508,63.27338475815901,62.689716132772645,62.72619629159415,24161100
2017-07-03,62.16990280151367,63.474039259880385,62.033103908533526,63.2278068188207,16165500
2017-07-05,62.999786376953125,63.3281008087215,62.21548045193734,62.25196060634249,21176300
2017-07-06,62.53469467163086,62.72621032989636,62.12430496933055,62.26109689817705,21117600
2017-07-07,63.34635925292969,63.69291040247501,62.653249995958625,62.653249995958625,16878300
2017-07-10,63.82059860229492,64.06683104805832,63.10924573678553,63.34636335862199,15014500
2017-07-11,63.8297119140625,64.45898264415577,63.61083786102685,63.83883369565419,17460000
2017-07-12,64.88761138916016,65.00616671003918,64.3404228158936,64.46809991772646,17750900
2017-07-13,65.45303344726562,65.69927281612307,65.0335219958239,65.20680103628804,20269800
2017-07-14,66.37413787841797,66.82100770962798,65.62631191362823,65.88166610289109,25868100
2017-07-17,66.89398193359375,66.98517888329243,66.31943488839887,66.39239523131033,21803900
2017-07-18,66.84834289550781,66.93041800879811,66.26467445252118,66.65682038207709,26435300
2017-07-19,67.35909271240234,67.52324999840833,66.98517618843498,67.03077814039035,22416200
2017-07-20,67.68739318847656,67.76035351325875,66.83012676698472,67.65091302608548,42361000
2017-07-21,67.29524230957031,67.75123391733983,66.7298102110994,66.98516439818957,46717100
2017-07-24,67.12196350097656,67.25876237534983,66.69333027495085,67.05812495398634,21394800
2017-07-25,67.6600341796875,67.769467707968,67.03076356055676,67.30436129701695,22018700
2017-07-26,67.53235626220703,67.8333054191625,67.31347529257475,67.79682525755712,16252200
2017-07-27,66.720703125,67.8697971001452,65.95463351702263,67.26789172619495,36844200
2017-07-28,66.61125183105469,66.8574842264463,66.15526024427957,66.2738155520045,18306700
2017-07-31,66.3011703491211,66.97604287073187,66.03670136602497,66.84836578996854,23600100
2017-08-01,66.19176483154297,66.95782764022734,66.10968269753707,66.66599319531682,22132300
2017-08-02,65.8998794555664,66.17347012241542,65.15205383357652,66.16435530403409,26499200
2017-08-03,65.79959106445312,66.064067034605,65.5259933138464,65.83607122839268,18214400
2017-08-04,66.28292846679688,66.6112429219942,65.88165369758269,66.0275743256164,22579000
2017-08-07,66.02758026123047,66.48357182800986,65.89990317916258,66.3923749062298,18705700
2017-08-08,66.38327026367188,66.69334126934537,65.43480672497736,65.74487773065086,22044600
2017-08-09,66.09141540527344,66.12789556368627,65.70838417875693,65.89077801294228,22213400
2017-08-10,65.12472534179688,65.83607114299586,65.07000161701862,65.57159517318703,24734500
2017-08-11,66.1187744140625,66.30116824998424,65.0061539244549,65.30711001581673,21443700
2017-08-14,67.11284637451172,67.2314086542008,66.52917763073246,66.6294963483708,20096600
2017-08-15,67.13116455078125,67.47039157455623,66.96613273017908,67.47039157455623,19181400
2017-08-16,67.52543640136719,67.93801263598763,67.08534902214734,67.2412105334527,18150400
2017-08-17,66.37935638427734,67.72711512540799,66.37935638427734,67.46123012930512,22977500
2017-08-18,66.46187591552734,66.78276922278575,65.94844662391388,66.26016955240792,18761500
2017-08-21,66.15017700195312,66.45273665647241,65.73759374716718,66.44356627437885,17734800
2017-08-22,67.07616424560547,67.1495062896277,66.33351746717955,66.33351746717955,14343700
2017-08-23,66.67274475097656,67.06698705169953,66.49854254985868,66.89278485058165,13766500
2017-08-24,66.64525604248047,66.80111752432931,66.07681140903438,66.69109395157999,17098300
2017-08-25,66.7644271850586,67.25035227510018,66.4527042952012,66.80110170062098,12794300
2017-08-28,66.77361297607422,67.01198688983081,66.51689830282852,66.98448274554737,14569700
2017-08-29,66.97531127929688,67.07616445946702,66.05846927407693,66.24183487714117,11478400
2017-08-30,67.85548400878906,68.0388496260238,66.77361007922428,66.93864193271551,16897800
2017-08-31,68.55227661132812,68.72647883822252,67.66294570363752,67.87381545676787,27652800
2017-09-01,67.79129791259766,68.52476729609032,67.51624252194469,68.49726315601485,21736200
2017-09-05,67.4887466430664,67.74546130846035,66.91113864593002,67.24119536218652,21556000
2017-09-06,67.29622650146484,67.88300501633171,67.25038158829176,67.60794952719651,16535800
2017-09-07,68.15803527832031,68.39641617214076,67.4795741135465,67.552923157022,17471200
2017-09-08,67.8280029296875,68.24974958869655,67.69963856003471,68.14889636643869,14703800
2017-09-11,68.5431137084961,68.70814555751538,68.13053058847302,68.13053058847302,17910400
2017-09-12,68.46975708007812,68.98318633350159,68.18553831406855,68.54310611483832,14394900
2017-09-13,68.95568084716797,68.97402160297422,68.35056880958948,68.69896622547111,13380800
2017-09-14,68.55227661132812,69.2124040027704,68.3230661001301,68.76315335940818,15733900
2017-09-15,69.04737854003906,69.12072758919328,67.91049625795002,68.60729823501441,38578400
2017-09-18,68.90985870361328,69.65249859974604,68.79983512846566,68.97403737371178,23307000
2017-09-19,69.16657257080078,69.41411686828447,68.77233017484504,68.95569580298478,16093300
2017-09-20,68.70812225341797,69.26739627457195,68.13050748028827,69.08402372955167,21587900
2017-09-21,68.03886413574219,68.9832105562938,67.94718130757288,68.86402357916883,19186100
2017-09-22,68.22222900390625,68.31391182161595,67.70879263382089,67.83714997760457,14111400
2017-09-25,67.1678695678711,68.07554149589657,66.85613954519513,67.92884336876631,24149200
2017-09-26,67.1678695678711,67.67212864124004,66.92031822707669,67.5437712774769,18019600
2017-09-27,67.70878601074219,68.00217519568507,67.08533311836982,67.43373758451757,19565100
2017-09-28,67.72712707519531,67.81880988435073,67.21369075301504,67.42456750952746,10883800
2017-09-29,68.29557037353516,68.34141527940376,67.73629609770077,67.79131138373322,17079100
2017-10-02,68.40557861328125,68.77231679315128,68.12135984648273,68.49726140951151,15304800
2017-10-03,68.08468627929688,68.6531238208279,68.02050762154502,68.46058784757231,12190400
2017-10-04,68.47892761230469,68.50643175166444,67.58041942184214,67.92881684531388,13317700
2017-10-05,69.6524887084961,69.7900164091629,68.72647631861899,68.9648572001115,21195300
2017-10-06,69.67998504638672,69.70748918445008,69.25823860786821,69.37742553779236,13959800
2017-10-09,69.94589233398438,70.18427326476348,69.55164990786737,69.65250310954504,11386500
2017-10-10,69.94589233398438,70.25761532466016,69.80836460488294,69.98256686140815,13944500
2017-10-11,70.06505584716797,70.10173036231471,69.63413903787938,70.01004757192212,15388900
2017-10-12,70.70685577392578,70.86271723120484,70.01922429127785,70.12924085173405,16876500
2017-10-13,71.04608917236328,71.39449363144836,70.8627235585973,71.13777197924627,15335700
2017-10-16,71.19279479980469,71.33948590736448,70.9177393550731,70.98191802618373,12380100
2017-10-17,71.13776397705078,71.1652751114758,70.82604106972396,71.02774741914673,16824000
2017-10-18,71.15608215332031,71.37612219425195,70.93604211238868,71.21109041481652,13300700
2017-10-19,71.43118286132812,71.44951662849985,70.91774644615391,71.11945285979901,15092800
2017-10-20,72.25630950927734,72.40300757411865,71.71537613380973,71.80705892686116,22866400
2017-10-23,72.2746810913086,72.74226563378879,72.21050240930434,72.42137222376756,20627200
2017-10-24,72.30216979980469,72.61389276154979,71.9354315545544,72.33884432382474,17517200
2017-10-25,72.09127807617188,72.52219490030258,71.52284055918989,72.04544017687104,20410800
2017-10-26,72.21049499511719,72.81560722117729,72.20132461435766,72.61390081417359,32120700
2017-10-27,76.84053039550781,79.03178234748565,76.65716478247735,77.35396670290265,71066700
2017-10-30,76.91388702392578,77.31729980631695,76.19875126965086,76.73968477790224,31756700
2017-10-31,76.26292419433594,77.34479812428006,76.19874552878629,77.34479812428006,27086600
2017-11-01,76.26292419433594,76.79469427743304,75.98786877343746,76.72134523253345,22307400
2017-11-02,77.0605697631836,77.4364713305184,76.20790645807166,76.41877619232193,23992900
2017-11-03,77.14309692382812,77.50983517798068,76.46463570036369,77.08808863393789,17633500
2017-11-06,77.44564819335938,77.65651794526605,77.08808035756142,77.19809692553024,19860900
2017-11-07,77.26228332519531,77.83989834466999,76.95056035813624,77.72070439083535,17939700
2017-11-08,77.52816772460938,77.5740126287644,76.85887689162797,77.14309571152828,18034200
2017-11-09,77.09725189208984,77.26228375643942,76.00621450634307,77.11559265199001,21178400
2017-11-10,76.89554595947266,77.10641571574178,76.30876760166758,76.82219691600957,19397800
2017-11-13,76.9505615234375,76.95973190347527,76.51964459601821,76.70301722202133,14196900
2017-11-14,77.0605697631836,77.10640766434932,76.07954914288914,76.55630388571721,18801300
2017-11-15,76.46161651611328,77.11584254078846,76.19439624743008,76.91312323143725,19383100
2017-11-16,76.66436004638672,76.86707943837325,76.42478897411189,76.57221678550562,20962800
2017-11-17,75.9272232055664,76.59066607425903,75.77978833248729,76.59066607425903,22079000
2017-11-20,76.04695892333984,76.1022434494681,75.78895509463851,75.92717344003624,16315000
2017-11-21,77.14350891113281,77.25407800163777,76.24048816822518,76.24048816822518,21237500
2017-11-22,76.5814208984375,77.3093644934062,76.51691992319111,77.24486351815982,20553100
2017-11-24,76.71964263916016,76.87628686731495,76.27734519663441,76.48928099890452,7425600
2017-11-27,77.28172302246094,77.38308270319419,76.75649878142455,76.76570818507004,18265200
2017-11-28,78.21240234375,78.37826304999359,77.41995752837298,77.46603268069444,21926000
2017-11-29,76.79335021972656,78.24923742024984,76.64592243098245,78.0557344931037,27381100
2017-11-30,77.55813598632812,77.88064079613464,76.7933338444458,76.9499850635612,33054600
2017-12-01,77.64108276367188,78.14787411217324,76.68277757604321,77.03292470937572,29532100
2017-12-04,74.71088409423828,77.79772847094962,74.36072992411127,77.78851203750446,39094900
2017-12-05,75.1808090209961,76.18518926091205,74.61873318003688,74.95044741909808,26152300
2017-12-06,76.27735137939453,76.6090727306571,75.03339982719983,75.143975954314,26162100
2017-12-07,76.0101547241211,76.29580805076057,75.5586477001893,76.05622988231259,23184500
2017-12-08,77.54894256591797,77.93594841743975,76.78414026642561,77.06057000462157,24489100
2017-12-11,78.534912109375,78.66391409609746,77.51210562173192,77.6687498870262,22857900
2017-12-12,78.8573989868164,79.2904799986449,78.39667570275707,78.60860447657988,23924100
2017-12-13,78.64545440673828,79.24439601519443,78.47959376178241,79.00481796579625,22062700
2017-12-14,78.03731536865234,79.12462264572814,77.88988053714661,78.71918388916708,19306000
2017-12-15,80.02765655517578,80.2488018280965,78.21240515766789,78.56255945571397,53936700
2017-12-18,79.59455108642578,80.62657376140027,79.45633972689826,80.27642660046502,22283800
2017-12-19,79.0877456665039,79.5668946980421,78.57173090552652,79.5668946980421,23524800
2017-12-20,78.80210876464844,79.52084300538237,78.05573928128878,79.42869272292552,23674900
2017-12-21,78.78369140625,79.33655801010237,78.69154814395465,79.29048989399483,17990700
2017-12-22,78.79290771484375,78.90347681738831,78.24925051703866,78.69154801745772,14145800
2017-12-26,78.69156646728516,78.81135203315314,78.35062858431668,78.608632590852,9891200
2017-12-27,78.97718048095703,79.22597497850172,78.52567365403397,78.92189593931556,14678000
2017-12-28,78.98639678955078,79.17989971506863,78.82975256842857,79.15225744429165,10594300
2017-12-29,78.82054138183594,79.29048110656514,78.78368267498664,78.90346819968724,18717400
2018-01-02,79.19833374023438,79.53005508401151,78.78368557555284,79.36419441212294,22483800
2018-01-03,79.56692504882812,79.71435990251153,79.21677781645116,79.29970464908752,26061400
2018-01-04,80.26721954345703,80.77401802119427,79.76963750079143,79.78806334085453,21912000
2018-01-05,81.26236724853516,81.46508659876741,80.56206595593609,80.7740017393822,23407100
2018-01-08,81.34532165527344,81.62175850484583,80.71873755564633,81.27160422470999,22113000
2018-01-09,81.29000091552734,81.75994053859965,80.95827965572077,81.68622314084753,19484300
2018-01-10,80.92144775390625,81.26238555885257,80.54365826795846,80.95830646498804,18652200
2018-01-11,81.1610107421875,81.20707884989791,80.38699201381512,81.20707884989791,17808900
2018-01-12,82.56159973144531,82.72746037207638,81.50193491797337,81.70465425986451,24271500
2018-01-16,81.40979766845703,83.65812940016168,81.0965092298183,83.02232905929264,36599700
2018-01-17,83.0592041015625,83.18820607579859,81.77839376444689,82.08247285946636,25621200
2018-01-18,83.0223159790039,83.5475401252088,82.61688435935241,82.74588628788851,24159700
2018-01-19,82.9301986694336,83.49228168948838,82.61691018223193,83.05920063829075,36875000
2018-01-22,84.4137191772461,84.42293561118677,82.69061159446089,82.93018966636369,23601600
2018-01-23,84.68095397949219,85.04953406917957,84.34923260178161,84.68095397949219,23412800
2018-01-24,84.60721588134766,86.09074528302325,84.38607069360533,85.2798749079156,33277500
2018-01-25,85.0771713256836,85.91568412591765,84.70859125774419,85.20617329495036,26383200
2018-01-26,86.67125701904297,86.67125701904297,85.3075201126209,85.80510207471944,29172200
2018-01-29,86.5422592163086,87.95207132810575,86.35797271636518,87.66642514416966,31569900
2018-01-30,85.45496368408203,86.30269997799228,84.8652383674977,85.97097860865355,38635100
2018-01-31,87.54664611816406,87.90600974077398,86.16447617579365,86.38562139815055,48756300
2018-02-01,86.8555679321289,88.52338420991998,86.2289838947691,87.34393355843808,47227900
2018-02-02,84.57035827636719,86.58832835219185,84.31235438230499,86.28424932129904,47867800
2018-02-05,81.08731079101562,85.91568960151264,81.08731079101562,83.44621212803759,51031500
2018-02-06,84.15571594238281,84.29393433228431,78.55331917499957,80.06449096974278,67998600
2018-02-07,82.5708236694336,84.56114450783531,82.1930272197375,83.38169408062258,41107600
2018-02-08,78.3321533203125,82.81959238162882,78.10179174122801,82.66294819506996,55628700
2018-02-09,81.2531509399414,81.94423580038656,77.24486015537526,79.5208340872539,63499100
2018-02-12,82.12850952148438,82.72745104680881,81.02277672863745,81.76914601230524,35720300
2018-02-13,82.77355194091797,82.93019617981624,80.90301641856378,81.94424857310383,26407700
2018-02-14,84.06962585449219,84.23626563773915,81.84777149533619,81.94034758311723,34960900
2018-02-15,85.78231811523438,85.83786235712967,83.89373619666172,84.43994007690668,27823900
2018-02-16,85.17130279541016,86.55996534098749,84.98615061457436,85.58789873384217,30596900
2018-02-20,85.83784484863281,86.1526049059746,84.25477070959265,84.68988601729579,30911700
2018-02-21,84.69915771484375,86.43035960858283,84.69915771484375,86.07856763077143,26922500
2018-02-22,84.92135620117188,85.84713133573425,84.57881685866644,85.21760396170768,24392800
2018-02-23,87.07839965820312,87.08765938644807,85.50458488551463,86.65254397927687,26329200
2018-02-26,88.33746337890625,88.3652355033917,87.25430814535028,87.39317583088143,30199800
2018-02-27,87.2080307006836,88.72630163226489,87.2080307006836,88.6337255146036,25869100
2018-02-28,86.80992889404297,88.60593486633495,86.68032094378515,87.80050797850117,31167300
2018-03-01,85.95820617675781,87.5505402853543,85.02317146171404,87.01358909745964,37135600
2018-03-02,86.14337158203125,86.23594767479138,84.11592195399977,84.7824811228377,32830400
2018-03-05,86.68956756591797,87.27280325389852,85.41200065091665,85.48605728050765,23901600
2018-03-06,86.39331817626953,87.47647317418956,86.04152623747822,87.33760551886851,22175800
2018-03-07,86.89324188232422,86.96730557731313,85.569383352584,86.24520220892805,26716100
2018-03-08,87.4209213256836,88.04118879392917,86.80990652071209,87.27279395607775,25887800
2018-03-09,89.37432861328125,89.37432861328125,87.94863411790283,88.21710974330884,36937300
2018-03-12,89.58726501464844,89.9946083720193,88.91145305876067,89.33730881278275,26073700
2018-03-13,87.4024429321289,90.02238146739377,86.9950995703741,89.80019738966591,35387800
2018-03-14,86.88400268554688,88.32821682669058,86.5599827722822,88.05974116624145,32132000
2018-03-15,87.18949890136719,87.5598103527173,85.93970393327606,86.58774367581118,27611000
2018-03-16,87.57832336425781,88.30042681477399,86.9487960114559,87.65238706767063,49081300
2018-03-19,85.99523162841797,86.93026627392379,85.27312832196674,86.78213889665066,33344100
2018-03-20,86.2174301147461,86.80992559716671,86.09708189782117,86.14337347677099,23075200
2018-03-21,85.61567687988281,87.06914337744331,85.36571366937142,86.03227281326464,24457100
2018-03-22,83.1253662109375,84.93988497704342,83.00501796295218,84.49550971898856,38604700
2018-03-23,80.70905303955078,83.74559346764501,80.61647696564093,82.85685044452731,44068900
2018-03-26,86.81917572021484,87.0228473440953,83.6900588584313,83.8844707549256,56396800
2018-03-27,82.82907104492188,88.07821237444578,81.94032809995758,87.8930602429078,56569000
2018-03-28,82.7550277709961,84.45845746616465,82.27362787244358,83.1531113087445,52501100
2018-03-29,84.4955062866211,85.43980102296423,81.83853576633884,83.48641462662236,45867500
2018-04-02,81.9495849609375,84.13441412790763,81.01455746673442,83.754850119878,48515400
2018-04-03,83.05127716064453,83.36604434391168,81.36636688721107,82.93092894936463,37213800
2018-04-04,85.47682189941406,85.87490549925475,81.21825759190446,81.32934609030397,35560000
2018-04-05,85.52311706542969,86.16190426315973,84.61586125441218,85.57866838464847,29771900
2018-04-06,83.53267669677734,85.59715087624551,82.8383454855199,84.69914804625617,38026000
2018-04-09,84.0326156616211,86.2544776564446,83.8937550257171,84.28257893245745,31533900
2018-04-10,85.9859848022461,86.35629623788552,84.83802570855673,85.53235700171696,26812000
2018-04-11,85.04168701171875,86.36554546557682,84.68989507533983,85.18055466608753,24872100
2018-04-12,86.634033203125,87.17098444170459,85.56939045438362,85.56939045438362,26758900
2018-04-13,86.17115020751953,87.18950143094963,85.57865469341097,87.06915320758822,23346100
2018-04-16,87.18023681640625,87.63387168702336,86.48590551255509,87.08766072184676,20288100
2018-04-17,88.939208984375,89.3743243890155,87.83753441203866,87.94862996102235,26771000
2018-04-18,89.28173065185547,89.54094648515266,88.43001240417678,89.07805905052147,21043300
2018-04-19,88.97621154785156,89.86495445788525,88.26336103693549,89.28171890967275,23552500
2018-04-20,87.94863891601562,88.97624989366159,87.069155352097,88.79109768960625,31154400
2018-04-23,88.27263641357422,89.1428670907215,87.60607734708711,88.63368806407105,22331800
2018-04-24,86.20817565917969,89.30952068062423,85.55087621774123,89.09658931022155,34524800
2018-04-25,85.45829772949219,86.37482016938223,83.5789753954022,86.37482016938223,33729300
2018-04-26,87.26353454589844,88.08747355209715,86.18963238859155,86.60623528607144,42529000
2018-04-27,88.70777130126953,90.63338523701438,86.93954450314784,90.35564987707102,48272800
2018-04-30,86.57845306396484,89.24468891213581,86.23592092071023,89.17988496099838,41523600
2018-05-01,87.94863891601562,88.21711455606855,85.90267668985761,86.29150055623613,31408900
2018-05-02,86.5692138671875,88.10599654595823,86.27296617832192,87.93935677952747,27471000
2018-05-03,87.087646484375,87.8838134810117,85.58788857052635,86.06003575762534,31142500
2018-05-04,88.09676361083984,88.29117553802902,86.02302226128133,86.39333372106702,22531300
2018-05-07,89.07806396484375,89.5316916981399,88.04119351135047,88.10599747324991,24242000
2018-05-08,88.69849395751953,89.02252083413843,88.00416275865423,88.7355258023646,23484600
2018-05-09,89.74464416503906,89.77241628909086,87.9949297187385,88.88367300391468,27327400
2018-05-10,90.64263153076172,90.67965631436965,89.84646448424272,90.2260285525957,22388100
2018-05-11,90.44821166992188,90.60559878265128,89.83720386303396,90.54079481732829,16778300
2018-05-14,90.75372314453125,91.36473804171904,90.08716400690923,90.65188732833329,19454100
2018-05-15,90.09642791748047,90.58708756570294,89.1891652573517,90.02236421806116,24594000
2018-05-16,90.32887268066406,90.56131959590319,89.83608635535184,90.5241272382189,17384700
2018-05-17,89.42698669433594,90.69149861053785,89.10156239833934,89.96626529554038,17246700
2018-05-18,89.59434509277344,90.12432380839593,89.26892081014863,89.26892081014863,17865800
2018-05-21,90.74727630615234,91.12849266059561,90.00345041709654,90.18940511593122,19422500
2018-05-22,90.65428924560547,91.27724522305772,90.37535013351709,90.82165129411524,15441200
2018-05-23,91.73284912109375,91.79793397012563,89.55714242226895,89.91975902312033,21251200
2018-05-24,91.40743255615234,91.99320338583229,90.01275091400798,91.79794880717819,26649300
2018-05-25,91.45392608642578,92.03039706047463,90.98903219907865,91.39814108993382,18363900
2018-05-29,91.12848663330078,91.93739732281857,90.403253424609,90.97041734665734,28671000
2018-05-30,92.00247955322266,92.28141866880131,91.03550669830715,91.40741606079017,22158500
2018-05-31,91.90019226074219,92.96944929477856,91.68634511016427,92.31860088817325,34140900
2018-06-01,93.71330261230469,93.77838746719351,92.20704399295569,92.30932120688342,28655600
2018-06-04,94.53150939941406,94.70817132426096,93.76908380430405,94.15030014871749,27281600
2018-06-05,95.01500701904297,95.14517672911549,94.40134373408637,94.83834508663719,23514400
2018-06-06,95.29393768310547,95.39621489577435,94.74536635489702,95.28464491374798,21122900
2018-06-07,93.7969741821289,95.4798946273067,93.33208036404868,95.44270227061428,28232200
2018-06-08,94.49433135986328,94.79186317148358,93.4808660649972,93.99224509768193,22165100
2018-06-11,93.95507049560547,94.45714972107343,93.60174655225997,93.91787812821549,23490900
2018-06-12,94.19678497314453,94.32695467722984,93.6761061568033,94.00153041701657,18325200
2018-06-13,93.76907348632812,94.84763045492001,93.49943424418015,94.57799121277203,29492900
2018-06-14,94.29906463623047,94.86623568752414,93.90855551381364,94.51291892348752,25691800
2018-06-15,93.09963989257812,94.40134409195518,93.04385490054048,94.38275145918169,65738600
2018-06-18,93.77839660644531,94.01084355280399,92.43949992542957,92.98807840756935,23586000
2018-06-19,93.77839660644531,93.90856632890875,92.51388465075664,92.65335423731541,28653100
2018-06-20,94.71748352050781,95.32183990137338,94.0201426868465,94.25258963140027,26180800
2018-06-21,94.03874969482422,95.26606946591296,93.79700284929676,94.9127526099258,23198200
2018-06-22,93.35999298095703,93.69471005046775,92.63475256481699,93.35999298095703,38923100
2018-06-25,91.48180389404297,93.08103974469826,90.46833878735829,92.97876253840867,35433300
2018-06-26,92.12335968017578,93.05314730611123,91.81652806112508,91.88161291119191,26897200
2018-06-27,90.69151306152344,92.99738309233689,90.56134332238327,92.58828123806151,31298400
2018-06-28,91.7049560546875,92.1512572610091,90.43115147681641,90.54272145810906,26650700
2018-06-29,91.68638610839844,92.89511322540294,91.42604662934362,91.98391795499232,28053200
2018-07-02,92.98807525634766,93.03456038781337,91.11919988471612,91.21217724136517,19564500
2018-07-03,92.09548950195312,93.56454891567273,91.99321227082021,93.4250864129627,14670300
2018-07-05,92.75562286376953,92.90438520691715,92.07687472207891,92.5138760757228,18977400
2018-07-06,94.05732727050781,94.30836682862862,92.67193848806474,92.87649291734986,19234600
2018-07-09,94.69886779785156,95.07078426506457,94.14099664389035,94.51291311110336,18212000
2018-07-10,94.94993591308594,95.31255259989855,94.70818909063811,94.83835881955966,19293100
2018-07-11,94.8197250366211,95.15444198451124,94.00150755993485,94.0479997688248,19644600
2018-07-12,96.87458038330078,97.07913480733407,95.51709122547268,95.55427649009962,24335900
2018-07-13,98.02750396728516,98.18556615198099,96.78158493248482,97.04193141128033,24635200
2018-07-16,97.54401397705078,98.39011694755575,97.18139031115899,97.99960788424576,21786900
2018-07-17,98.51100158691406,99.02238764699096,96.99545022643063,97.26508950413327,25901700
2018-07-18,97.73931121826172,98.604014289853,97.36739462195122,98.50173704852465,29493900
2018-07-19,97.06983184814453,97.91593491890178,96.59563816153032,97.56261816647918,40171600
2018-07-20,98.80855560302734,100.60304650819162,98.63190072827469,100.49147650176229,56004000
2018-07-23,100.38919830322266,100.54726053995961,98.67838491930017,98.83645424975566,29707000
2018-07-24,100.10095977783203,101.17950995676074,99.72904323230838,100.94706300252322,26316600
2018-07-25,103.04837036132812,103.34590213542324,100.04515303123185,100.37987716380347,30702100
2018-07-26,101.9233169555664,103.20642126074593,101.81173989235747,102.96467450398471,31372100
2018-07-27,100.11953735351562,102.44400654625724,98.68766347954075,102.44400654625724,37005300
2018-07-30,97.97172546386719,99.98006306284334,97.40455444011876,99.66393867253986,34668300
2018-07-31,98.63188171386719,99.22694527916845,97.98102606238832,99.01309098520835,27655200
2018-08-01,98.8178482055664,98.97591043220368,98.01823011423679,98.58540125096404,23628700
2018-08-02,100.01726531982422,100.50075181571098,97.47894170869591,97.99962765855555,26104300
2018-08-03,100.4542465209961,100.46354638262251,99.31990458891624,100.23109949797389,18659600
2018-08-06,100.5379409790039,100.80758026199412,100.00796227622098,100.52864820952357,20265900
2018-08-07,101.23526763916016,101.43982203868852,100.57511931850163,100.93773590176876,16080200
2018-08-08,101.8024673461914,102.04421416781868,101.12372620393548,101.65370498237952,15487500
2018-08-09,101.96980285644531,102.42540388107142,101.90471800917248,102.00699521113212,13677200
2018-08-10,101.34685516357422,101.98841092037891,100.77038425936442,101.73736427914363,18183700
2018-08-13,100.6123046875,101.88611611831077,100.5100274948363,101.5699846790641,18472500
2018-08-14,101.86753845214844,102.0442003856758,100.45426426508126,100.93775074931769,16788300
2018-08-15,100.48617553710938,101.72754676379823,99.70214448344713,101.260863816933,29982800
2018-08-16,100.46749877929688,101.60620624721534,100.15015781073797,101.08352365381654,21384300
2018-08-17,100.41148376464844,100.71016050395538,99.58078886091927,100.20614217118457,18061500
2018-08-20,99.74879455566406,100.71016008376549,99.3847825036842,100.34614803178563,17914200
2018-08-21,98.91809844970703,100.19680488096802,98.79675635318267,99.79545735149561,22881900
2018-08-22,99.92613220214844,100.18747346568757,98.73142521396076,98.79676052984554,18000600
2018-08-23,100.392822265625,100.97151161998187,99.74880471171272,100.01014599399781,18167700
2018-08-24,101.17683410644531,101.32616890194174,100.3928032867919,100.49547407413955,17234000
2018-08-27,102.29689025878906,102.33422574531207,101.27952495484695,101.98887783573623,19662300
2018-08-28,102.91291809082031,103.13692389544173,102.47423501271693,102.61424131098637,19151500
2018-08-29,104.55563354492188,104.5649691967851,102.92224339863733,103.0902495270958,20818000
2018-08-30,104.49030303955078,105.10632791262788,104.01429158782712,104.22896174346337,22798700
2018-08-31,104.84498596191406,105.26499773928691,104.08895479322027,104.24763239715365,23222700
2018-09-04,104.26631164550781,104.49965313798842,102.87559834420829,103.46361634169318,22634600
2018-09-05,101.2608413696289,103.99560311686322,100.89682932144883,103.6129268881933,32872400
2018-09-06,101.49418640136719,101.72752783137283,100.34615055350804,101.03683919244042,23477600
2018-09-07,100.9994888305664,101.47550727153843,100.08479454745938,101.0181601299849,22498600
2018-09-10,102.09156799316406,102.334245141051,101.13953782994187,101.58754951109916,20727900
2018-09-11,103.82759094238281,104.15426748948242,101.63418313069734,101.64351878090436,24301800
2018-09-12,104.26631164550781,104.39698231161557,103.14627533000784,104.0049703132923,18891100
2018-09-13,105.38634490966797,106.15170464628771,104.64898501008045,104.64898501008045,26055600
2018-09-14,105.81568145751953,106.15169370931973,104.94765099387165,105.80634580579847,19122300
2018-09-17,104.66764068603516,106.12368906148268,104.40629940028981,106.1143605305746,20736500
2018-09-18,105.66635131835938,106.12369860956184,104.27563813922403,104.71432124591514,22170900
2018-09-19,104.25696563720703,105.7690209218714,103.6409478611696,105.51701526826893,21728400
2018-09-20,106.0023422241211,106.21701946828668,104.47162304638047,104.79829961705406,23714500
2018-09-21,106.64636993408203,107.60773549328778,105.9463456390081,106.40369285123876,71229700
2018-09-24,107.02906036376953,107.24373764262364,104.74231687853698,105.49834093868836,27334500
2018-09-25,106.82368469238281,107.43037372603527,106.1703316536888,107.15036833274385,22668000
2018-09-26,106.3850326538086,107.39306226449162,106.16101974386513,106.84237988316579,19352000
2018-09-27,106.78639221191406,107.2530751451971,106.59037911344072,107.13173302509298,19091300
2018-09-28,106.7490234375,106.9356937042013,106.10499891165631,106.58101734906313,21647800
2018-10-01,107.90641021728516,107.97174553209278,107.08505095670142,107.10371513763992,18883100
2018-10-02,107.4770736694336,108.1210912313912,106.81438480364189,107.61707996412558,20787200
2018-10-03,107.49571990966797,108.43842120749322,107.27171414816014,107.72906132153457,16648000
2018-10-04,105.2743148803711,107.11304639149448,104.1916072839881,106.9730401166498,34821700
2018-10-05,104.65830993652344,105.6290112726301,103.26759681736837,105.12499286036224,29068900
2018-10-08,103.46359252929688,104.56496440516258,102.05420824520246,104.21962363322334,29640600
2018-10-09,104.77967071533203,105.54503056189687,103.4169571895467,103.7342982161874,26198600
2018-10-10,99.08610534667969,104.07027472718592,98.74075747684466,103.82759765322035,61376300
2018-10-11,98.85277557373047,101.67153716440038,97.25671378475367,98.33008588197158,63904300
2018-10-12,102.26888275146484,103.82760181152429,99.98213956136641,101.74620022138872,47742100
2018-10-15,100.43016815185547,102.18490057922236,99.82347890028748,101.65288230775862,32068100
2018-10-16,103.60359954833984,103.98628292872301,101.69019688845523,102.24088639078445,31610200
2018-10-17,103.33291625976562,104.35961711020549,102.25021574579738,104.23828213222225,26548200
2018-10-18,101.27020263671875,103.16493432088176,100.64484917740702,102.76358668918589,32506200
2018-10-19,101.41952514648438,103.47292693458171,100.99950628913572,101.67153076408117,32785500
2018-10-22,102.32488250732422,103.1742487404669,101.02750471115179,102.03554140949186,26545600
2018-10-23,100.8968505859375,101.70888146817897,98.10608858805229,100.58883813532695,43770400
2018-10-24,95.50196075439453,101.26082436603221,94.82060078417969,101.18616053559522,63897800
2018-10-25,101.08350372314453,101.98886243076718,99.07676613199153,99.45011381981311,61646800
2018-10-26,99.83280181884766,101.50352740023315,97.77939997501933,98.64743042521368,55523100
2018-10-29,96.9300308227539,101.4568532444607,94.85795773742856,100.90617087510755,55162000
2018-10-30,96.81803894042969,97.42472102222159,93.43925213294219,96.75270361834366,65350900
2018-10-31,99.69280242919922,100.93418069719395,98.36742465425048,98.41409579434684,51062400
2018-11-01,98.86211395263672,100.16882763067646,98.49810182303504,99.91682197211249,33384200
2018-11-02,99.08610534667969,100.16880584719162,97.9847335445469,99.38478208347765,37680200
2018-11-05,100.34614562988281,100.56081574718633,98.84342632469834,99.28210933094678,27922100
2018-11-06,100.54216003417969,101.58752511989901,99.19811107137991,100.22481197528948,24340200
2018-11-07,104.4996337890625,104.76097507288863,102.11021962720545,102.14755511361145,37901700
2018-11-08,104.30363464355469,104.73298208376234,103.51961074083192,104.35030578486662,25644100
2018-11-09,102.26888275146484,104.02360776030282,101.51285878888825,103.46358974650478,32039200
2018-11-12,99.74879455566406,102.63289113996835,99.03009898153911,102.12887280930043,33621800
2018-11-13,99.81413269042969,101.49418671912092,99.53412012514015,100.38348635110718,35374600
2018-11-14,98.398681640625,101.48272230862197,97.9299825813874,101.3327351768115,39495100
2018-11-15,100.56404113769531,101.05149202921817,97.40501493099407,98.4173991830452,38505200
2018-11-16,101.51083374023438,102.0638951462425,100.11411267509746,100.37658297976432,33502100
2018-11-19,98.0705795288086,101.76392271759103,97.06756397334888,101.4920764443832,44773900
2018-11-20,95.34275817871094,96.52388176597505,93.13049813034064,95.42712772511972,64052500
2018-11-21,96.65511322021484,97.89247835646405,95.83957434449941,97.11443626085065,28130600
2018-11-23,96.61762237548828,97.31129497054062,95.6146066894253,95.77396265081383,13823100
2018-11-26,99.8047866821289,99.95476667397648,98.03310467075934,98.22995743293589,32336200
2018-11-27,100.43282318115234,100.61093109332754,98.76425585165633,99.617284330001,29124500
2018-11-28,104.1636734008789,104.36052613223978,101.1077537697491,101.13587456683214,46788500
2018-11-29,103.29188537597656,104.16366578067273,102.20450028978394,103.42312052061651,28123200
2018-11-30,103.94805908203125,104.02305263516423,102.51384134931267,103.76995118128515,33665600
2018-12-03,105.07293701171875,106.31967805182565,103.79808232804372,105.92597261340634,34732800
2018-12-04,101.72642517089844,105.58850740522232,101.4358340870158,104.93233168297799,45197000
2018-12-06,102.35448455810547,102.40135016458811,98.42678485485214,99.19545088859985,49107400
2018-12-07,98.25804901123047,102.59819877628212,97.77060524297202,101.59518329486507,45044900
2018-12-10,100.8546371459961,101.2202289085094,97.38626775889871,98.23930328513237,40801500
2018-12-11,101.79205322265625,104.00431324508875,100.71405116109968,102.92631118353218,42381900
2018-12-12,102.25138092041016,104.30427778489279,102.21388414022962,103.94806910084702,36183000
2018-12-13,102.59822082519531,103.92933158383721,101.82955465697282,102.72008715728354,31333400
2018-12-14,99.39230346679688,102.4201019912443,98.89548369771853,101.47332805950741,47043100
2018-12-17,96.44889068603516,99.17672261107826,95.34276063337197,98.81113792138093,56957300
2018-12-18,97.4612808227539,97.96747665092396,96.10204929754362,97.2550520981165,49319200
2018-12-19,97.19879913330078,100.18909383547529,95.00528413443864,97.16130235577214,68198200
2018-12-20,95.1552963256836,97.78000707850153,92.59619601111065,96.59889045803487,70334200
2018-12-21,92.0805892944336,96.5519736659686,91.35878898144979,95.267736101791,111242100
2018-12-24,88.23726654052734,91.83687839078392,88.09666256932024,91.56503212681886,43935200
2018-12-26,94.26473999023438,94.38660630659581,88.0779146600482,89.18404457906475,51634800
2018-12-27,94.8459243774414,94.85530035939107,90.36516334385736,93.08361881517945,49498500
2018-12-28,94.10540771484375,95.99895614398403,93.28986868029946,95.69898184474674,38196300
2018-12-31,95.21151733398438,95.98955941296578,94.15226013791842,94.94904703066037,33173800
2019-01-02,94.7896728515625,95.38023092045941,92.74614525928399,93.31795851802555,35329300
2019-01-03,91.30256652832031,93.91790780361103,91.11508263746234,93.83353826478015,42579100
2019-01-04,95.54899597167969,96.09268862794467,92.73680145527798,93.47734686947743,44060600
2019-01-07,95.67082214355469,96.80507268219485,94.65843790237558,95.27711676355293,35656100
2019-01-08,96.36450958251953,97.46126343870469,95.34274212500739,96.58948308209578,31514400
2019-01-09,97.74246978759766,98.31428304306178,96.77695115512553,97.35814039150259,32280800
2019-01-10,97.11442565917969,97.25503678126739,95.97079902214188,96.75821701476576,30067600
2019-01-11,96.36450958251953,96.96444368257528,95.27712455630687,96.73009420124792,28314200
2019-01-14,95.66146087646484,96.4301268870416,94.92091565928575,95.52084975769793,28437100
2019-01-15,98.4361572265625,98.47365400144065,95.50209717040966,96.0926624350173,31587600
2019-01-16,98.78302764892578,99.60794270809976,98.38932208983708,98.67054443306117,29853900
2019-01-17,99.47669219970703,99.95476009705916,98.20183016987437,98.42680371873303,28393000
2019-01-18,100.9671401977539,101.1452481106909,99.27982804744428,100.73279069200707,37427600
2019-01-22,99.06421661376953,100.3953199993991,98.29555057330101,100.06723214403672,32371300
2019-01-23,100.02973175048828,100.33907478226395,98.74549401818777,99.47667040741536,25874300
2019-01-24,99.55167388916016,100.30159521879767,98.74551096292275,100.17036005887809,23164800
2019-01-25,100.46092987060547,101.1264815124088,99.55165277559385,100.52654743664866,31225600
2019-01-28,98.50177764892578,99.81413620057482,98.1080722289647,99.60790750865841,29476700
2019-01-29,96.49574279785156,98.3986594040415,95.77394240474462,98.3142898735193,31490500
2019-01-30,99.72039031982422,99.72039031982422,97.79872883317334,98.07057509408838,49471900
2019-01-31,97.89246368408203,98.63300888859851,96.72071630069112,97.30190557749326,55636400
2019-02-01,96.34577178955078,97.58313694687969,95.94269033631137,97.28316985273267,35535700
2019-02-04,99.12046813964844,99.17671688604872,96.33639477745018,96.4301403041908,31315100
2019-02-05,100.50780487060547,100.55467047495264,99.32668150366837,99.42041986414117,27325400
2019-02-06,99.39230346679688,100.30158062233065,98.92360449192617,100.30158062233065,20609800
2019-02-07,98.67987823486328,98.97984529031514,97.76123225644517,98.60489183483438,29760700
2019-02-08,99.05484771728516,99.15796207231487,97.7331202191996,97.85497938797137,21461100
2019-02-11,98.66111755371094,99.90785833281153,98.39864731637978,99.55164259490988,18914100
2019-02-12,100.19847106933594,100.43282056798286,98.87674361589245,99.49542257339517,25056600
2019-02-13,100.12348175048828,101.0327589880029,100.0297433774184,100.77028868269547,18394900
2019-02-14,100.20785522460938,100.57343990017289,99.0454836190172,99.6547866437699,21784700
2019-02-15,101.4452133178711,101.5202068747517,100.63905046085273,101.15462222468281,26606900
2019-02-19,101.39834594726562,101.8576761437431,101.03276127776206,101.04213726081538,18038500
2019-02-20,100.87116241455078,101.61487038956706,100.06155662819498,101.53955655308681,21607700
2019-02-21,102.99871063232422,103.06460843024237,100.60755067850327,100.63579156585087,29063200
2019-02-22,104.46731567382812,104.68383397614542,103.38470261527333,103.6012280999134,27763200
2019-02-25,105.05096435546875,105.6063948400185,104.74030739468577,105.21100803006074,23750600
2019-02-26,105.7758560180664,106.60428661853098,104.65558611579178,104.74031597190512,21536700
2019-02-27,105.59696960449219,105.775838128674,104.38256120928531,105.14510105605122,21487100
2019-02-28,105.46517944335938,106.26536905843174,105.18276338162167,105.4745954667804,29083900
2019-03-01,105.93592071533203,106.39720548748224,105.12631476614845,106.27482586533094,23501200
2019-03-04,105.6817398071289,106.61372532875343,104.30729440869888,106.39719981245489,26608000
2019-03-05,105.15453338623047,105.80410264982726,104.71208076188998,105.67230702856453,19538300
2019-03-06,105.20160675048828,106.0582854744501,104.90035858892072,105.31457750444713,17687000
2019-03-07,103.92129516601562,105.01332418703429,103.43176962087364,104.87211254709948,25339000
2019-03-08,104.03424072265625,104.22251807542993,102.42444565478314,102.76335063563228,22818400
2019-03-11,106.21831512451172,106.33127868884729,104.47672407855664,104.4861329207031,26491600
2019-03-12,106.9620361328125,107.31035007522493,106.04887557032659,106.20891209426328,26132700
2019-03-13,107.79046630859375,108.26116703483216,107.11265611363875,107.44214518554102,35513800
2019-03-14,107.87520599365234,108.44946154475554,107.63044674870532,107.82814022300448,30763400
2019-03-15,109.11784362792969,110.37931810157554,107.87518684041284,108.58123791568944,54681100
2019-03-18,110.68054962158203,110.71820653514352,109.2496228178546,109.36258637621722,31207600
2019-03-19,110.75587463378906,111.4995825915104,110.13454627076011,111.17008636015242,37588700
2019-03-20,110.63349151611328,111.79141842082046,109.87095866564931,110.51111191737303,28113300
2019-03-21,113.1752700805664,113.74010944728643,110.22867929393453,110.27575223379547,29854400
2019-03-22,110.1910171508789,112.58216996128607,110.18160112750273,112.49744729786472,33624500
2019-03-25,110.76528930664062,111.09477835165406,109.50380772846025,109.72974204756625,27067100
2019-03-26,111.00064086914062,111.75375766853598,110.00275051601595,111.66903499131207,26097700
2019-03-27,109.92742156982422,111.28304167763245,108.7506699991078,110.97237753920614,22733400
2019-03-28,110.07806396484375,110.6899763000546,109.3249399857654,110.55818068106427,18334800
2019-03-29,111.02886199951172,111.38659187687794,110.1062856452328,111.15124157227143,25399800
2019-04-01,112.04560089111328,112.13033075904708,111.17951325403043,111.979703074864,22789100
2019-04-02,112.20562744140625,112.47863469049432,111.57488308825415,112.08324067114341,18142300
2019-04-03,112.93989562988281,113.37293929131121,112.16794698432423,112.83634093015854,22860700
2019-04-04,112.36566925048828,113.1846910364263,111.44309273820215,113.06230426038442,20112800
2019-04-05,112.86460876464844,113.1846889626752,112.37508321641752,112.39390808344385,15826200
2019-04-08,112.90226745605469,112.98699013248876,111.68785881757545,112.78929670515342,15116200
2019-04-09,112.29035186767578,112.53511822970172,111.63137379567016,111.6784395537721,17612000
2019-04-10,113.14704895019531,113.29766945587546,112.53513653674665,112.7422460165899,16477200
2019-04-11,113.2788314819336,113.76835704667009,112.89285346281686,113.47652491282656,14209100
2019-04-12,113.86248779296875,113.89073586597034,113.31648048108116,113.5706556795183,19745100
2019-04-15,113.9566421508789,114.45558374286641,113.50476631941847,113.85308742246761,15792600
2019-04-16,113.69303131103516,114.52146904786115,113.06229416673129,114.51205302385489,14071800
2019-04-17,114.63443756103516,114.70975139169649,113.47651793948653,114.13549600196768,19300900
2019-04-18,116.14067840576172,116.28188285179064,114.19197804502296,115.0298246089629,27991000
2019-04-22,116.50782775878906,116.73376206140615,115.3875579051793,115.43463084345545,15648700
2019-04-23,118.08939361572266,118.22118923680357,116.57373679096959,116.82791200810485,24025500
2019-04-24,117.68460845947266,118.4753823051072,117.22331653386209,118.41890051108295,31257000
2019-04-25,121.58197784423828,123.67188997730464,121.28073688374248,122.43865651488102,38033900
2019-04-26,122.27861785888672,122.8717052919197,121.45960330061776,122.09974930831206,23654900
2019-04-29,122.1656723022461,122.55163598629275,121.77028541016286,122.28804472490393,16324200
2019-04-30,122.947021484375,123.04115300015069,121.80791953572614,122.20330637713096,24166500
2019-05-01,120.38639068603516,122.99406901910835,120.21693817174119,122.88110546446013,26821700
2019-05-02,118.81427001953125,120.49937939006796,118.1647007541634,120.48055452226025,27350200
2019-05-03,121.34662628173828,121.8455678398951,119.79331982553605,119.89687454692582,24911100
2019-05-06,120.64058685302734,121.02656488474477,118.72013426670811,118.98372551650397,24239800
2019-05-07,118.16468048095703,119.72740998682345,116.94086317838743,119.04959994487278,36017700
2019-05-08,118.1552734375,118.96487909077864,117.43980647318647,118.08937563699229,28419000
2019-05-09,118.1458740234375,118.41888128744208,116.32896905992759,117.00677920748068,27235800
2019-05-10,119.68034362792969,120.43346753421683,116.56430765075233,117.59043879351051,30915100
2019-05-13,116.12185668945312,118.19294399744422,115.83002456526664,116.83732373638259,33944900
2019-05-14,117.42098236083984,118.50358806435888,116.4513330295526,116.61137670237267,25266300
2019-05-15,119.07454681396484,119.7265205498767,116.88241128286991,117.41155241720942,24722700
2019-05-16,121.82415008544922,122.2493603372447,119.49028762464572,119.76430544101962,30112200
2019-05-17,121.01158142089844,123.26985884102977,120.86983984153476,121.23834487936978,25770500
2019-05-20,119.26351928710938,120.55800857170571,118.82887256588862,119.54698077890976,23706900
2019-05-21,119.90602111816406,120.50129663482602,119.6036579211268,120.40680948742198,15293300
2019-05-22,120.63359069824219,121.17218262454435,119.54697038520943,119.64146474983585,15396500
2019-05-23,119.22571563720703,119.32965367380534,117.86507749185316,119.2446101852667,23603800
2019-05-24,119.28242492675781,120.3973908662184,119.02730883952688,119.91550412268118,14123400
2019-05-28,119.20681762695312,120.94540435426998,119.10287959337354,119.98162383524135,23128400
2019-05-29,118.05406951904297,118.4792653728373,117.20367060254557,118.46981449351269,22763100
2019-05-30,118.80050659179688,118.8288520151839,117.9028606673999,118.35640906831411,16829600
2019-05-31,116.86351013183594,117.75170534985158,116.52335056786862,117.38320035703842,26646800
2019-06-03,113.23514556884766,117.51548561216423,112.45089559289391,117.02414080836002,37983600
2019-06-04,116.3721694946289,116.48555120704084,114.00050348826326,114.5957791051514,29382600
2019-06-05,118.89501190185547,118.9328082084477,117.36429392495742,118.06350757464293,24926100
2019-06-06,120.77532958984375,120.91706393321927,118.67768149282898,119.47138949038697,21459000
2019-06-07,124.15801239013672,124.96117124275527,121.19107098044292,122.06982244183394,33885600
2019-06-10,125.29186248779297,126.69028943079465,124.72492524229368,125.10287379408449,26477100
2019-06-11,124.8194351196289,126.84149040070857,124.0446217488957,126.50133089464774,23913700
2019-06-12,124.24308776855469,124.69662909347514,123.50607770887692,124.15803705565435,17092500
2019-06-13,125.02732849121094,125.66984408175352,124.30920586905528,124.70605627812279,17200800
2019-06-14,125.150146484375,126.41629025062265,124.38479113937181,124.97061583943528,17821700
2019-06-17,125.52810668945312,126.3595965376655,125.22573625896449,125.3202306229461,14517800
2019-06-18,127.71080017089844,127.78639278396668,126.20843483293615,126.79425956194407,25934500
2019-06-19,128.2115936279297,128.43835705818054,126.4352031959392,127.55961993032393,23744400
2019-06-20,129.40213012695312,130.07300550647997,128.23992442605953,129.87457310983197,33042600
2019-06-21,129.42103576660156,130.13914393171098,128.9391491000195,129.0525308056115,36727900
2019-06-24,130.18641662597656,130.77224144342003,129.44940655957384,129.44940655957384,20628800
2019-06-25,126.0761489868164,130.00687873484404,125.41473158157572,129.68562091198686,33327400
2019-06-26,126.54857635498047,128.25883214345467,126.23677665946667,126.94544116672158,23657700
2019-06-27,126.75642395019531,127.28557210768605,126.1516976165904,126.74698028263431,16557500
2019-06-28,126.57693481445312,127.18166127731342,125.8210231314237,127.15331585075873,30043000
2019-07-01,128.20213317871094,129.16592099297895,127.53127215281762,129.09978646631288,22613500
2019-07-02,129.05250549316406,129.06194916083908,127.88084189986542,128.61785167728792,15237800
2019-07-03,129.88406372070312,130.14863070393932,128.7785341762571,129.26043536686672,13629300
2019-07-05,129.50604248046875,129.76116567762398,128.23989899768964,128.44777502236235,18141100
2019-07-08,129.41159057617188,129.5438740370799,127.9092109056542,128.88244231472385,16779700
2019-07-09,128.93914794921875,129.4210346114999,128.3155197383966,128.50449405196866,19953100
2019-07-10,130.25253295898438,130.94229566011765,129.46827589646176,129.57221392686392,24204400
2019-07-11,130.772216796875,131.54703023839846,130.27142836967226,130.58324248020125,22327900
2019-07-12,131.24468994140625,131.4620241524232,130.40374178391747,131.19745716475163,18936800
2019-07-15,131.24468994140625,131.84941654434402,130.82895211636486,131.7549365732153,16651500
2019-07-16,129.5249481201172,131.38637431284965,128.9958143751845,131.30133805051688,22726100
2019-07-17,128.7595977783203,130.32809731913522,128.71235060263848,130.1107776123753,20211000
2019-07-18,128.90135192871094,129.09032625326788,127.24780135765842,128.07930568708906,30381800
2019-07-19,129.09030151367188,132.91709212828326,128.92967264769146,132.4918963750629,48992400
2019-07-22,130.800537109375,131.5186595597962,129.76117135832268,129.8367639540414,25074900
2019-07-23,131.6131591796875,132.27459088671955,130.42260805909785,132.0572567348362,18034600
2019-07-24,132.96435546875,132.98325722522608,131.19742331035286,131.24465607481943,20738300
2019-07-25,132.46359252929688,132.86044298471703,131.64154618719934,132.69035597935493,18356900
2019-07-26,133.5501708984375,133.8714286471754,132.56749589705836,132.6336304134151,19037600
2019-07-29,133.2572479248047,133.71078908782786,131.68873398115807,133.7013454199072,16605900
2019-07-30,132.61476135253906,133.4368075928406,132.09507114747962,132.4163289404921,16846500
2019-07-31,128.7595977783203,132.7470171865955,127.63518131903608,132.59583199153917,38598800
2019-08-01,130.45095825195312,133.17223453311303,129.38323246317267,129.44938140341958,40557500
2019-08-02,129.3548583984375,130.69660890287764,127.80524628536534,130.4792747911679,30791600
2019-08-05,124.92340087890625,126.54859174884774,123.57220622344447,125.95332329445793,42749600
2019-08-06,127.26673889160156,128.20216710735386,125.86831119538603,126.42579065577874,32696700
2019-08-07,127.82423400878906,128.17383737120957,124.56437873660519,126.4163480496584,33414500
2019-08-08,131.2352294921875,131.3297238690553,128.4383603000221,129.07144667296456,27496500
2019-08-09,130.1202392578125,131.69819692761916,128.9391319225248,130.97063077209398,23466700
2019-08-12,128.30609130859375,130.26201267159885,127.7864154306035,129.51555891421376,20484300
2019-08-13,130.96119689941406,131.15017120363208,127.55960175222855,128.55173487164225,25154600
2019-08-14,127.01737976074219,129.80459739401496,126.72349202465897,129.27370155259666,32527300
2019-08-15,126.73297882080078,127.58621675813693,125.37729927694247,127.40608826694948,28074400
2019-08-16,129.05567932128906,129.3685318075627,127.71894991607321,127.87063860017483,24449100
2019-08-19,131.21719360351562,131.3499175868248,129.77618002342368,130.68629767027892,24355700
2019-08-20,130.12692260742188,131.50158116632758,130.10797237473082,131.0275649641743,21170800
2019-08-21,131.5774383544922,132.24107274799027,130.82849896451538,131.34991978833696,14970300
2019-08-22,130.61993408203125,131.96613867535072,129.2073602612787,131.45420742216214,18697000
2019-08-23,126.45806884765625,131.160316942544,125.89873308142018,130.06059564681138,38508600
2019-08-26,128.41098022460938,128.51526436280648,126.9415271739503,127.97489344002202,20312600
2019-08-27,128.68594360351562,129.61501145250824,127.6620667131482,129.3021589749658,23102100
2019-08-28,128.5152587890625,128.70486235960888,126.60971903645988,127.87060375603978,17393300
2019-08-29,130.94224548339844,131.24562282980497,129.79513424864038,130.11746182982625,20168700
2019-08-30,130.69573974609375,131.9471349200856,129.18837178835278,131.91869510698297,23940100
2019-09-03,128.9703369140625,130.07005810273623,128.64800933091516,129.51072239095203,18869300
2019-09-04,130.4777374267578,130.53461707086672,129.38749120662655,130.16488491832868,17995900
2019-09-05,132.77197265625,133.0848251598884,131.54900246331545,131.88081966997643,26101800
2019-09-06,131.87132263183594,132.89518497159244,131.01808472760217,132.75298588713392,20824500
2019-09-09,130.37344360351562,132.48755219272408,129.36853138978861,132.33586350911233,25773900
2019-09-10,129.0082550048828,129.77615895980875,127.51983714394093,129.69083951277852,28903400
2019-09-11,129.04620361328125,129.18841719460417,128.06973111135275,128.8471248515921,24726100
2019-09-12,130.37344360351562,131.22666713363088,129.75721375102876,130.68629608877896,27010000
2019-09-13,130.18380737304688,130.88534204382765,129.47278312077415,130.6198941469119,23363100
2019-09-16,129.24525451660156,129.59602186383637,128.61007456568873,128.77123833241356,16731400
2019-09-17,130.2501983642578,130.37344723135058,129.340080703091,129.84255128976554,17814200
2019-09-18,131.32147216796875,131.46367126337012,129.43488219594832,130.22175094410272,23982100
2019-09-19,133.7389678955078,134.97139872191886,132.79093528083487,133.00897873177735,35772100
2019-09-20,132.1936798095703,134.2888239409486,131.06551860075243,133.68208360164704,39167300
2019-09-23,131.9092559814453,132.37379716524313,131.24563605161242,131.9945754440318,17139300
2019-09-24,130.24069213867188,133.37867698134454,129.76667595178293,133.06582456209873,29773200
2019-09-25,132.11781311035156,132.68663841102725,128.96086306984094,130.3544720372509,21382000
2019-09-26,132.28846740722656,132.89520771446266,131.24564018913668,132.19367282330748,17456600
2019-09-27,130.57252502441406,133.06585537385152,129.54864808775338,132.86676216429416,22477700
2019-09-30,131.804931640625,131.9850600950664,130.61989124648443,130.87586402204983,17280900
2019-10-01,129.94679260253906,132.9615283334558,129.8804233988124,132.40219275558,21466600
2019-10-02,127.652587890625,129.2832051720976,126.63820049837945,129.1694458855209,30521700
2019-10-03,129.1978759765625,129.64345243653574,126.29689866070535,127.93699093725833,24132900
2019-10-04,130.94224548339844,131.0654943386046,129.3305931116409,129.6434455754371,22897700
2019-10-07,129.99423217773438,130.9991444709554,129.89943759235007,130.01319688114333,15303700
2019-10-08,128.6195831298828,130.6009678232601,128.57217860597103,129.95631258871484,25550500
2019-10-09,131.0559844970703,131.49207123470057,129.85197947949902,130.3165204934153,19749900
2019-10-10,131.87132263183594,132.4116936186059,131.0654892443642,131.29302224532535,17654600
2019-10-11,132.4211883544922,133.70103816754528,132.25054942786093,132.83832501847482,25446000
2019-10-14,132.2979278564453,132.9994625931053,132.26948804094974,132.43065181736694,13304300
2019-10-15,134.2129669189453,134.42152075875256,132.5444204738648,132.7814285970112,19695700
2019-10-16,133.11322021484375,133.66308069093907,132.2789471523784,133.47346265614237,20751600
2019-10-17,132.43064880371094,134.0707408118827,131.79546882905282,133.62516442482266,21460600
2019-10-18,130.26910400390625,132.72450385339658,129.4632708727529,132.4969709248088,32273500
2019-10-21,131.2361297607422,131.30249897819127,129.8899253699337,131.2550944608459,20078200
2019-10-22,129.28318786621094,132.73402560013045,129.1789037121985,131.74807816150832,27431000
2019-10-23,130.10800170898438,130.30708045791036,128.56270391249612,129.7667093878529,29844600
2019-10-24,132.6676788330078,133.12273041162297,131.46367343072163,132.14625803155877,37029300
2019-10-25,133.41656494140625,133.8052616078791,131.96607686000578,132.09880078687175,25959700
2019-10-28,136.69680786132812,138.0998919044483,136.05213824206024,136.8958865845496,35280100
2019-10-29,135.40750122070312,136.99071396453206,135.2368478264051,136.59254199894303,20589500
2019-10-30,137.0950164794922,137.46474867315223,135.36958993185752,136.0616642543695,18496600
2019-10-31,135.9193878173828,137.39831590821075,135.55914537591514,137.36987609614292,24605100
2019-11-01,136.25123596191406,136.9148558377663,135.54021156653775,136.76316716162054,33128400
2019-11-04,137.0381317138672,137.46474354203832,136.66839953400805,137.30357971654394,16912000
2019-11-05,136.9528045654297,137.4837005410274,136.43138370874252,137.43629601481393,18250200
2019-11-06,136.57351684570312,137.00961802403282,135.75820857251375,136.8674045140929,16575800
2019-11-07,136.76315307617188,137.35094301924218,136.2986264438318,136.36498119166887,17786700
2019-11-08,138.37481689453125,138.40325670955812,136.28913402038296,136.4977023077978,16732700
2019-11-11,138.5170135498047,138.810901277166,137.20872421811745,137.78702455660553,14362600
2019-11-12,139.4271240234375,139.9011401962798,138.46960209616762,138.6781703694843,18641600
2019-11-13,139.6546630859375,139.79687663821989,138.67819078340816,139.11429209158203,16919200
2019-11-14,140.36570739746094,140.69752460078055,139.36079513483097,139.37975983766262,19729800
2019-11-15,142.1764373779297,142.19540207865438,140.56478499620616,141.1904754618396,23485700
2019-11-18,142.5272216796875,142.72631489633426,141.23789672825916,142.2712632857801,21534000
2019-11-19,142.57460021972656,143.46575304127705,142.39447173888203,143.03914133001894,23935700
2019-11-20,142.32725524902344,143.4877914795395,141.22380670636062,142.98362576637012,25696800
2019-11-21,142.19407653808594,142.49848613972688,141.26184753439583,142.1179741376757,18576100
2019-11-22,142.2987518310547,142.97415173511484,141.56629325593954,142.7553663500189,15901800
2019-11-25,143.8588104248047,143.97297130832231,142.61266418554789,142.68876660287566,22420900
2019-11-26,144.61984252929688,144.9908327994432,143.94445705764662,143.98250101468926,24620100
2019-11-27,144.89569091796875,145.06691046801765,144.1346812715196,144.90519827684312,15184400
2019-11-29,144.0015106201172,144.87666666333718,143.90637896789778,144.6864178739506,11977300
2019-12-02,142.26075744628906,144.42962636438017,141.09071317825354,144.4105971240299,27418400
2019-12-03,142.03237915039062,142.14652550535178,139.50202850505033,140.301096534929,24066000
2019-12-04,142.5460662841797,142.85996875923578,141.9277396618309,142.82192481273057,17574700
2019-12-05,142.62217712402344,142.99318186615466,142.19411371047912,142.73633801200708,17869100
2019-12-06,144.35348510742188,144.46763148871932,142.94562651622346,143.63053383411537,16403500
2019-12-09,143.9824676513672,144.79104307294085,143.55440428731973,143.7066091103302,16687400
2019-12-10,143.76368713378906,144.48663829486975,143.41171165433747,143.9158774468762,16476100
2019-12-11,144.30589294433594,144.46760512668308,143.00267361215245,144.15368812034419,18856600
2019-12-12,145.77084350585938,145.96109228423833,143.65904868123462,144.25833160737582,24612100
2019-12-13,146.99798583984375,147.3404395060628,145.3808491718859,145.5425613871763,23845400
2019-12-16,147.94918823242188,148.30114912528813,147.27380303178398,147.5496615260484,24144200
2019-12-17,147.15016174316406,148.120449359057,146.921854505586,147.8731128895847,25425600
2019-12-18,146.8457794189453,147.90167700227323,146.66503796994402,146.77919886750226,24129200
2019-12-19,148.12046813964844,148.17754132751665,146.25599508398705,146.49380971013986,24958900
2019-12-20,149.73756408691406,150.76492473508907,148.67214498044612,149.6804909145236,53477500
2019-12-23,149.73756408691406,150.4129493135997,149.6043885129867,150.4129493135997,17718200
2019-12-24,149.70907592773438,150.02299299247485,149.46173941397018,149.80419307413675,8989200
2019-12-26,150.9362030029297,150.9932761975354,149.72810049524168,149.88030535756002,14520600
2019-12-27,151.21205139160156,151.7732904001439,150.508114904836,151.67815874799507,18412800
2019-12-30,149.9088592529297,151.26916677990263,149.09077616738787,151.24063017930692,16348400
2019-12-31,150.01341247558594,150.08000751558322,148.82433974747406,149.1287493330937,18369400
2020-01-02,152.79110717773438,152.89574617385426,150.61273200493892,151.04079534722928,22622100
2020-01-03,150.8885955810547,152.1537709346399,150.3558932248189,150.6032296866788,21116200
2020-01-06,151.2786407470703,151.34523581046366,148.8814652208115,149.4236895425469,20813700
2020-01-07,149.89927673339844,151.88740299171096,149.6519548138877,151.55447131333676,21634100
2020-01-08,152.2869415283203,152.96234132463985,150.25124929659466,151.18347838942788,27746500
2020-01-09,154.18946838378906,154.3131366188501,153.18113681650973,153.95165378716467,21385000
2020-01-10,153.4760284423828,155.26439889865875,153.32382361311434,154.883901340539,20725900
2020-01-13,155.32147216796875,155.35000875909117,153.39992611376826,153.87555531921038,21626500
2020-01-14,154.2274932861328,155.6258439711924,153.83747394892887,155.42607336687766,23477400
2020-01-15,155.2263641357422,155.94932992763327,154.6461103512771,154.69366166701423,21417900
2020-01-16,158.07061767578125,158.13721273567788,156.03492513756743,156.33933481414817,23865400
2020-01-17,158.9552764892578,159.30723743482343,157.36666226753334,159.25967161419416,34371700
2020-01-21,158.38455200195312,159.99218130864583,158.3179569347865,158.55577157743207,29517200
2020-01-22,157.62347412109375,159.3262343549709,157.60444489369104,159.24061008918244,24138800
2020-01-23,158.5938262939453,158.66992871959664,157.21450430226747,158.08966042467725,19680800
2020-01-24,156.9956817626953,159.3643204314718,156.43444278382523,159.34529119903766,24918100
2020-01-27,154.3701629638672,155.41655267756133,152.39154437845704,153.29523666844017,32078100
2020-01-28,157.39520263671875,157.68056851092973,155.1216959101907,155.79708116588947,24899900
2020-01-29,159.84945678710938,160.52485664465172,157.61400823323692,159.65920800817042,34754500
2020-01-30,164.3584442138672,165.56654658590898,162.4654345533492,165.56654658590898,51597500
2020-01-31,161.93267822265625,163.99690676083935,161.31436620287238,163.81617989670656,36142700
2020-02-03,165.8804473876953,165.99459375290948,162.09442843750818,162.12296502881173,30107000
2020-02-04,171.3406524658203,171.83531088100904,167.7163604089728,168.50590659560362,36433300
2020-02-05,171.13143920898438,175.2218546387579,169.7140729951609,175.06014239694846,39186300
2020-02-06,174.67958068847656,174.86032210279942,171.28358131001283,172.1492299180586,27751400
2020-02-07,174.9269561767578,176.58215148732543,173.58567796897313,173.93765354697206,33529100
2020-02-10,179.50245666503906,179.6356322600572,174.3181013028354,174.63201831574622,35844300
2020-02-11,175.45005798339844,181.4049288609839,174.555872987377,181.3573630498034,53159900
2020-02-12,175.70693969726562,176.79137365715482,172.98634018174704,176.53452983335058,47062900
2020-02-13,174.7556915283203,177.15285230690492,173.95662342040714,174.15639407614833,35295800
2020-02-14,176.31576538085938,176.3728385673503,173.74735586834763,174.3181167633619,23149500
2020-02-18,178.1040802001953,178.5511727442133,176.4584074723489,176.56304646169457,27792200
2020-02-19,178.6383056640625,179.49677098776976,177.86568396178592,179.38231282586216,29997500
2020-02-20,175.91024780273438,178.609663963269,172.74345118234925,178.32350404731486,36862400
2020-02-21,170.34925842285156,175.03269814425303,169.07109398402642,174.71792369802935,48572600
2020-02-24,163.00454711914062,166.49566562535716,155.69800236911044,160.02851930646872,68311100
2020-02-25,160.31468200683594,166.77228055874716,159.91404943605284,166.16181293118208,68073300
2020-02-26,162.3178253173828,165.26523961603687,160.4482739625483,161.87905929836498,56206100
2020-02-27,150.88104248046875,159.32267991051899,150.69027405563045,155.78387978247017,93174900
2020-02-28,154.53431701660156,156.15588503240923,144.98621679499112,145.37730153078934,97012700
2020-03-02,164.81686401367188,164.94087002052518,154.82045161825403,157.68202121865457,71030800
2020-03-03,156.91896057128906,166.9249225999731,154.7727829950037,165.7802974702272,71677000
2020-03-04,162.6802520751953,162.8233247486236,157.9777312943237,160.71530973506168,49814400
2020-03-05,158.59774780273438,162.98547961930032,158.0445092042918,158.38789817730108,47817300
2020-03-06,154.1146240234375,155.5835568422293,148.8016355622982,155.10662852311938,72821100
2020-03-09,143.66989135742188,150.47089427934182,143.07850486149775,144.0323615605744,70419300
2020-03-10,153.49461364746094,153.59953846338823,145.53945250980186,150.86197447696378,65354400
2020-03-11,146.54098510742188,150.423173662336,144.1754104054555,149.87948300219972,56371600
2020-03-12,132.643310546875,146.38838910499453,132.18546340559118,138.59538160235746,93226400
2020-03-13,151.50106811523438,154.43894862787204,134.23625525895997,140.69386947918466,92727400
2020-03-16,129.1712646484375,142.45849523329102,128.77064660556167,133.53992981317504,87905900
2020-03-17,139.80677795410156,140.69385766362416,128.77064938704584,133.53993269767716,81059800
2020-03-18,133.9214630126953,139.26306588210693,128.78972431779513,131.63221295705998,81593200
2020-03-19,136.12489318847656,143.22157466077158,132.5860785020876,136.18212226051716,85922700
2020-03-20,131.01222229003906,140.31232502440062,129.59097058119917,139.26307684274727,84866200
2020-03-23,129.70542907714844,134.0836423608826,126.40509306902422,130.6879003068529,78975200
2020-03-24,141.49505615234375,142.6969245421306,134.75129891228053,137.11685873018973,82516700
2020-03-25,140.14064025878906,147.2087226877982,137.77507945408,142.03882054333977,75638200
2020-03-26,148.90655517578125,149.43117921942496,141.52369981403282,141.5523143478046,64568100
2020-03-27,142.79232788085938,147.74284588636053,142.3153995883016,144.74773679128555,57042300
2020-03-30,152.83642578125,153.18936259005073,143.08801100435429,145.40588991119353,63420300
2020-03-31,150.43272399902344,157.17648228814505,149.3357802257252,152.04472935430687,77927200
2020-04-01,145.09112548828125,150.4708760366592,143.86065689971826,145.94005726534934,57969900
2020-04-02,148.0957794189453,148.30562904799265,143.42188761859504,144.85267260499177,49630700
2020-04-03,146.73178100585938,150.11797527329975,145.16745656701602,147.94318311575407,41243300
2020-04-06,157.64390563964844,158.81714534072375,150.3087450666314,152.92231774316124,67111700
2020-04-07,155.946044921875,162.15564710973868,155.7266473905198,161.76456235005216,62769000
2020-04-08,157.51034545898438,158.97927822305374,155.95555453910382,158.0254216203681,48318200
2020-04-09,157.5198974609375,159.64699386180075,155.79341913413606,158.6836038185592,51385100
2020-04-13,157.87283325195312,157.93007688572814,154.81096108382366,156.76637042886347,41905300
2020-04-14,165.68492126464844,165.73261701501713,160.2479404807072,161.20179726928285,52874300
2020-04-15,163.94888305664062,165.5609030982997,161.4307021228073,163.30025297649564,40940800
2020-04-16,168.87074279785156,169.09967359000694,164.9217776000126,166.25718538887708,50479600
2020-04-17,170.35879516601562,171.69418858871583,167.75475615970515,171.21726028708053,52765600
2020-04-20,166.9821319580078,170.50186509629964,166.9153695652934,168.4796937873457,36669600
2020-04-21,160.07623291015625,165.6562856816567,158.44513160482677,165.49413179476156,56203700
2020-04-22,165.51319885253906,165.97104593843355,162.93778898167508,163.48147966716917,34620200
2020-04-23,163.5100860595703,166.9821232770227,163.02362446469579,166.07596247651728,32790800
2020-04-24,166.4956817626953,166.50521508953827,162.83287570674943,164.12057345602702,34277600
2020-04-27,166.0187530517578,168.73723577485046,165.30336056336014,168.44154254173102,33194400
2020-04-28,161.97439575195312,167.56399631501924,161.57377770466547,167.48768603629338,34392700
2020-04-29,169.24276733398438,169.48123148085955,163.948874917113,165.2270392512367,51286600
2020-04-30,170.940673828125,172.0757511297413,168.09817024610416,171.69421425328022,53875900
2020-05-01,166.51480102539062,170.39699092351708,165.98062895146168,167.6880409018882,39370500
2020-05-04,170.5877227783203,170.7403433381187,165.78029158225254,166.43845501102263,30372900
2020-05-05,172.41909790039062,175.1757426383778,171.5987807177355,172.28555857087446,36839200
2020-05-06,174.11700439453125,175.70041008950886,173.2490058153293,173.67823844103557,32139300
2020-05-07,175.12808227539062,176.0342431587368,174.1551444420004,175.67177298351953,28316000
2020-05-08,176.15821838378906,176.46345946208552,174.8991353225554,176.44437825601807,30877800
2020-05-11,178.1232147216797,178.8576739397428,174.4127125466387,174.69885792785863,30892700
2020-05-12,174.08834838867188,178.409317263946,173.8880466699136,178.18040101393655,32038200
2020-05-13,171.4557342529297,175.55732079272926,168.39384797708584,174.1265358059176,44711500
2020-05-14,172.19972229003906,172.3523428315941,167.57351218768702,169.34768595785033,41873900
2020-05-15,174.70835876464844,178.4283932657609,168.83259927418283,170.79754132116506,46610400
2020-05-18,176.37767028808594,177.60813919722696,175.47150920867819,177.17890653379172,35264500
2020-05-19,175.1566925048828,177.9896477775563,175.02315316277384,176.4920859259728,26799100
2020-05-20,177.58624267578125,177.76798251744347,175.94103881842096,176.77320062473433,31261300
2020-05-21,175.45321655273438,178.5523247036514,175.3193052829855,177.33754880256504,29119500
2020-05-22,175.5297393798828,176.4384386338719,174.6019203696662,175.22366273267104,20826900
2020-05-26,173.67410278320312,178.38970569203147,173.22454042697726,178.2366600824157,36073600
2020-05-27,173.90365600585938,174.07583596489462,168.92023059491422,172.36366922806093,39517100
2020-05-28,173.51145935058594,176.14187020653338,172.53582655985517,172.88017183753388,33810200
2020-05-29,175.28103637695312,176.2566838857437,172.56454250840076,174.78364544763582,42130400
2020-06-01,174.87933349609375,175.0419390104129,173.5689149073107,174.6019364576636,22622400
2020-06-02,176.868896484375,176.95497918760958,173.46371111200258,176.237594136849,30794600
2020-06-03,177.2992706298828,177.854049985037,175.59667846192727,176.78275997245333,27311000
2020-06-04,174.9653778076172,177.7583943609806,174.3723443448823,176.28537058104067,28761800
2020-06-05,179.05929565429688,179.56624656063036,174.0949890477149,174.678462773243,39893600
2020-06-08,180.16880798339844,180.35054780751807,176.41927838524887,177.85404803432183,33211600
2020-06-09,181.5461883544922,182.40704430192065,179.116636919803,179.8244618644037,29783900
2020-06-10,188.28004455566406,189.8869942338778,182.70357115121254,182.81836265373434,43872300
2020-06-11,178.16970825195312,187.24700868997357,177.97840854130584,184.73138903425857,52854700
2020-06-12,179.57582092285156,183.38273995518477,177.12713449585942,182.25404661681338,43373600
2020-06-15,180.72361755371094,182.52186715173283,176.00799959567502,176.5532191592075,32770200
2020-06-16,185.15223693847656,187.07482290269252,183.13399383176537,184.5018004790166,42556700
2020-06-17,185.7931671142578,187.78271672744862,185.26708182791762,186.54880627446562,25687800
2020-06-18,187.7826690673828,187.94527455184777,185.56355154831002,185.56355154831002,23061600
2020-06-19,186.66357421875,190.62353889978985,185.91749497415086,189.95398247453875,44441100
2020-06-22,191.8478546142578,192.02957985760585,186.74006316475052,187.27570820778914,32818900
2020-06-23,193.12957763671875,195.08085808140584,192.67044080660077,193.3017430015885,30917400
2020-06-24,189.23658752441406,194.41132797357815,188.0122516696162,192.83308686871308,36740600
2020-06-25,191.62783813476562,191.88610076811207,186.9696238336156,189.19830119159062,27803900
2020-06-26,187.79220581054688,191.19738987805263,186.4052648295995,191.04434428968074,54675800
2020-06-29,189.8105010986328,189.89658379255488,185.1331516574825,187.26617222432603,26701600
2020-06-30,194.66001892089844,195.51131518498798,189.14094761780814,189.2748588977132,34310300
2020-07-01,195.79824829101562,197.3765038214657,192.99567163260693,194.3060900405778,32061200
2020-07-02,197.29043579101562,198.9739086064146,196.08523423972932,196.73565630368964,29315800
2020-07-06,201.537353515625,201.9486618325649,199.04085316772213,199.748678278493,31897600
2020-07-07,199.19387817382812,205.3346912981551,198.9451899907763,201.29820433993112,33600700
2020-07-08,203.57469177246094,203.98598541378726,199.61472798711608,200.93472078064175,33600000
2020-07-09,204.99993896484375,206.97035404205397,202.2738702017614,206.92252545765635,33121700
2020-07-10,204.37818908691406,204.77036303130967,201.90082321516783,204.33036050426486,26177600
2020-07-13,198.06521606445312,206.41557308795694,197.5199964776641,205.15296852606744,38135600
2020-07-14,199.28948974609375,199.7677462469529,193.2443205695238,197.16602971466077,37591800
2020-07-15,198.9929962158203,202.13993276195455,196.1138967886028,200.44690034098457,32179400
2020-07-16,195.05218505859375,196.754777518485,193.51219810383432,196.46782061727353,29940700
2020-07-17,194.05740356445312,196.12346099342344,192.63219363572108,195.57825605647798,31635300
2020-07-20,202.39817810058594,203.0677343525403,194.18171946693002,196.08518579305823,36884800
2020-07-21,199.67210388183594,204.6364090632848,198.98341330202618,204.3685865706067,37990400
2020-07-22,202.54165649414062,203.06774163784718,199.32777177422597,200.1025450789428,49605700
2020-07-23,193.73216247558594,201.74774715672945,193.35912293956693,198.1799572768316,67457000
2020-07-24,192.546142578125,194.03830108674305,188.92094876491274,191.70440614957712,39827000
2020-07-27,194.98524475097656,195.10002167809546,192.12526468997373,192.70873839488618,30160900
2020-07-28,193.23480224609375,195.79825063622013,192.96697971563972,194.75565474300754,23251400
2020-07-29,195.1860809326172,195.75042021682404,193.22522595682696,193.6939226783325,19632600
2020-07-30,195.0330352783203,195.56869492931756,190.89134597384654,192.25915284158472,25079600
2020-07-31,196.0948028564453,196.18090015305836,190.3557225741938,195.51132911060697,51044000
2020-08-03,207.1233673095703,208.17553769511278,201.28864539449287,202.3216814288709,78983000
2020-08-04,204.01470947265625,205.43035962454596,201.16430400722945,204.85644582294373,49280100
2020-08-05,203.679931640625,205.65034657959205,202.36951317242983,205.55468941750803,28806400
2020-08-06,206.94163513183594,206.96075488712705,202.3503688866513,203.10600788717565,32656800
2020-08-07,203.23992919921875,206.31990300040553,201.75733075780226,205.50687550334305,27820400
2020-08-10,199.19387817382812,202.66602583479983,197.3765088929286,202.46515163658734,36716500
2020-08-11,194.53564453125,198.6199450768943,194.30607612637849,198.15126298539235,36446500
2020-08-12,200.0929718017578,201.1355675470428,195.8460514282238,196.36256206503387,28013100
2020-08-13,199.624267578125,202.15903587919007,199.09818248958464,200.3320924786366,22588900
2020-08-14,199.81556701660156,200.47556334547053,198.48601448280417,199.6816557756159,17958900
2020-08-17,201.13560485839844,202.00603541795837,199.834746255779,200.48518285470567,20184800
2020-08-18,202.2930145263672,203.12517647401427,200.1121652464928,201.3747552844664,21336200
2020-08-19,201.06570434570312,203.36689432311783,200.63423579697414,202.78201018312464,27627600
2020-08-20,205.74473571777344,206.14744059024164,200.30819799368305,200.91224798712884,26981500
2020-08-21,204.24900817871094,207.3460103876092,204.08600960250743,205.05441807189857,36249300
2020-08-24,204.8914337158203,206.64608622451775,203.68330416167504,205.9461330404277,25460100
2020-08-25,207.5569610595703,207.69119604687464,204.32572374555616,204.32572374555616,23043700
2020-08-26,212.04421997070312,212.9455181391844,208.41027833727762,208.90887161504648,39600800
2020-08-27,217.2506561279297,221.632480502061,210.3662822988915,213.7125881385627,57602200
2020-08-28,219.48471069335938,221.14347442445492,217.25064590972104,218.78475766564586,26292900
2020-08-31,216.243896484375,219.2833713197023,215.07412829784337,217.65337102666288,28774200
2020-09-01,217.91224670410156,218.08482824866277,215.18917152451806,216.22470468342772,25725500
2020-09-02,222.11190795898438,223.2720931821289,217.9889702596058,218.583437352341,34080800
2020-09-03,208.35275268554688,219.86823993863055,206.1091048649001,219.82989336183493,58400300
2020-09-04,205.42832946777344,209.36910220754496,196.74137421249213,206.2433368604578,59664100
2020-09-08,194.31556701660156,201.38210582163182,193.8745008771497,197.9974531917492,52924300
2020-09-09,202.59022521972656,205.99405853242104,198.18921986500675,199.05217155822652,45679000
2020-09-10,196.91397094726562,205.89817504143133,195.7058561904277,204.61333786515826,35461500
2020-09-11,195.6291046142578,200.03970639161858,192.95398874055553,198.6685787461497,33620100
2020-09-14,196.9523162841797,200.5862578795132,195.62913263534196,195.83049239384434,30375800
2020-09-15,200.18357849121094,201.14240395179937,198.40974553691618,199.83840074017849,21823900
2020-09-16,196.60716247558594,201.97657624532405,196.2140405277088,201.94781265211503,26328100
2020-09-17,194.55526733398438,195.91679765967976,191.7267353023383,191.81302607786137,34011300
2020-09-18,192.13902282714844,195.2647883886692,188.16948622524788,194.44979557058838,55225300
2020-09-21,194.20046997070312,194.36348314667723,188.2941172374487,189.070763390151,39839700
2020-09-22,198.87954711914062,199.53155594788726,193.7594233959086,196.61671876733763,33517100
2020-09-23,192.3307647705078,199.53155218776047,191.79382493960753,199.33977542199915,30803800
2020-09-24,194.82371520996094,197.10572410762356,190.99799699279353,191.62124221661983,31202500
2020-09-25,199.2631072998047,200.43286086089412,194.20049558420504,195.16891862918936,29437300
2020-09-28,200.81637573242188,203.81750364143744,199.49319211979287,202.19708652290205,32004900
2020-09-29,198.7261199951172,201.4204312907619,198.29465155014978,200.7300759266091,24221900
2020-09-30,201.66973876953125,203.25179475383445,198.03578247925066,199.1767869931301,33829100
2020-10-01,203.71205139160156,205.17905308654628,202.6189910182993,204.69964038543978,27158400
2020-10-02,197.70021057128906,202.30257539421504,197.07696528611893,199.43568219566714,33154800
2020-10-05,201.71771240234375,201.74647599676422,198.4576969397012,198.68782032558104,21331600
2020-10-06,197.4317169189453,201.5258903306347,196.3866008750534,200.22190199510823,28554300
2020-10-07,201.19033813476562,201.4588080799235,198.20839051556985,198.5343876446166,25681100
2020-10-08,201.90945434570312,202.4943384245125,199.7425142102119,201.84232954510335,19925800
2020-10-09,206.92413330078125,206.972077502924,202.53271065990162,202.53271065990162,26458000
2020-10-12,212.28395080566406,214.64266787262275,207.88294545944655,209.78141577203766,40461400
2020-10-13,213.683837890625,215.93708352416328,211.35388446631572,213.54960291440455,28950800
2020-10-14,211.76617431640625,214.98782818305753,210.107410503166,213.818060047335,23421700
2020-10-15,210.61563110351562,211.28680608560907,207.1159089467499,208.16103995156396,22733100
2020-10-16,210.61563110351562,213.13733243841796,210.2896339165727,211.08544627572238,26057900
2020-10-19,205.39955139160156,213.1468613621215,204.92013875454347,211.34426516501912,27625800
2020-10-20,205.81187438964844,208.4198807511348,204.3161090474314,206.9145324215244,22753500
2020-10-21,205.95570373535156,207.98840894984195,204.3448694172439,204.3448694172439,22724900
2020-10-22,206.0419921875,207.16381616381312,202.98333678251518,205.12151335460695,22351500
2020-10-23,207.3268280029297,207.37477220269963,204.38324140765587,206.17624036102944,18879600
2020-10-26,201.4300537109375,207.4322958032438,199.53158340310517,205.04482977945148,37111600
2020-10-27,204.46951293945312,205.83104322774932,201.6697445765535,202.87785929223526,36700300
2020-10-28,194.33474731445312,200.24111596647438,193.77864139359238,199.11929187560776,51195600
2020-10-29,196.29074096679688,198.82203948797712,194.9963207988178,195.66751029659352,31432600
2020-10-30,194.1333770751953,195.87843166985988,191.4007188728708,195.12096605234098,36953700
2020-11-02,193.99913024902344,196.82766203875832,191.88011983803784,195.87841969764497,30842200
2020-11-03,197.93032836914062,199.55074570208873,194.7566185066281,195.49491819127326,27512000
2020-11-04,207.480224609375,209.33076521149155,203.67368665801723,205.20781312721707,42311800
2020-11-05,214.0961151123047,214.89194194247165,212.04422936084907,212.89758337359194,36080100
2020-11-06,214.5084686279297,215.12211643879692,209.05274851557755,213.10857678692625,25231900
2020-11-09,209.39785766601562,218.72722378232297,208.90886202770187,215.1987536843843,44395000
2020-11-10,202.32174682617188,207.585703654654,201.08486847045984,205.66805281257865,44045100
2020-11-11,207.63365173339844,209.06229227392265,203.4627552217062,203.64493439599147,29440800
2020-11-12,206.5693359375,210.08822321961955,205.62969119016765,208.26646090512634,21593900
2020-11-13,207.5952606201172,208.4677951552141,205.34202994142674,207.45144267719485,18621100
2020-11-16,208.28564453125,208.77465486518045,205.68723580318886,206.0228159261353,24953300
2020-11-17,205.62969970703125,208.71710400471295,205.26534137683592,207.20217276240635,24154100
2020-11-18,202.91871643066406,206.8505754409513,202.77450729205842,205.38934124888527,28372800
2020-11-19,204.20693969726562,204.79335509566087,201.81320838208123,203.2071569644837,24792700
2020-11-20,202.25540161132812,205.04326905705003,201.88048130423013,203.99541674603475,22843100
2020-11-23,201.9862060546875,204.08191044062318,200.1116047303836,202.79372436841595,25683500
2020-11-24,205.59124755859375,205.966167884209,200.7845691949016,201.48634012873154,33979700
2020-11-25,205.60084533691406,206.96594016357292,204.24537325454432,206.79290679217922,21012900
2020-11-27,206.9082794189453,207.90807676542295,205.76428758442702,206.54298182630274,14512200
2020-11-30,205.79312133789062,206.45643058783554,202.68799675205642,205.82196023272226,33064800
2020-12-01,207.85037231445312,208.91745539556217,205.1009519674669,206.21609009254752,30904500
2020-12-02,207.04287719726562,207.13901664044988,204.57225193068112,206.57183206459354,23724500
2020-12-03,205.9565887451172,208.01384678706904,205.38938947020824,206.31227829998286,25120900
2020-12-04,206.0718994140625,207.05246583148178,204.93751578041724,205.93731301706904,24666000
2020-12-07,206.0045928955078,207.20626235832566,204.7548683892306,206.08150150138616,24620000
2020-12-08,207.6581268310547,208.56178476894175,204.65876403195657,205.6970083859873,23284100
2020-12-09,203.61090087890625,206.90827523519087,203.0437163456567,206.840989365072,32440600
2020-12-10,202.38040161132812,204.84141872855034,202.22658437429695,203.58207127159827,26733300
2020-12-11,205.01443481445312,205.07212727508463,201.02489774661876,201.9285556018802,30979400
2020-12-14,205.91812133789062,207.85041564557133,204.64916573487125,204.8606607801778,28798400
2020-12-15,205.85079956054688,207.09091604736759,204.03387583824556,206.8505821440536,27000600
2020-12-16,210.80172729492188,211.5996378230972,206.41803809771568,206.4468770001588,35023300
2020-12-17,210.93629455566406,212.3494593222077,209.49429088929872,211.36889272180971,32515800
2020-12-18,210.1383819580078,211.19585717009113,207.6677566626054,210.1383819580078,63354900
2020-12-21,213.9836883544922,215.33917507525882,208.87899864949568,209.13856336957843,37181900
2020-12-22,215.28150939941406,216.90616900693473,213.27232139657806,214.07983982803108,22612200
2020-12-23,212.4744110107422,214.91619712516564,212.26291599270337,214.4835990132928,18699600
2020-12-24,214.13754272460938,214.96429207339656,212.6474693476439,212.8589643905071,10550600
2020-12-28,216.2620849609375,217.29070652946282,214.3970913608019,215.77179436717526,17933500
2020-12-29,215.48336791992188,218.39621360154018,214.93541425812904,217.5598563272588,17403200
2020-12-30,213.10887145996094,216.90615886299983,212.90699919594755,216.5216158168502,20272300
2020-12-31,213.82029724121094,214.3778737403455,211.18623198712405,213.1281343228935,20942100
2021-01-04,209.27316284179688,214.37785286571398,206.50451143811924,213.9260239305633,37130100
2021-01-05,209.47503662109375,210.07107471127767,207.36010108090161,208.85978237905934,23823000
2021-01-06,204.04348754882812,208.1195559024271,203.74547585042015,203.96657893813935,35930700
2021-01-07,209.8499755859375,210.85938106284232,205.44707073489354,205.76429862560525,27694500
2021-01-08,211.12852478027344,212.0514134324191,208.6386690377971,210.2248669478522,22956200
2021-01-11,209.08091735839844,210.4460123619004,208.3502928010175,210.0230222852734,23031300
2021-01-12,206.61988830566406,208.70599981796764,205.0721518107608,208.12919249318384,23249300
2021-01-13,207.97532653808594,208.37908570333695,205.65850437357804,205.74503572020168,20087100
2021-01-14,204.78372192382812,209.0520545079318,204.51454911841776,207.5619813337417,29480800
2021-01-15,204.42803955078125,206.21612461662198,203.83201608510745,205.26441162063566,31746500
2021-01-19,208.07147216796875,208.59058691911966,204.4087860099995,205.4854771494631,30480900
2021-01-20,215.66603088378906,217.0599646081616,208.88861178460542,209.28276291190494,37777300
2021-01-21,216.27166748046875,217.55024556729595,213.8202588077946,216.01210276555065,30709400
2021-01-22,217.21377563476562,221.17448827697592,217.06958116245943,218.30008955552947,30172700
2021-01-25,220.6553955078125,220.89572944747323,215.55070497642953,220.26124432625218,33152100
2021-01-26,223.34713745117188,225.12559979449426,221.1841320050196,222.89530847335894,49169600
2021-01-27,223.89508056640625,231.1435600205835,221.2417992926183,228.79789854562574,69870600
2021-01-28,229.6919403076172,233.25850234162178,226.00041460275892,226.50031329263115,49111200
2021-01-29,222.99139404296875,228.8170849568112,222.40497878804445,226.86557502148287,42503100
2021-02-01,230.3840789794922,233.1238914058092,223.44323452371898,225.97155193690466,33314200
2021-02-02,230.24948120117188,232.94122377899794,229.4611936474812,231.97028011673513,25916300
2021-02-03,233.6045684814453,235.61375651700394,230.00916778453657,230.30719416490047,27158100
2021-02-04,232.65280151367188,233.83525475261754,231.0762118638934,233.2776783965133,25296100
2021-02-05,232.83547973632812,233.8737239461473,231.12430353926055,232.8643186308661,18054800
2021-02-08,233.0950164794922,234.25822420309325,231.49919605210994,233.74871756898446,22211900
2021-02-09,234.3448028564453,235.29651579174603,232.04721116764924,232.518256262877,23565000
2021-02-10,233.43150329589844,236.41163467412474,231.5761180724798,235.52720773594567,22186700
2021-02-11,235.03695678710938,235.67142716359078,232.78742023275922,235.3157376694766,15751100
2021-02-12,235.51763916015625,235.81565088107706,233.34501108331926,234.49861099316243,16561100
2021-02-16,234.2775115966797,236.61356501974242,233.52767090997287,235.55608986217183,26728500
2021-02-17,235.29884338378906,235.4048344432104,232.15767652677806,232.52383013252495,21653500
2021-02-18,234.9037628173828,235.03865918034367,232.08056939877278,232.98630842262475,16925600
2021-02-19,232.18661499023438,234.97127354610058,231.42540235409896,234.8652824715477,25262600
2021-02-22,225.96206665039062,229.2574053237831,223.92897590919952,228.76600020057145,36446900
2021-02-23,224.7672882080078,226.270423692357,220.39276344960214,221.93444916322446,30228700
2021-02-24,226.0006103515625,226.62691184556778,220.65290597795175,221.6260859908562,26339700
2021-02-25,220.64328002929688,226.0391502353063,219.57373913394193,223.6206454640999,39542200
2021-02-26,223.90972900390625,226.79073377641603,221.17323613180574,223.0907057132155,37819200
2021-03-01,228.30349731445312,228.8141775442121,224.65163525341808,227.30139726551226,25324000
2021-03-02,225.34542846679688,228.65041253400463,224.94073924067865,228.37097480715258,22812500
2021-03-03,219.265380859375,225.06595452670567,218.97631299108363,223.69771563290254,34029500
2021-03-04,218.46563720703125,224.01569334198643,216.08566807744373,218.47528211448403,44727800
2021-03-05,223.15811157226562,224.7672377721346,218.2054668095368,221.1539264753207,41872800
2021-03-08,219.1016082763672,224.86363248546377,218.8510905986167,222.93653271094007,35267400
2021-03-09,225.25869750976562,226.80038325177756,223.2256066050073,224.39150846901197,33080500
2021-03-10,223.9482421875,228.36130202469465,223.58208855958944,228.36130202469465,29746800
2021-03-11,228.486572265625,230.45220741847595,225.7693547309097,226.39567093202942,29907600
2021-03-12,227.15689086914062,227.22434641996819,224.7287409836298,225.48030873585378,22653700
2021-03-15,226.2510986328125,226.61725221705547,223.3604495848346,226.3956399067722,26034900
2021-03-16,229.0453643798828,231.3096969452665,227.3398776015001,227.6674809118383,28092200
2021-03-17,228.39979553222656,229.8547648685786,224.7286738312119,227.54223695824308,29562100
2021-03-18,222.3102264404297,225.65374565437574,221.93444258048842,224.0831546666858,34833000
2021-03-19,221.9536895751953,223.99641032914968,220.99013983048442,222.59926613983933,46430700
2021-03-22,227.3881072998047,228.26492638484754,221.7513354679177,221.87660163832476,30127000
2021-03-23,228.920166015625,232.26368503825154,228.42876090462175,228.8334500612015,31638400
2021-03-24,226.87745666503906,229.3248668420224,226.74256027264792,229.18034024396192,25620100
2021-03-25,223.87118530273438,228.30352082406327,223.12926244882283,226.72329954041302,34061900
2021-03-26,227.86024475097656,228.0818717832289,223.10995145759244,223.10995145759244,25479900
2021-03-29,226.6654510498047,228.16858632441054,223.4279232650373,227.96623440547395,25227500
2021-03-30,223.39901733398438,225.3261168505075,222.6763550152882,225.0177738706146,24792000
2021-03-31,227.17611694335938,230.38473920948553,223.91931425170065,224.4203642125562,43623500
2021-04-01,233.51629638671875,233.98842637192715,229.37302936873,229.77771851430987,30338000
2021-04-05,239.99134826660156,240.8489069737812,233.85352623404805,233.9113368678305,36910600
2021-04-06,238.82546997070312,240.30933029268618,237.8811952203503,238.58458250461078,22931900
2021-04-07,240.79107666015625,241.7835317265148,238.17986507093792,238.77726121114534,22719800
2021-04-08,244.0189971923828,244.87655596262505,242.8145598913345,243.55649738550932,23625200
2021-04-09,246.52420043945312,246.65909681143572,243.23849238300303,243.65281170316325,24326800
2021-04-12,246.58203125,248.27788829668532,245.3390437825906,245.42577443800744,27148700
2021-04-13,249.0679931640625,249.74248982614807,247.4684968725748,247.88284565910578,23837500
2021-04-14,246.27365112304688,249.3955425744153,245.85933183145448,248.09477407314623,23070900
2021-04-15,250.0411834716797,250.4555028456161,248.33571084081115,248.52840316568023,25627500
2021-04-16,251.2359619140625,251.48649426821015,248.2104308752593,250.01226427112198,24878600
2021-04-19,249.30886840820312,251.9490148829156,248.42241904999537,250.70602739466509,23209300
2021-04-20,248.84637451171875,250.71566342921685,247.47812089177063,248.4224102579436,19722900
2021-04-21,251.08181762695312,251.17817849708283,247.87320942861808,249.5016110966203,24030400
2021-04-22,247.7960968017578,252.23804693896332,246.32185218965753,250.72526680683916,25606200
2021-04-23,251.63099670410156,251.97788988464308,247.89241918659303,248.4801997906317,21462600
2021-04-26,252.01641845703125,252.8739918255724,250.68674453877372,252.12242421733816,19763300
2021-04-27,252.42115783691406,253.596689841561,250.63858471602703,252.04535927725757,31014200
2021-04-28,245.28126525878906,247.18910468607802,243.72994929963662,246.7458505511702,46903100
2021-04-29,243.305908203125,246.76506249797114,239.9238543444585,246.1483913319368,40589000
2021-04-30,242.9879913330078,243.8551950096388,240.50204568676875,240.63694207611977,30945100
2021-05-03,242.6796417236328,245.07888590495,241.96660961246243,244.1635018762169,19626600
2021-05-04,238.75796508789062,242.05331788139998,236.8019604436024,241.822060668799,32756100
2021-05-05,237.4861297607422,240.40568459382968,236.85982824705025,239.98172031267046,21901300
2021-05-06,240.62725830078125,240.75252446444634,235.77097436595255,237.4668165156734,26491100
2021-05-07,243.25778198242188,245.03071003481767,242.0147945427054,242.9590692028245,27032900
2021-05-10,238.17022705078125,242.55438148087032,238.11241641652208,241.72572808374886,29299900
2021-05-11,237.25486755371094,237.61139098411766,233.7282863940429,235.6361109168277,33641600
2021-05-12,230.28842163085938,235.4723246970904,229.39232729849988,233.34287299026997,36684400
2021-05-13,234.17149353027344,236.64782343406685,232.62017785153265,232.9863314597455,29624300
2021-05-14,239.1048583984375,240.09731343906537,236.54182730369283,236.62854325032586,23901100
2021-05-17,236.24314880371094,237.60175764175742,234.64366720205916,237.5632221163097,24970200
2021-05-18,234.21969604492188,237.4283187651107,234.04624942898002,237.29342237609092,20168000
2021-05-19,234.79913330078125,234.90536910405467,230.4338423981237,231.11953416207322,25739800
2021-05-20,238.04415893554688,239.46384901296523,235.51383377773752,235.61041714844688,21800700
2021-05-21,236.7789764404297,239.8308279648836,236.3637004017269,239.0968445135114,21863100
2021-05-24,242.1969451904297,242.56394424227844,239.03885822414537,239.3092739244917,21411500
2021-05-25,243.10484313964844,244.0995900427976,242.2356516810021,243.15313482880757,17704300
2021-05-26,242.8826904296875,244.28306083094176,242.16801182939886,242.82473156759428,17771600
2021-05-27,240.7772979736328,242.87302739019415,240.71935384710486,242.57363957876439,24426200
2021-05-28,241.1345977783203,243.45246568643358,241.01870954070753,242.40942733826526,18270200
2021-06-01,238.9326934814453,242.68955708184936,238.5077649235084,242.6316129483377,23213300
2021-06-02,238.83609008789062,240.73866745632938,237.42605251919264,239.6376848701333,19406700
2021-06-03,237.30050659179688,237.9089346282766,234.68325068647783,236.82727168648836,25307700
2021-06-04,242.20663452148438,243.03720136663765,239.0388946321911,239.2803383111711,25281100
2021-06-07,245.12327575683594,245.39369149557498,241.2601769330751,241.42435686469864,23079200
2021-06-08,243.92575073242188,247.24801843527007,243.86779186514087,246.4271039524945,22455000
2021-06-09,244.9108123779297,246.7844177283036,244.54382799818796,245.12328399930527,17937600
2021-06-10,248.43589782714844,248.64836946011133,244.98808948598523,245.58686514076032,24563600
2021-06-11,249.0636749267578,249.64311622270577,247.82745490044852,249.16022882734407,18999700
2021-06-14,250.9951629638672,251.053107079254,248.01089365594376,249.07325155986953,19150500
2021-06-15,249.5175323486328,251.09174979380785,248.86081263932797,250.87927818513813,18038900
2021-06-16,248.57110595703125,251.66156742450917,245.71240625795707,250.52196031099743,27220000
2021-06-17,251.97061157226562,252.7915259561424,247.24798864832576,247.3059327720719,27565500
2021-06-18,250.55091857910156,253.32268719965396,249.89419886914507,250.74408530466727,37202200
2021-06-21,253.64141845703125,254.50094262852164,249.09262779573734,250.9275938620824,26696100
2021-06-22,256.4228515625,256.69326730119366,253.41927690151593,253.72833188091008,24694100
2021-06-23,256.1910095214844,257.6976154925299,255.37976241962147,256.88636839066703,19518700
2021-06-24,257.56256103515625,258.68286367600496,256.3843142467737,257.0507014165296,21446900
2021-06-25,255.9496612548828,258.10334995840134,255.6985798148807,257.1182701404426,25611100
2021-06-28,259.52294921875,259.69678157154965,256.8091249764496,257.0795406829496,19590000
2021-06-29,262.1112060546875,262.3526496913394,258.80827361022557,259.6677976306942,19937800
2021-06-30,261.6283874511719,262.07263560674545,260.3728920002913,261.4255829956221,21656500
2021-07-01,262.30450439453125,262.5362809706454,260.37295433193987,260.38259204053463,16725300
2021-07-02,268.1473693847656,268.48539646198327,263.17363502118866,263.4826900331081,26458000
2021-07-06,268.1569519042969,269.808418051125,264.91193424984465,268.5142837545306,31565600
2021-07-07,270.3492736816406,271.08327180082625,267.66442150258445,269.8374143282879,23260000
2021-07-08,267.9252624511719,269.1904251024168,265.46251898624683,267.4230406840095,24618600
2021-07-09,268.4273986816406,268.53361974213453,265.89707390763294,266.28337785876886,23916700
2021-07-12,267.82861328125,270.19474331558087,267.1139200511895,269.60563496956865,18931700
2021-07-13,271.3633728027344,273.16936668942884,267.8962453327776,268.02177128034975,26120100
2021-07-14,272.84100341796875,273.95163836113994,270.94806389988065,272.68647593854706,23113700
2021-07-15,271.4116516113281,272.8410087189218,270.2527102297004,272.3484542107645,22604200
2021-07-16,271.1412048339844,274.37655547016755,269.8953474123771,272.4160343131593,26186800
2021-07-19,267.5292663574219,270.7742552906223,265.05688541600085,269.3835373269348,32935600
2021-07-20,269.76025390625,271.3537766070522,266.8049850507663,268.51439602462887,26259700
2021-07-21,271.76898193359375,271.88487017645934,267.7996622499302,269.3545452968825,24364300
2021-07-22,276.3467712402344,276.61718696207936,273.7198630252672,274.1254718714831,23384100
2021-07-23,279.7559814453125,280.06500696204523,276.6944625563651,277.5346818630906,22768100
2021-07-26,279.1572265625,279.7753366533579,276.8297349605999,279.10894960613797,23176100
2021-07-27,276.7330627441406,279.66899631395427,273.26593545929944,279.5241360182565,33604100
2021-07-28,276.42401123046875,280.21949839038996,274.1157957556486,279.09919630124614,33566900
2021-07-29,276.6944274902344,278.74186496050413,276.2887891833402,276.443316658676,18168300
2021-07-30,275.15887451171875,276.84898024407687,274.1930998075141,275.40998536620555,20944800
2021-08-02,275.07196044921875,276.9552034530972,274.0289072556845,276.55923228454304,16267400
2021-08-03,277.293212890625,277.39946342817643,274.2800006972531,275.65141366890487,17879000
2021-08-04,276.7040710449219,277.74709457301503,274.90771508646725,276.42398817771823,16191300
2021-08-05,279.611083984375,279.71733452870075,276.30815097455206,277.0614540709244,13900200
2021-08-06,279.5531311035156,279.5917703432516,277.7761092260167,278.6356628397924,16589300
2021-08-09,278.46185302734375,281.5716492622996,277.9596607093601,279.8332662997247,16117600
2021-08-10,276.6365051269531,279.3503296535524,275.4389539402985,278.91571925292214,18616600
2021-08-11,277.1290283203125,278.78049460441196,276.07630808874427,277.38010967012855,13955900
2021-08-12,279.8912048339844,280.0457323456055,276.5399649505444,276.82004790742695,14561300
2021-08-13,282.82720947265625,282.8754864325278,279.398690601484,279.5725524978713,18249000
2021-08-16,284.51727294921875,284.72974459233865,280.09400768966105,283.1555268919196,22507600
2021-08-17,283.0491943359375,283.38722132567307,281.1176452209921,282.3828370065338,20075300
2021-08-18,281.31719970703125,285.2747764039946,280.87207162165635,282.58478416986804,21813000
2021-08-19,287.16162109375,287.8389693688387,279.29486668933555,279.34323605347345,29850500
2021-08-20,294.5058288574219,295.9379220471465,288.4098135595608,290.01607186533374,40817600
2021-08-23,294.78656005859375,295.51227784777274,292.0772254574719,293.4318927580328,22830200
2021-08-24,292.8222961425781,295.7541949403405,292.2223741389388,295.1445872496961,18175800
2021-08-25,292.2320556640625,294.7285119245155,290.6935374583888,294.44789277116877,20006100
2021-08-26,289.4065856933594,292.63844549546803,289.2711337228512,291.2450649242012,17666100
2021-08-27,290.0161437988281,291.1289050222775,287.2196974474057,289.3097679469551,22605700
2021-08-30,293.76080322265625,294.37041072831073,291.3127170454971,291.37077209084276,16348100
2021-08-31,292.1062316894531,294.6414009234125,291.7385299783542,294.5640040245376,26285300
2021-09-01,292.05780029296875,295.3090307450356,291.72881183267793,293.0641370435522,18983800
2021-09-02,291.3998107910156,293.5382504553408,290.4612148158913,292.41583318258716,16285600
2021-09-03,291.3901672363281,292.80288933755895,290.53865379574177,291.2450000815937,14747900
2021-09-07,290.46124267578125,291.34178368779095,288.54536686307154,291.26438679344585,17180400
2021-09-08,290.49017333984375,290.8772167415688,287.83889503203244,290.0741024212273,15046800
2021-09-09,287.6260681152344,292.35776092046893,287.38416225475055,291.0804908900287,19927000
2021-09-10,286.13592529296875,290.2096413237398,285.8166225439312,288.7582061327018,19633400
2021-09-13,287.37445068359375,288.8742846011995,284.55866317767146,287.91631739990305,23652900
2021-09-14,290.0838928222656,291.63209651757876,288.4486065448419,289.8613287594078,21853400
2021-09-15,294.9510803222656,295.4348922001529,292.04820905494216,293.4415896256201,28356300
2021-09-16,295.33807373046875,295.42515631014606,291.0224807813531,293.925351555378,19550800
2021-09-17,290.1612854003906,294.641387411537,289.83229691858133,294.32208461521674,41372500
2021-09-20,284.7716369628906,289.04854661774027,280.1463969577209,286.7359118503898,38278700
2021-09-21,285.25543212890625,287.90674093489395,284.5490857833115,286.1166313271891,22364100
2021-09-22,288.91302490234375,290.49994168937883,284.9748195189621,287.1229449687735,26626300
2021-09-23,289.861328125,291.1579402272472,287.8970533651699,289.17432362572237,18604600
2021-09-24,289.6581115722656,290.09352444599716,287.31644962082186,288.5743779360535,14999000
2021-09-27,284.64581298828125,286.8713351873804,283.45562547355723,286.55203243098015,23571700
2021-09-28,274.3406066894531,281.36556281548087,273.595547218021,280.4172811458642,43186200
2021-09-29,274.8051452636719,277.4854524231116,273.84720719970346,275.86953729559986,26353700
2021-09-30,272.7924499511719,278.5110792660629,272.5021451623447,276.4597220216069,32343600
2021-10-01,279.739990234375,280.59150373187396,272.1828522383653,272.9859668378756,30086300
2021-10-04,273.94384765625,278.43363442373504,271.1764588957489,278.0949603265245,31350700
2021-10-05,279.4110412597656,280.9979288416882,274.8535121725335,274.8535121725335,24993000
2021-10-06,283.62017822265625,284.1233614627478,276.2662614750365,276.52750925233056,28002600
2021-10-07,285.3038635253906,287.0359182753925,284.40398054096374,285.62316636422395,20430500
2021-10-08,285.3038635253906,287.0359182753925,284.24915720017,286.6295033146172,17685700
2021-10-11,284.70391845703125,288.3228214749395,283.2718248179271,283.436333832164,19298600
2021-10-12,283.3975830078125,285.8746968719073,282.8847437202349,285.777928613406,17974100
2021-10-13,286.7165832519531,287.65517944527,283.98787726360524,285.36191594446814,23416300
2021-10-14,292.94805908203125,293.45121274775926,288.18733774656533,289.5226631039349,27262900
2021-10-15,294.36077880859375,294.5930285619211,290.7902452200599,292.5513273292696,25384800
2021-10-18,297.3410339355469,298.2312310200671,292.88995992436827,293.7414733301012,22729300
2021-10-19,298.2506408691406,299.28597570650606,297.27333155744253,298.3667509795345,17682100
2021-10-20,297.45721435546875,299.67308096523396,296.1992857888648,299.1989252574953,16537100
2021-10-21,300.69873046875,300.9502925339426,296.44116284819944,297.2249651602557,16918100
2021-10-22,299.1504821777344,301.0179884292561,297.8344988739321,300.35032585775446,17449300
2021-10-25,298.1539306640625,299.3828022777518,296.53798590097415,299.34408905690486,17554500
2021-10-26,300.0697326660156,302.2855989210109,298.6086411478596,300.9309318219303,28107300
2021-10-27,312.7069091796875,315.5420390354702,305.76903547667126,305.76903547667126,52588700
2021-10-28,313.8487243652344,314.35187801269495,310.95550968613065,313.82935299410144,26297900
2021-10-29,320.88336181640625,321.25106354157043,313.4133057841981,313.6358698624636,34766000
2021-11-01,318.7062072753906,320.7575647556031,315.8033362306678,320.6317689522734,27073200
2021-11-02,322.344482421875,322.6541290876948,319.31581556767475,319.6157765472091,26487100
2021-11-03,323.1862487792969,324.05710402279703,319.9447041506054,323.08948052345784,21500100
2021-11-04,325.5473327636719,325.6441010433751,318.84170734665486,322.1122803057055,23992200
2021-11-05,325.1795959472656,327.8212190976407,323.5927085435073,327.5502856614122,22570100
2021-11-08,326.0794372558594,326.7180723161404,323.61200911663707,326.37939818166205,20897000
2021-11-09,325.07318115234375,327.7534880662082,323.6991425589229,326.1955986145931,21307400
2021-11-10,320.08990478515625,323.7959200537568,319.23842074290917,323.7378649947293,25500900
2021-11-11,321.6671142578125,322.9637263705038,319.80929343616174,320.52532546851364,16849800
2021-11-12,325.81817626953125,326.3116736890881,322.9830465871682,323.1088423630964,23831000
2021-11-15,325.18927001953125,326.9406663714479,323.21530960920296,326.6116778913146,16723000
2021-11-16,328.5178527832031,329.64029954864577,324.64735891458355,324.81183836746607,20886800
2021-11-17,328.7409362792969,331.7169833914679,327.65521957502165,328.5664524340158,19053400
2021-11-18,330.82501220703125,331.968919377058,326.8020338448508,327.82958890843764,22463500
2021-11-19,332.6086730957031,334.5377867618701,331.72655082273826,332.1530864365154,21963400
2021-11-22,329.4290466308594,338.9679066311666,329.15761757937406,334.07245071718984,31031100
2021-11-23,327.34490966796875,329.060755723805,323.35101172103555,326.73418680630175,30427600
2021-11-24,327.56781005859375,327.8101584697895,323.69023547946244,325.98769368423035,21661300
2021-11-26,319.58978271484375,327.5872826116313,318.07753055559016,324.1168653701531,24217200
2021-11-29,326.3270263671875,328.6535654759392,324.4948579595325,324.68874854507425,28563500
2021-11-30,320.4719543457031,327.44189947311935,318.9209180510821,325.0571985504791,42885600
2021-12-01,319.9775390625,328.8959751540694,319.3086844600099,324.87299621520316,33337600
2021-12-02,319.4055480957031,323.2831232277246,317.76727023574,320.19075469325344,30766000
2021-12-03,313.12384033203125,322.51726680658993,308.2962494902916,321.8289760413608,41779300
2021-12-06,316.2066345214844,317.4280804409498,309.4596604945785,314.0352014055968,30032600
2021-12-07,324.66943359375,325.5224754165233,319.99694767134787,321.48982263242334,31021900
2021-12-08,324.7178649902344,325.2316425566837,320.6754795458663,325.04745535516855,24761000
2021-12-09,322.9051208496094,326.191350856802,321.9551041573975,324.17502451883644,22214200
2021-12-10,332.05615234375,332.5020651973553,324.54335057908673,324.727537763227,38095700
2021-12-13,329.0122985839844,333.2679521970493,328.70208542193865,330.2531216486118,28899400
2021-12-14,318.2907409667969,324.39793935424154,314.19019474595046,323.021387209704,44438700
2021-12-15,324.40765380859375,324.93113478361175,314.5683119105372,318.55250653000735,35381100
2021-12-16,314.9560852050781,326.45311271750325,313.1336198644179,325.435231330319,35034800
2021-12-17,313.88970947265625,314.97545540950694,307.54019173672924,311.0590960634918,47750300
2021-12-20,310.1187744140625,312.92030711538064,307.8503964698501,310.2544741627499,28326500
2021-12-21,317.2728576660156,317.69939324095,310.01207907239177,313.3952830455552,24740600
2021-12-22,323.00201416015625,323.3994395700716,315.78001878131556,318.2519610473349,24831500
2021-12-23,324.4465026855469,326.0944844330465,322.5464985974206,322.5658758286814,19617800
2021-12-27,331.9689025878906,331.9979832171421,325.16373950754667,325.19282013679816,19947000
2021-12-28,330.8056640625,333.287310047464,329.9041348473056,332.6475065317783,15661500
2021-12-29,331.4842224121094,333.762274179864,329.28367954819765,330.8540927739974,15042000
2021-12-30,328.9347229003906,332.62811104177933,328.4500259833207,331.4454493807866,15994500
2021-12-31,326.0265197753906,328.973455535573,325.57090352022,328.14949449804215,18000800
2022-01-03,324.50457763671875,327.6551075166869,319.68668922154853,325.0862198389616,28865100
2022-01-04,318.9402770996094,324.94082734218637,316.1387146989663,324.5821267708263,32674300
2022-01-05,306.69683837890625,316.09026737820085,306.3090867462832,315.8866733646423,40054300
2022-01-06,304.2733459472656,308.9458313978056,301.9564804488897,303.56567778767305,39646100
2022-01-07,304.4284362792969,306.8131367364131,300.5993189479023,304.5350553968575,32720000
2022-01-10,304.6513671875,305.08760621418344,295.3645879565641,300.01766618462113,44289500
2022-01-11,305.3396911621094,306.91977831660637,300.40547992451036,303.78865505675424,29386800
2022-01-12,308.5289306640625,313.5116286180688,307.3753497629147,309.8861055479179,34372200
2022-01-13,295.47125244140625,311.05912310773493,294.69574914549776,310.66166805392663,45366000
2022-01-14,300.7060241699219,301.3070437036342,294.45342117089507,294.9381181604768,39846400
2022-01-18,293.3869934082031,300.31815235246546,292.50484160314465,294.76354546028995,42333200
2022-01-19,294.04620361328125,304.30240641930027,293.4355103792751,296.9156305153396,45933900
2022-01-20,292.3691711425781,302.11156683740717,291.9232582853758,299.6105438916935,35380700
2022-01-21,286.9696350097656,294.80232361257026,286.56247661178855,293.4258010333453,57984400
2022-01-24,287.2992248535156,288.01656677151595,267.6011364861104,283.2568694279383,85731500
2022-01-25,279.660400390625,285.96145992153714,276.4420355444881,282.59766234246206,72848600
2022-01-26,287.6288757324219,299.0580388894197,284.06151303308127,298.5636384993962,90428900
2022-01-27,290.6630554199219,297.8947254313369,288.81150957189453,293.3967532426776,53481300
2022-01-28,298.82537841796875,299.03864626312003,285.438050786546,291.0411464452791,49743700
2022-01-31,301.4620666503906,302.8192119279714,296.9931462628892,299.49419860201147,46444500
2022-02-01,299.3100280761719,301.1227896817067,295.7911239790513,300.9095218702585,40950400
2022-02-02,303.8662109375,305.4754084003278,299.42639978521,300.1534452277407,36636000
2022-02-03,292.0298767089844,301.7044372994963,290.77935044731777,300.01767200268654,43730000
2022-02-04,296.57635498046875,299.34880717402064,290.78907254882864,291.02171760463654,35096500
2022-02-07,291.7391052246094,298.41821379352973,290.72122388231634,296.7993425518359,28533300
2022-02-08,295.2386169433594,296.20801088645777,290.7697250657824,292.02992535838814,32421200
2022-02-09,301.68505859375,302.3830233648674,297.98199648655384,300.38607435541684,31284700
2022-02-10,293.1253967285156,299.65910358576355,291.4968217181401,294.73459450670595,45386200
2022-02-11,286.010009765625,294.9769041315097,285.21509959746055,293.9105648307472,39175600
2022-02-14,285.9712219238281,287.6773647823829,282.4329398404649,284.7788566874214,36359500
2022-02-15,291.2737731933594,291.59366014918345,287.9293525556165,290.8278603028446,27058300
2022-02-16,290.9338073730469,292.2646183764721,285.2802618312306,289.83612248855013,29982100
2022-02-17,282.41461181640625,288.3109764117442,281.70548045213417,287.88355882844604,32461600
2022-02-18,279.6947326660156,285.45511803174475,278.1210720097872,284.66828770363054,34264000
2022-02-22,279.4907531738281,283.20150223418443,276.3628490914678,276.8485482990099,41736100
2022-02-23,272.25384521484375,283.3569525301801,272.08872407192825,281.88040784681664,37811200
2022-02-24,286.1642150878906,286.7179192209472,263.75404970523874,264.7157541586324,56989700
2022-02-25,288.8064270019531,289.11728157354844,283.30830905134627,286.69850928615546,32546700
2022-02-28,290.244140625,290.584135999086,284.61973550343583,285.8922650550983,34627500
2022-03-01,286.51397705078125,291.39038646773963,283.79404367642127,287.9224869789125,31217800
2022-03-02,291.60406494140625,292.8474536090081,285.2996993116975,286.9121944404564,31873000
2022-03-03,287.4561767578125,294.4599496832263,285.6396371693534,294.2268235947487,27314500
2022-03-04,281.5694885253906,287.2036162824794,278.9564544502619,285.8728053947299,32356500
2022-03-07,270.9327087402344,281.40438143444726,270.56357263581685,280.27755582691316,43157200
2022-03-08,267.9601745605469,275.8381990028326,262.2774896883556,269.8543830881321,48159500
2022-03-09,280.2484130859375,281.3169571583642,272.74921692953006,275.3331399974986,35204500
2022-03-10,277.4216613769531,278.40278323268905,272.5549459789459,274.9251604113095,30628000
2022-03-11,272.0595703125,281.2295740286953,271.43786107661583,279.7238886481978,27209300
2022-03-14,268.5333557128906,277.23707641662975,267.93109349369803,272.32180325678297,30660700
2022-03-15,278.9370422363281,279.58789220242016,270.7578843795946,272.33154503092817,34245100
2022-03-16,285.9698791503906,286.1447236803676,275.099932866095,280.8408691133449,37826300
2022-03-17,286.77618408203125,287.1550139730886,281.0934985584017,284.9013926296288,30816600
2022-03-18,291.837158203125,292.3908622996214,284.3574097450835,286.92188561378543,43390600
2022-03-21,290.60357666015625,291.55555785519215,286.46540959456127,290.34130973920577,28351200
2022-03-22,295.36334228515625,296.27645898935685,290.2246373680648,291.2251763552564,27599700
2022-03-23,290.924072265625,294.5571221270399,289.20470791785544,291.9149175208854,25715400
2022-03-24,295.4022521972656,295.49939796385246,289.7875707673661,290.584124550762,24484500
2022-03-25,294.9942321777344,296.7621842197346,290.7298090046941,296.49991734768025,22566500
2022-03-28,301.81341552734375,301.9105316260745,295.6255844417618,295.6255844417618,29578200
2022-03-29,306.38873291015625,306.7870097595386,300.21062447729247,304.9316355003431,30393400
2022-03-30,304.88299560546875,306.9132437362632,302.6682091075015,304.7858795105518,28163600
2022-03-31,299.4917907714844,306.1264573909098,299.0838201093192,304.9219034077855,33422100
2022-04-01,300.57000732421875,301.25969166134,296.80097802606275,300.52141963332934,27110500
2022-04-04,305.9613342285156,306.09731457992234,300.85176950899194,301.2209056188057,24289600
2022-04-05,301.9883117675781,305.8641815434495,301.0071899868292,304.3099383163862,23156700
2022-04-06,290.9338073730469,298.21929503681264,288.2235976616029,296.46106638553516,40110400
2022-04-07,292.7503356933594,294.9651228945871,287.87392632036267,288.17505745754556,31411200
2022-04-08,288.47613525390625,292.50743200328867,287.80586809966695,291.8468883177177,24361900
2022-04-11,277.1011047363281,284.2408589427509,276.8485316772578,283.444334820197,34569300
2022-04-12,273.99261474609375,282.42434526371244,272.46751223011626,280.96724774660083,30966700
2022-04-13,279.3936462402344,280.3261805478178,273.25440028878717,274.6435227454439,21907200
2022-04-14,271.82635498046875,280.06382268306834,271.33096203916773,279.85011388563913,28221600
2022-04-18,272.49664306640625,274.3811581581207,270.3790018667597,270.9327060178222,20778000
2022-04-19,277.1399230957031,277.98506451815985,270.44700422483857,271.38926176150375,22297700
2022-04-20,278.16961669921875,281.41411326884315,277.2079418210266,281.12267597761297,22906700
2022-04-21,272.7783508300781,284.91110595859055,272.049802114216,280.3261048543094,29454600
2022-04-22,266.19232177734375,275.10005879858863,265.56091870024625,273.62351415029184,29405800
2022-04-25,272.6909484863281,273.0697784310283,263.0255229577328,265.4734657946964,35678900
2022-04-26,262.4913024902344,270.39847082383966,262.27759363555697,269.5630823476558,46518400
2022-04-27,275.1194152832031,282.6477517681087,271.1755407349465,274.0314539795078,63477700
2022-04-28,281.3460998535156,282.6574935130097,273.4097625442166,277.03308894590896,33646600
2022-04-29,269.58245849609375,281.58895747620693,268.5916428545901,280.3552626033105,37073900
2022-05-02,276.33367919921875,276.79023759197617,268.3196431194536,269.76701711906315,35151100
2022-05-03,273.7205810546875,276.0033727323189,272.1371972603151,275.83822199618373,25978600
2022-05-04,281.6860656738281,282.56031814029586,268.8150392969301,274.5074186198129,33599300
2022-05-05,269.4173583984375,278.15994420058433,266.4934396605179,277.3731138499693,43260400
2022-05-06,266.8722839355469,271.2629938805999,263.51122424281493,266.9499827611978,37780300
2022-05-09,257.01251220703125,264.56998870833337,255.78857068346935,262.33578479754385,47726000
2022-05-10,261.7918701171875,265.92031333795944,257.48858229827016,263.9192349954693,39336400
2022-05-11,253.09780883789062,263.59862182505924,251.88356099344725,258.08108673464193,48975900
2022-05-12,248.04653930664062,252.4469720202094,242.8689850591768,250.31960756483633,51033800
2022-05-13,253.65151977539062,255.51661755817597,248.04656224715404,249.98935885039046,34925100
2022-05-16,254.02066040039062,258.21710825290523,248.46426083031778,252.52469868871455,32550900
2022-05-17,259.1885070800781,260.6552983861274,254.9531949859785,258.4987929280835,28828800
2022-05-18,247.3877410888672,256.6569961862694,246.11224780125326,256.0727937558595,31356000
2022-05-19,246.47250366210938,250.88320092166384,245.2456963560766,247.21248054968524,32692300
2022-05-20,245.90777587890625,251.73027831632496,239.94897637698514,250.4645014140494,39199300
2022-05-23,253.78472900390625,254.6123467813233,246.75489552563764,248.76064962825117,33175400
2022-05-24,252.7818145751953,254.44676623936746,246.8230151760362,251.09740039179286,29043900
2022-05-25,255.6054229736328,257.6111618480984,250.35740670345945,251.34081362161467,28547900
2022-05-26,258.89642333984375,260.0745446906605,254.54415799599684,255.36202957362127,25002100
2022-05-27,266.04302978515625,266.1404017941125,260.51264435611944,261.40842523924545,26910800
2022-05-31,264.7091369628906,267.53274712702495,261.846572049841,265.3517566080413,37827700
2022-06-01,265.2446594238281,270.37584058599896,262.9273422171167,267.95143496551884,25292200
2022-06-02,267.3477478027344,267.41591118453516,254.7096506560201,257.48458965470934,44008200
2022-06-03,262.9078674316406,266.2475464172639,261.34028787235826,263.19023737158795,28059000
2022-06-06,261.6713562011719,266.9583275412058,260.18165627348907,264.89417127160834,22400300
2022-06-07,265.3225402832031,265.9359512773266,258.93532847954185,259.6169028538493,22860700
2022-06-08,263.28765869140625,265.8094369636133,262.508712110135,264.55340602953294,17372300
2022-06-09,257.81561279296875,265.52698852996286,257.6598235227371,260.72684863889987,26439700
2022-06-10,246.3264617919922,253.71652916101232,245.87857126759548,253.71652916101232,31422800
2022-06-13,235.87905883789062,242.46101532020856,235.16829061749948,238.653998046273,46135800
2022-06-14,238.0503387451172,239.26741476763672,235.14881881047341,237.43692767556414,28651500
2022-06-15,245.1288299560547,248.57559739959135,239.92948501310266,241.7697032729962,33111700
2022-06-16,238.5177001953125,240.90316631225872,236.61906450455473,239.50109230773435,33169200
2022-06-17,241.12710571289062,243.90204510292367,237.60245815862066,238.25480915111956,43084800
2022-06-21,247.0566864013672,248.04007841973456,242.93809069276986,243.66833626220972,29928300
2022-06-22,246.46275329589844,250.39635109194543,243.77544008593574,245.25540860324242,25939900
2022-06-23,252.04183959960938,252.53841615379295,246.94961224502794,248.83851671782892,25861400
2022-06-24,260.6490173339844,260.9216411791488,254.8265148455369,254.9141407550072,33923200
2022-06-27,257.91302490234375,261.2331820993187,256.34541555511356,261.14555619251996,24615100
2022-06-28,249.7245330810547,259.87980811002035,249.56874378715275,257.0269890927544,27295500
2022-06-29,253.40492248535156,255.0698738258011,249.02343483819726,250.80523555573384,20069800
2022-06-30,250.0652618408203,252.6941575882984,246.23878246192106,250.27946838108716,31730900
2022-07-01,252.74282836914062,252.9278262770001,247.90374841711443,249.63687811044448,22837700
2022-07-05,255.92674255371094,256.05332320960474,248.03035301549468,249.41294954344485,22941000
2022-07-06,259.1982116699219,260.93132656108946,255.488566707851,256.8030146211772,23824400
2022-07-07,261.33056640625,261.97318613341645,258.0395879764146,258.1369600042467,20859900
2022-07-08,260.61004638671875,261.0384595044661,256.35515355768905,257.81564471898173,19658800
2022-07-11,257.54302978515625,259.50981391999767,255.2743834632221,258.652987654912,19455200
2022-07-12,246.98854064941406,258.93536317826056,245.40146874432753,258.8769459056364,35868500
2022-07-13,246.06356811523438,246.8717083934276,241.57499105873987,243.60020738417253,29497400
2022-07-14,247.3877410888672,248.4198191732911,239.46214266727682,243.97019698455844,25102800
2022-07-15,249.95816040039062,253.51201578952933,248.05952512596198,248.98449976151622,29774100
2022-07-18,247.55325317382812,253.96967414471678,246.6282784047325,252.90838746077426,20975000
2022-07-19,252.6941680908203,252.87916600663817,246.99824687706032,250.79551778164452,25012600
2022-07-20,255.3620147705078,257.8935388671316,252.0905286496552,253.054443361376,22788300
2022-07-21,257.8643493652344,257.91305023853096,250.26006010817883,252.94737370240864,22404700
2022-07-22,253.50230407714844,258.34139929761113,252.24630307646098,258.2537733938726,21881300
2022-07-25,252.01263427734375,254.61232191937572,250.04584998280214,254.1254914759352,21056000
2022-07-26,245.26515197753906,253.03497593453565,242.99653536539577,253.0154837015324,39348000
2022-07-27,261.6615905761719,262.937083830948,252.03210083704948,254.28125487951846,45994000
2022-07-28,269.12957763671875,270.5219054098013,260.81450632143316,262.6449933275576,33459300
2022-07-29,273.34552001953125,274.5723421203902,269.3437884448539,270.38561261895575,32152800
2022-08-01,270.6874694824219,273.87132984806976,268.5746123087126,270.50247153899136,21539600
2022-08-02,267.5814208984375,270.57056615747945,265.2056865891924,268.7303333080889,22754200
2022-08-03,275.02996826171875,276.0328377004394,269.3243005039463,269.4703733954384,23518900
2022-08-04,276.17889404296875,276.3249372276528,272.7905733032149,274.3776155284762,18098700
2022-08-05,275.4583740234375,276.1788734901075,271.33977823922174,271.7973999930235,16774600
2022-08-08,272.9366455078125,278.38915278799755,271.9629845547,276.5683818461068,18739200
2022-08-09,274.8644104003906,275.6238645762856,270.29793922937904,272.27449902360144,23405200
2022-08-10,281.5437927246094,282.1766663743065,279.3822643126082,280.5798779306673,24687800
2022-08-11,279.46014404296875,283.5397856381052,278.96359718360935,283.189281972675,20065900
2022-08-12,284.2213439941406,284.2213439941406,279.382248352061,280.8816943899118,22619700
2022-08-15,285.7402648925781,286.4315558102243,282.46874882450317,283.3353212862368,18085700
2022-08-16,285.000244140625,286.29522964293864,282.77058230494487,284.29920717683063,18102900
2022-08-17,284.24896240234375,286.2296881753284,282.44386044524725,282.7072961690795,18253400
2022-08-18,283.1268310546875,284.8245871918749,282.0632619914761,283.14633488290866,17186200
2022-08-19,279.2044677734375,282.2292295161884,278.62879201938307,281.88771887514713,20570000
2022-08-22,271.00830078125,275.6039687594136,270.4911664208778,275.2331875620073,25061100
2022-08-23,269.7301330566406,272.0913771117212,268.71536804172104,269.7301330566406,17527400
2022-08-24,269.0959167480469,270.50096684081166,268.43239936541056,268.72513550456136,18137000
2022-08-25,272.08160400390625,272.24746099453296,267.8566874918669,270.5984792302735,16583400
2022-08-26,261.5827941894531,273.5354566259213,261.47547845229536,272.306030389581,27549300
2022-08-29,258.7922668457031,260.9095792653927,257.44575786448684,259.3972132513287,20338500
2022-08-30,256.5871276855469,260.56808380492805,254.33319896451854,260.197332272369,22767100
2022-08-31,255.12347412109375,260.62656181274116,254.98685797633354,258.94833907545143,24791800
2022-09-01,254.0794219970703,254.55754869576876,249.21055155068686,252.58656018980582,23263400
2022-09-02,249.8448028564453,258.31411114181975,248.29339957061248,255.34792072484208,22855400
2022-09-06,247.1029815673828,251.5718002743736,245.82478096491684,249.98138951217098,21328200
2022-09-07,251.8255615234375,252.5475905014587,247.07377233205577,248.51784517652152,24126700
2022-09-08,252.2450408935547,254.1086838315487,248.60558180021502,251.2595764515314,20319900
2022-09-09,258.0408630371094,258.79219220151697,253.97209640414405,254.17699082314724,22084700
2022-09-12,260.1777648925781,260.9583648576095,258.72394026192035,259.32888662429224,18747700
2022-09-13,245.8735809326172,254.07943798746075,245.48328099504454,252.55730545197812,33353300
2022-09-14,246.09799194335938,248.0591988641248,243.79527444125134,247.37619258985976,23913000
2022-09-15,239.42401123046875,245.29787987720312,238.09702127641052,243.7074542260417,31530900
2022-09-16,238.79953002929688,239.34593499296545,236.1845728466304,238.33117015607925,39791800
2022-09-19,238.5849151611328,239.18986150437627,235.0039966821536,236.58467061820082,26826900
2022-09-20,236.5651092529297,237.5993779327107,233.8233175935505,236.1943429586275,26660300
2022-09-21,233.15011596679688,241.64871023901017,233.101326607245,238.34099414393484,28625600
2022-09-22,235.1308135986328,237.94091362050094,231.8035940706636,232.0963004159245,31061200
2022-09-23,232.14508056640625,235.27717233231257,229.49110062617243,233.72575432183234,34176000
2022-09-26,231.68649291992188,235.58940293714832,231.14983981486918,231.29620787356728,27694200
2022-09-27,230.67173767089844,235.9309082051213,228.80809460642703,234.15507704083888,27018700
2022-09-28,235.2186279296875,236.4480391799153,229.03250446546224,231.06201938613802,29029700
2022-09-29,231.7352752685547,234.12580460416743,228.7202809445972,233.0915358630107,27484200
2022-09-30,227.24691772460938,234.70147486593402,227.0810458443,232.50608809787929,35694800
2022-10-03,234.89662170410156,235.74549978528202,228.9641972732562,229.69599282969966,28880400
2022-10-04,242.83905029296875,244.28312273696628,239.03370433981988,239.1410349538722,34888400
2022-10-05,243.1512908935547,244.49779961267382,238.17508955877648,240.01921394484737,20347100
2022-10-06,240.79977416992188,244.26360964308347,240.1070160083413,241.912102882792,20239900
2022-10-07,228.55441284179688,235.46256526438881,227.51037728003038,235.05274661637694,37769600
2022-10-10,223.68551635742188,228.86662669875534,221.2266790317585,227.39328361932908,29743600
2022-10-11,219.938720703125,223.50011982084274,218.6702720829725,222.09506995780728,30474000
2022-10-12,220.2705078125,222.3292936637816,218.5239619426553,219.92899719385608,21903900
2022-10-13,228.55441284179688,230.36926657051526,213.81116985788702,214.51369484245026,42551800
2022-10-14,223.01226806640625,231.48159024439008,222.79760683202377,229.82284163535834,30198600
2022-10-17,231.76455688476562,233.15985498185077,229.43256870498456,230.09607116127958,28142300
2022-10-18,232.71104431152344,238.0092382997204,229.65701200552988,237.3359987281128,26329600
2022-10-19,230.7400360107422,233.7940678630011,228.60319039452398,231.2864410309145,19985700
2022-10-20,230.41802978515625,235.4527869659191,229.16909984877745,230.0472634808189,21811000
2022-10-21,236.24314880371094,237.10179380895985,228.80810966337896,229.04228963437978,26299700
2022-10-24,241.24862670898438,241.824302366333,235.44305100550176,237.84333234120828,24911200
2022-10-25,244.5758514404297,244.94661775526365,239.8630859691524,241.25836910616306,34775500
2022-10-26,225.70529174804688,232.51586550821546,224.47586557326218,225.55892369044773,82543200
2022-10-27,221.24623107910156,228.0177829372753,220.2997741255285,225.4320958901778,40424600
2022-10-28,230.1448516845703,230.85714351335133,220.56321491759144,220.7486055336188,40647700
2022-10-31,226.49562072753906,229.2178937981287,225.53939709423386,228.08604636794266,28357300
2022-11-01,222.6317596435547,230.01802455406033,221.81215205141078,228.9056957108875,30592300
2022-11-02,214.75759887695312,225.685742381422,214.6990427288133,223.890407604003,38407000
2022-11-03,209.04959106445312,215.06007529558264,208.7861405032227,214.74783538769205,36633900
2022-11-04,216.01632690429688,216.21146944131505,208.2495288682356,212.26953659523167,36789100
2022-11-07,222.33901977539062,222.86592096080787,215.90897914921476,216.60175222236109,33498000
2022-11-08,223.31475830078125,226.02727968287536,220.35830503261087,223.1488864048599,28192500
2022-11-09,219.0605926513672,223.08060038720865,218.88496883419077,221.85117411328872,27852900
2022-11-10,237.08224487304688,237.42375542617816,229.29594421279108,229.71549985788832,46268000
2022-11-11,241.1120147705078,241.97065970506623,236.05773875356564,237.0920223740199,34620200
2022-11-14,235.68699645996094,237.9897141104271,233.40379752956565,236.11631897099343,31123300
2022-11-15,236.09677124023438,241.00467910130482,234.203857613324,239.69720789721472,31390100
2022-11-16,236.52728271484375,238.55273762838763,235.2454800077999,237.56446612877613,24093300
2022-11-17,236.4783935546875,238.01461012681563,232.51557231907879,232.6623379461831,23123500
2022-11-18,236.02825927734375,238.4940258754304,233.88539193034748,238.2689653810976,27613500
2022-11-21,236.84043884277344,239.404044649413,235.99894774840166,236.2337727503051,26394700
2022-11-22,239.75628662109375,240.03025906494594,235.5292725371043,238.3472769496378,19665700
2022-11-23,242.25143432617188,242.93636551399587,239.01267654987686,239.83459397526565,19508500
2022-11-25,242.16334533691406,243.34729447460518,241.4196930550139,241.9872116642194,9200800
2022-11-28,236.556640625,241.34139349791928,235.61731088144492,240.78366926212917,24778200
2022-11-29,235.15745544433594,237.56450128373822,233.0830883095049,236.20441840998745,17956300
2022-11-30,249.64866638183594,249.83457943435548,234.6975363093542,235.39226167449928,47594200
2022-12-01,249.2083740234375,250.60758932902792,245.519510598115,248.4060155091771,26041500
2022-12-02,249.5312957763672,250.54890564202378,244.3160097552262,244.4432165873255,21528500
2022-12-05,244.81500244140625,248.3571002025663,242.72106174519686,246.58604385679737,23435300
2022-12-06,239.84434509277344,246.43928730732753,238.53318912634793,245.42167750975,22463700
2022-12-07,239.1104736328125,240.86195621878957,236.99697418329282,239.56057972367816,20481500
2022-12-08,242.0752410888672,243.38641181777123,237.8286538385083,239.57034197216473,22611800
2022-12-09,240.13787841796875,242.96567699688347,238.905002491201,239.43337362256503,20609700
2022-12-12,247.07528686523438,247.10463998852305,241.8502218945569,242.12419433216994,30665100
2022-12-13,251.390380859375,258.23972140913565,247.62323758485567,256.05770645555435,42196900
2022-12-14,251.68389892578125,256.9383165522958,248.83652677706732,251.59583956374928,35410900
2022-12-15,243.65061950683594,248.728918924476,242.01656425839232,248.25925401561503,35560400
2022-12-16,239.42361450195312,244.46276665797367,238.26900351655553,243.20053750203124,86102000
2022-12-19,235.27484130859375,239.9324023668118,233.57230052478496,239.5899293723979,29696400
2022-12-20,236.59580993652344,237.68192031750615,233.28855194336597,234.24745549988003,25150800
2022-12-21,239.16920471191406,240.33359511425672,234.94219044357476,236.48818640438125,23690600
2022-12-22,233.0635223388672,236.78173925420134,228.83649302112826,236.0674400389706,28651700
2022-12-23,233.5918731689453,233.72885938875746,228.9049736414497,231.02826751372717,21207000
2022-12-27,231.86000061035156,233.7875872637539,230.75431642147922,233.56254165260998,16688600
2022-12-28,229.48226928710938,234.56056862646315,229.13001687829933,231.79147620478,17457100
2022-12-29,235.82281494140625,236.7132328912707,230.57817587734075,230.57817587734075,19770700
2022-12-30,234.65843200683594,234.79541823089357,231.5664401719597,233.08308296498396,21938500
2023-01-03,234.42355346679688,240.4607555896508,232.29046555168716,237.84822343450298,25740000
2023-01-04,224.16912841796875,227.85797664505387,221.09671066302377,227.28067869083657,50623400
2023-01-05,217.5252685546875,222.65249456632077,216.98710309720292,222.31002156690943,39585600
2023-01-06,220.08888244628906,220.90102036196717,214.62899248610293,218.20042850517999,43613600
2023-01-09,222.23175048828125,226.26308695168126,221.53703999477176,221.57617251580095,27369800
2023-01-10,223.92453002929688,226.33157576127422,222.43724039296023,222.85797845401495,27033900
2023-01-11,230.69558715820312,230.87170589795403,226.1358795554185,226.31199829516942,28669300
2023-01-12,233.37660217285156,234.73668494527053,228.53314279943885,230.1965511287431,27269500
2023-01-13,234.08111572265625,234.21810194476328,229.86388103095572,231.89911556681622,21333300
2023-01-17,235.177001953125,235.72494679850365,231.98715671264935,232.8482214298885,29831300
2023-01-18,230.73472595214844,237.16332887463713,230.45097410915378,236.37076466345434,30028700
2023-01-19,226.938232421875,230.4509772666671,225.71513580011168,228.74842139423623,28623000
2023-01-20,235.04978942871094,235.55860174293485,229.46267816024536,229.80515114547578,35389800
2023-01-23,237.35899353027344,239.89324581557503,234.49204766030977,235.91085150015493,31934000
2023-01-24,236.83062744140625,238.6995225755174,235.26507279685154,237.28073354657224,40234400
2023-01-25,235.43142700195312,238.0635333641679,225.93040571836002,229.43335629238763,66526600
2023-01-26,242.66236877441406,242.96569434652147,236.79150501374275,238.4059865757759,33454500
2023-01-27,242.81890869140625,244.4529638450001,241.5175322068459,243.63104656960752,26498900
2023-01-30,237.4862060546875,240.31400454491248,236.9871731308744,239.24745305758034,25867400
2023-01-31,242.47645568847656,242.61344191233738,237.72105544533972,238.21029409203948,26541100
2023-02-01,247.3101043701172,249.68779672329654,240.18679177695304,242.66233781914565,31259900
2023-02-02,258.9050598144531,258.99311917464655,251.7132467911275,253.24946308292516,39940400
2023-02-03,252.78961181640625,258.5137098891533,251.56651521371487,253.95400217102897,29077300
2023-02-06,251.2435760498047,252.74064494846758,249.29641600703994,251.89916890250527,22518000
2023-02-07,261.8013916015625,262.985340807931,254.48237043515354,254.92269717724312,50841400
2023-02-08,260.9892578125,270.8033838180028,260.4804305117884,267.3200070611244,54686000
2023-02-09,257.9461669921875,268.0832067953903,257.1438084833281,267.9070581968134,42375100
2023-02-10,257.4373474121094,258.40603024749146,255.04986074687702,255.9011311004859,25818500
2023-02-13,265.4804382324219,268.6898422196811,261.4001752133106,261.8796493414977,44630900
2023-02-14,266.3121643066406,269.0518886421272,263.4843507418386,266.8014029280315,37047900
2023-02-15,264.18353271484375,265.5666447691535,261.1034044657681,263.2026047275784,28922400
2023-02-16,257.1502685546875,261.6527244708974,256.9050365553152,258.98459912030484,29603600
2023-02-17,253.13832092285156,255.12960390870052,251.11761128935171,254.44297215166242,30000100
2023-02-21,247.85107421875,250.6172983438043,246.79167019007645,249.62655149140514,28397400
2023-02-22,246.7132110595703,249.4892392663738,245.56552702514333,249.2440072512969,22491100
2023-02-23,249.9110565185547,251.94156990467263,245.70286658270774,250.68598313263473,29219100
2023-02-24,244.46688842773438,246.21293914937976,243.3682538076719,245.19278056900376,24990900
2023-02-27,245.3889617919922,247.9982339676097,244.63364301109786,247.6450992749113,21190000
2023-02-28,244.66307067871094,246.69359891216772,243.98622793422533,244.3197548443397,22491000
2023-03-01,241.57315063476562,246.14426388843702,241.10229440260224,245.9775079191277,27565300
2023-03-02,246.32086181640625,246.60532438654516,240.92575713440505,241.84783196580932,24808200
2023-03-03,250.42111206054688,250.744820108994,246.5954987021246,247.38024412553207,30760100
2023-03-06,251.97096252441406,255.15897842261484,251.0979372310023,251.53935182335243,24109800
2023-03-07,249.30287170410156,252.7753655750459,248.5573717332823,251.41186114109584,21473200
2023-03-08,248.86143493652344,249.68541087859464,246.0265535659087,249.19494687006076,17340200
2023-03-09,247.50778198242188,254.60969174965638,246.78188980997717,250.94103028534124,26653400
2023-03-10,243.84890747070312,247.9688024073323,242.87779825224976,246.291423774854,28333900
2023-03-13,249.07723999023438,252.9911481619017,241.04343714552314,242.6815851358712,33339700
2023-03-14,255.81619262695312,256.0908512385294,250.98021034956767,251.85323557231487,33620300
2023-03-15,260.3775634765625,261.39773710687786,254.26637049083152,255.02170430462056,46028000
2023-03-16,270.9323425292969,271.28546226233277,258.25873880453594,260.15192277848104,54768800
2023-03-17,274.1007385253906,277.926352222168,271.05006642858564,272.95306938413273,69527400
2023-03-20,267.03802490234375,272.187896607002,264.70341160654476,271.6974326351298,43466600
2023-03-21,268.5585021972656,269.7552357131241,264.3797387846606,269.6375291272283,34558700
2023-03-22,267.09686279296875,275.67998180614,266.988945158892,268.18567837872166,34873300
2023-03-23,272.364501953125,275.6996515319118,269.9514271903419,272.63916062583564,36610900
2023-03-24,275.218994140625,275.27784742962956,270.02987629936445,271.9524869231275,28172000
2023-03-27,271.10888671875,276.09198781080295,270.26527306825443,275.1503053082786,26840200
2023-03-28,269.9808349609375,270.8734830687269,266.86146104578347,270.53015226795435,21878600
2023-03-29,275.16015625,275.7781457546804,273.1002012129155,273.6396997041648,25087000
2023-03-30,278.6325988769531,279.034782967191,276.1116365553152,278.80918867585996,25053400
2023-03-31,282.8014831542969,283.7529843526712,277.60257759753506,278.3186656946347,32766000
2023-04-03,281.7519836425781,282.77212729380244,278.5345407324913,281.0555031510767,24883300
2023-04-04,281.702880859375,284.91053440736965,280.22170001439565,281.75194521809124,25824300
2023-04-05,278.9171142578125,281.67352004035706,277.5242130103723,280.3983253844693,22064800
2023-04-06,286.03863525390625,286.5094615754292,276.65114630640034,277.8086342608768,29770300
2023-04-10,283.8707580566406,284.07674454726254,279.279992431104,283.6941682719904,23103000
2023-04-11,277.4358825683594,280.5258300453537,276.2686056649449,280.30020580456596,27276600
2023-04-12,278.0832824707031,281.53616835496916,276.58246375618245,279.35850689315987,27403400
2023-04-13,284.3121337890625,284.370987067152,277.76936157858967,278.1813345252159,24222700
2023-04-14,280.6827697753906,282.9781378461247,278.27948405144895,281.52635353888274,20987900
2023-04-17,283.2919921875,286.0386085271272,280.702357854445,284.40044560842966,23836200
2023-04-18,282.8702087402344,286.1955691018291,281.53616100019883,286.0091903829201,20161800
2023-04-19,282.94873046875,283.53726339705304,279.11329789637085,280.5356257205043,17150300
2023-04-20,280.6533508300781,283.5176743242599,279.6429959890706,279.8097669534643,23244400
2023-04-21,280.3100280761719,280.81028105928004,277.6615101881032,279.57433198899173,21676400
2023-04-24,276.3960876464844,279.5154616165311,273.40426904899283,276.70999180903164,26611000
2023-04-25,270.1672058105469,276.22933373061375,270.1181414486959,274.1791977810331,45772200
2023-04-26,289.73675537109375,293.8566657529909,287.1471205098991,291.04140663076737,64599200
2023-04-27,299.01629638671875,299.3792649257392,289.6190184598168,290.325287881764,46462600
2023-04-28,301.39996337890625,303.038096464785,297.525285592319,298.2119472041732,36469600
2023-05-01,299.7323913574219,302.7144211983591,299.33020723943775,301.11550358691363,21294100
2023-05-02,299.58526611328125,303.28335441543976,298.1138739067997,301.8904532238792,26404400
2023-05-03,298.594482421875,302.7241809919645,298.29039713141395,300.7721438172862,22360800
2023-05-04,299.58526611328125,301.8904532238792,297.61359097721964,300.3994232958919,22519900
2023-05-05,304.7253112792969,306.0201435685824,298.4669851499672,299.8893428831968,28197100
2023-05-08,302.7633972167969,304.2838534576183,300.2522241306685,304.2151813185298,21318600
2023-05-09,301.1448669433594,304.1268961575847,300.46802429382234,302.12579484871236,21340800
2023-05-10,306.3536071777344,307.03044986140986,301.80211703381246,302.73398062957256,30078000
2023-05-11,304.195556640625,305.1863034639446,300.419007926499,304.1857677171531,31680200
2023-05-12,303.0773620605469,304.7253141155851,300.7525672086982,304.6272153165958,19774700
2023-05-15,303.5580139160156,303.98962469259277,301.72368308333836,303.2048941545713,16336500
2023-05-16,305.79449462890625,307.7269240462881,303.92091849850675,303.92091849850675,26730300
2023-05-17,308.68475341796875,309.10746737687026,305.4799275878983,307.0037079063203,24315000
2023-05-18,313.1282043457031,313.6394211850269,308.4094689120249,309.20575514144576,27276000
2023-05-19,312.9512634277344,313.35432671083794,311.0146096045722,311.37834159149793,27546700
2023-05-22,315.7432556152344,317.12939160395155,312.62693222298697,313.2069414663233,24115700
2023-05-23,309.9234619140625,317.2571747415346,309.91362158823824,314.61270718024224,30797200
2023-05-24,308.5372619628906,311.14239768103363,307.3182318525054,309.4023704280069,23384900
2023-05-25,320.40301513671875,321.3664070243796,314.58321250494043,317.7683579312352,43301700
2023-05-26,327.25494384765625,327.75629030696444,318.3974530543971,318.5350675723102,36630600
2023-05-30,325.6033935546875,330.0567102220312,324.9250712145435,329.5553637104811,29503100
2023-05-31,322.8312072753906,330.25339298565933,321.78912277735026,326.6651841985823,45950600
2023-06-01,326.9501953125,327.8841260635335,319.2232608919035,320.41277005822946,26773900
2023-06-02,329.7225036621094,331.7869618694956,326.92074109501317,328.5919763107523,25873800
2023-06-05,330.2533264160156,332.82897116316303,328.99499501279143,329.54551312664034,21307100
2023-06-06,328.0316162109375,329.6930110935296,326.5471971745733,329.65367979425776,20396200
2023-06-07,317.906005859375,328.8279274839087,317.0408972156509,326.03600504343115,40717100
2023-06-08,319.754150390625,321.11079515355357,317.8764784362374,318.4564875738247,23277700
2023-06-09,321.25823974609375,324.40405344263496,318.91852262119164,319.48869141586215,22529000
2023-06-12,326.23260498046875,326.4783730978262,319.6558477599043,323.0179388047992,24260300
2023-06-13,328.63128662109375,331.27575382243526,324.7973101956696,328.80823245588505,22951300
2023-06-14,331.629638671875,333.3008737465053,327.1763219152769,328.68042148204876,26003800
2023-06-15,342.2074890136719,343.9180252922513,331.492006462169,331.76726551850345,38899100
2023-06-16,336.5351257324219,345.5204209141478,336.1615834609438,345.37296607001366,46552000
2023-06-20,332.32757568359375,336.2893558128443,330.1746449680943,333.56625636949354,26375400
2023-06-21,327.9136047363281,332.0130295621335,326.44883656163114,330.6760355897967,25117800
2023-06-22,333.95953369140625,334.3625969961484,327.69736698314864,328.4641622943436,23556800
2023-06-23,329.3489074707031,332.23914275155624,327.8055065902251,328.7000760810229,23146900
2023-06-26,323.03759765625,330.420451002799,322.9294440913957,328.07092355992313,21520600
2023-06-27,328.90655517578125,330.45979643869066,323.72574418918015,326.242407248698,24354100
2023-06-28,330.1648254394531,332.25877415923435,328.15934962319983,328.9949670467207,20259500
2023-06-29,329.37835693359375,330.4204111551237,326.98949848240625,329.0441159569695,16997000
2023-06-30,334.7754821777344,336.928413125334,331.49202397478524,332.0327017922602,26832800
2023-07-03,332.2686462402344,335.1293906566377,330.87270016823766,333.44834517518075,12508700
2023-07-05,332.4259338378906,335.8666873183972,329.06384295177827,329.417734623584,18172400
2023-07-06,335.4930725097656,337.1839580632302,329.8207561477581,331.59027428466925,28161200
2023-07-07,331.5116271972656,336.0042746051032,331.2953501010179,333.57608493399704,21214800
2023-07-10,326.2128601074219,329.55532984622846,322.0446432579727,328.93598951226153,32791400
2023-07-11,326.84210205078125,327.2254847097536,321.4646944933152,325.45596628174627,26698200
2023-07-12,331.4920349121094,335.8666892186245,329.9879352964464,330.9021854547732,29995300
2023-07-13,336.8595886230469,337.92129360338816,333.2811907244009,333.81205821506575,20567200
2023-07-14,339.3959045410156,345.4811250749577,338.48165441257885,341.70613067280914,28352700
2023-07-17,339.87762451171875,341.116275309023,336.40738021266617,339.82845289215857,20363900
2023-07-18,353.4046936035156,360.57129992405726,336.3779021410324,339.97592078654986,64738600
2023-07-19,349.0693054199219,356.3243839257748,346.47401010132427,355.6264109803811,39732900
2023-07-20,340.99835205078125,351.9104627618091,339.52374330607455,347.58494977753446,33778400
2023-07-21,337.95074462890625,344.37020537421716,334.0774374716023,343.2396782599956,69405400
2023-07-24,339.2680358886719,341.047424189131,336.5154457019085,339.9955297245174,26678100
2023-07-25,345.0387878417969,345.933387393559,339.2288259183692,341.23427216529524,41637700
2023-07-26,332.0523681640625,338.83559201935464,327.47124698104943,335.66025722913804,58383700
2023-07-27,325.1217041015625,335.55208782574067,323.47995999932067,334.71650028968384,39635300
2023-07-28,332.6422119140625,334.2544650928314,327.53025330055345,328.02178951344797,28484900
2023-07-31,330.23370361328125,331.9835713371964,327.7170105936494,331.2167760424693,25446000
2023-08-01,330.6465759277344,332.8093472638062,328.0512803254377,329.5160486388289,18311900
2023-08-02,321.9561767578125,327.9824147290401,320.8354599405336,327.9824147290401,27761300
2023-08-03,321.13043212890625,324.2959264406298,320.4324591287807,320.4816007481319,18253700
2023-08-04,322.2314758300781,329.46690442388586,321.70060832431494,326.2620787423008,23741500
2023-08-07,324.5220031738281,325.5050755362961,321.9758493551546,322.8114668634499,17741500
2023-08-08,320.53076171875,323.1850693457117,317.5324027335814,321.4253612522669,22327600
2023-08-09,316.77545166015625,321.5728200955336,315.6154033490083,320.9436693175295,22373300
2023-08-10,317.4635925292969,322.70338571036314,315.74321566890393,320.50128292838593,20113700
2023-08-11,315.57611083984375,316.9524063309863,313.8065623503819,314.83880646948256,24355500
2023-08-14,318.55474853515625,318.57439918031054,314.66176072368876,315.94961300542656,18836100
2023-08-15,316.41162109375,319.58695527273585,315.46788013071716,317.53233786315127,16966300
2023-08-16,315.64324951171875,319.6035867530306,315.0521512600074,316.03730499135764,20698900
2023-08-17,312.175537109375,317.0914448901851,311.51547084312125,315.78120358070635,21257200
2023-08-18,311.781494140625,313.65328039991437,306.92466292217586,309.82101758009554,24755000
2023-08-21,317.101318359375,317.9780896310704,312.33317744873216,313.2099487204276,24040000
2023-08-22,317.6726989746094,321.23895106672995,316.68754513415576,320.66757506765094,16084600
2023-08-23,322.14532470703125,324.3126753088463,318.65787148938745,319.0125425262804,21166400
2023-08-24,315.21966552734375,328.0365262054767,315.20980436860924,327.9084513999614,23281400
2023-08-25,318.1849670410156,320.52960769740787,314.0670015423209,316.697375267024,21684100
2023-08-28,318.8943176269531,321.30792655371766,316.94370215408395,320.8252107812668,14808500
2023-08-29,323.5343322753906,324.09587710343106,317.10127977619635,317.10127977619635,19284600
2023-08-30,323.90875244140625,324.9135985752183,321.6034959712418,323.7905387861943,15222100
2023-08-31,322.89398193359375,325.99721003341494,321.9285204975252,324.31260564742706,26411000
2023-09-01,323.7806091308594,327.0611576270318,321.9285154189886,326.3912603462074,14942000
2023-09-05,328.5980224609375,329.8787403792181,323.78063623976607,324.1155849082222,18553900
2023-09-06,327.9380187988281,329.4945486553449,325.2780913747757,328.4305957244297,17535800
2023-09-07,325.0121154785156,328.1350363970211,324.1451752662775,326.3716326236609,18381000
2023-09-08,329.30731201171875,331.1692669104406,324.568725184115,325.18937681702226,19530100
2023-09-11,332.9228820800781,333.395766733697,330.45013638799065,332.2332623849475,16583300
2023-09-12,326.84442138671875,331.7899120379959,326.55874846963604,330.83431177810604,17565500
2023-09-13,331.07080078125,331.84908074164815,326.2534140831234,326.3913199887265,16544400
2023-09-14,333.6716003417969,335.7995060691533,331.57321796102076,334.1149015081179,20267000
2023-09-15,325.3174743652344,332.39087111470906,324.7559295090808,331.91801655332216,37679800
2023-09-18,324.1746826171875,325.494785002062,321.5147555316382,322.93337930199704,16834200
2023-09-19,323.77081298828125,324.4998472951053,319.6922916047418,321.32765063479235,16505900
2023-09-20,316.00775146484375,324.6968145876131,315.7516319386517,324.61801551751694,21436500
2023-09-21,314.78619384765625,320.5197962034768,310.3234483172927,314.5202131437501,35560400
2023-09-22,312.3036193847656,316.6777047127133,311.45637147338414,316.54962990690495,21447900
2023-09-25,312.8257751464844,312.9538499627099,310.3234758438393,311.88986692369065,17836000
2023-09-26,307.5058898925781,311.1903551044682,305.41733879749364,310.4514898305648,26297600
2023-09-27,308.1462707519531,309.6338325713444,305.0922879071992,307.6635249378913,19410100
2023-09-28,308.9836730957031,310.79635260217924,304.8558759902322,306.37299129807553,19683600
2023-09-29,311.06231689453125,314.72709028665287,310.30375928067184,313.0326245233169,24147300
2023-10-02,317.0224609375,317.1111512307064,310.50074800072014,311.5844231256774,20570000
2023-10-03,308.7373962402344,316.61862746801495,306.58973788163564,316.06691362272,21033500
2023-10-04,314.2246398925781,315.2886228065035,309.3382855829603,309.36783899365224,20720100
2023-10-05,314.61871337890625,315.2295340089772,310.2249357059366,314.3527326674706,16965600
2023-10-06,322.4014587402344,324.3027984562463,311.6041508921413,311.8504393547701,25673600
2023-10-09,324.9234619140625,325.396316538082,318.3820256796938,319.9287244962823,19891200
2023-10-10,323.51470947265625,326.18446817162754,322.80539744931383,326.0465321921805,20557100
2023-10-11,327.48480224609375,327.87885770845634,324.2534993515134,326.2927446369784,20063200
2023-10-12,326.2435607910156,328.67689206438564,323.83978293130957,325.66232361261683,19313100
2023-10-13,322.86444091796875,328.8738545851508,321.5147550613679,327.44539972348696,21072400
2023-10-16,327.70159912109375,331.1496376805438,325.69187679980854,326.1351780044602,22158000
2023-10-17,327.13018798828125,328.5093973778692,322.54922855719866,324.69685675416497,18338500
2023-10-18,325.2091064453125,330.60776009184275,323.4259804727019,327.553777299333,23153600
2023-10-19,326.4011535644531,331.87860610828534,325.99723691191247,327.2188179633477,25052100
2023-10-20,321.8201904296875,326.9922476443287,320.6183016458001,326.7952048674921,25027700
2023-10-23,324.4308776855469,327.79025596929597,319.57407635184484,320.63802929650694,24374700
2023-10-24,325.6228942871094,326.91344339948563,322.73640078016155,326.38145191312543,31153600
2023-10-25,335.61236572265625,341.0602651549816,332.607628527267,339.8977607961559,55053800
2023-10-26,323.0221252441406,336.558130148408,322.08621701756,335.48431600999555,37828500
2023-10-27,324.9135437011719,331.7209594661993,323.52447335800804,325.524334192952,29856500
2023-10-30,332.3022155761719,334.41045907381,326.9035620962308,328.46012188812404,22828100
2023-10-31,333.09033203125,333.9671333314319,329.7211229204908,333.81936627648764,20265300
2023-11-01,340.93218994140625,342.2621536122384,334.6074891841975,334.74542515005817,28158800
2023-11-02,343.14874267578125,343.6511506169798,339.65142901556914,342.08475984776277,24348100
2023-11-03,347.562255859375,349.12867689079525,342.17346325846154,344.43933508440006,23637700
2023-11-06,351.2369079589844,352.23192298801735,348.1041258688438,348.2026472687151,23828300
2023-11-07,355.1774597167969,357.0787991287098,352.3205200201419,354.06423123344223,25833900
2023-11-08,357.8078308105469,358.46786694409883,355.19714949082766,356.3103779664203,26767800
2023-11-09,355.33514404296875,359.3742808349746,355.01002643681795,356.9212273081889,24847300
2023-11-10,364.1817932128906,364.60540210202504,355.7094651076726,356.1232128388484,28042100
2023-11-13,361.2362365722656,362.9996705286187,360.46781770788186,362.75338204561734,19986500
2023-11-14,364.7728271484375,366.42790811124814,361.89619535821294,365.5018612852778,27683900
2023-11-15,364.9209289550781,368.33647051944837,362.3937891012248,366.5102311130988,26860100
2023-11-16,371.3374938964844,371.5151742717362,365.4244247654556,366.1944031837435,27182300
2023-11-17,365.09869384765625,369.5606164050821,362.28530061072286,368.8103701750915,40157000
2023-11-20,372.59112548828125,374.00274740716367,366.2338561414442,366.4510310616974,52465100
2023-11-21,368.27728271484375,371.3868095328424,366.3523217617588,370.84388727711456,28423100
2023-11-22,372.9958801269531,374.9109599374389,370.1528738051793,373.14394709672723,23345300
2023-11-24,372.5812683105469,373.1143395355948,370.32070891042537,372.4825469539782,10176600
2023-11-27,373.74609375,375.75004385501524,371.36708082466845,371.9396164792958,22179200
2023-11-28,377.7835693359375,378.07970326739826,373.30188504482646,373.489446576594,20453100
2023-11-29,373.9830627441406,379.36303057120796,372.5911728680929,378.8299894382341,28963400
2023-11-30,374.04229736328125,375.2071311418971,370.6464872667331,373.62767968120687,30554400
2023-12-01,369.69879150390625,373.3018950187399,366.5398888981319,371.91988642578656,33040500
2023-12-04,364.3977966308594,364.77288959280634,358.23793933360014,364.3583020623017,32063300
2023-12-05,367.7343444824219,368.28714793242324,360.92299258913255,361.742346716279,23065000
2023-12-06,364.0621337890625,369.37302349150957,363.30203657488124,368.74126102951465,21182100
2023-12-07,366.1845397949219,366.67811645989656,361.61401505717174,363.4994815324385,23118900
2023-12-08,369.42236328125,369.64938924330534,363.4994439145067,364.45698375048454,20154400
2023-12-11,366.5299987792969,366.8261628369694,361.39681982710596,363.7462494405494,27708800
2023-12-12,369.5704650878906,369.60995965587347,365.70081081484244,366.085815070236,24838300
2023-12-13,369.5605773925781,372.7885879751983,366.00681947505166,371.1893743181654,30955500
2023-12-14,361.22900390625,368.9584312025777,359.45213999645404,368.51420016236455,43277500
2023-12-15,365.96734619140625,367.6158752980434,361.57450204697403,362.13718664647274,78502300
2023-12-18,367.8626708984375,368.2081805782412,363.943671095841,364.70379841651464,21802900
2023-12-19,368.4648742675781,368.4648742675781,365.0887965076412,366.7175935330502,20603700
2023-12-20,365.8587646484375,371.19926781243174,365.7699244632415,370.18250108115,26316700
2023-12-21,368.74127197265625,369.60009056981636,365.2862352366139,367.77385084137376,17708000
2023-12-22,369.76788330078125,370.3601813274184,367.9219113827599,368.87945132359005,17107500
2023-12-26,369.8468322753906,372.0975404317787,368.7017309150492,370.18246075808156,12673100
2023-12-27,369.2644958496094,370.24176811852897,368.02067287059725,368.8893727209846,14905400
2023-12-28,370.4588928222656,371.62372649746874,369.3532859355964,370.5477330050664,14327000
2023-12-29,371.2091369628906,372.3147438435589,368.6820269140694,371.169642395573,18730800
2024-01-02,366.10552978515625,371.0709095466851,362.0581953380122,369.0571084332548,25258600
2024-01-03,365.83905029296875,368.4648819106026,363.7759033345844,364.2694800267969,23083500
2024-01-04,363.21319580078125,368.3069105586838,362.45309858783475,365.90813521572943,20901500
2024-01-05,363.025634765625,367.2802631804361,361.7916931110851,364.22996302547705,21004600
2024-01-08,369.87646484375,370.3799226566514,364.26944144422686,364.5556942050089,23134000
2024-01-09,370.9623718261719,371.15978442404423,366.4214603176876,367.23093330789527,20830000
2024-01-10,377.8526611328125,379.23469986544035,371.48554036689814,371.5348859821227,25514200
2024-01-11,379.68878173828125,385.66104720244766,375.49338017859446,381.04117695037814,27850800
2024-01-12,383.4794616699219,383.68675543751164,379.7085286566561,380.53773385254453,21661200
2024-01-16,385.25634765625,388.96805409085823,382.64039716399947,388.602812151916,27202300
2024-01-17,384.4666442871094,385.0984068116101,379.86650572773016,382.9957953292044,22234100
2024-01-18,388.8100891113281,388.92854269445195,385.1082640110595,386.68771541228006,23392100
2024-01-19,393.5484619140625,393.5484619140625,388.44486554606345,390.67584188543066,29331100
2024-01-22,391.4161376953125,395.473323018941,388.53363700238464,394.8810250545832,27016900
2024-01-23,393.77545166015625,394.24929609694567,388.8692984754516,390.6659247403921,20525900
2024-01-24,397.388427734375,400.4189955779341,395.30554874370245,396.38154221940175,24867000
2024-01-25,399.66876220703125,401.7812847845524,397.3588270396622,399.12583992803854,21021200
2024-01-26,398.7408752441406,400.9521193988072,397.26014510844533,399.1752251606538,17803300
2024-01-29,404.45648193359375,404.71315145121497,399.1357107830947,400.84349696671285,24510200
2024-01-30,403.3409729003906,407.7436682887795,401.22848045302675,406.96383885346637,33477600
2024-01-31,392.4724426269531,409.98456474557076,392.10720068242125,401.731946506787,47871100
2024-02-01,398.5928039550781,402.7585925635756,396.6382293518577,396.66784274923083,30657700
2024-02-02,405.93719482421875,407.3488168603616,398.375596677948,398.6223850112119,28256700
2024-02-05,400.43878173828125,405.8780067625911,398.80010343398476,404.63418380408774,25352300
2024-02-06,400.2807922363281,402.72894332826615,397.7339499122829,400.6657964934495,18382600
2024-02-07,408.7308044433594,408.97759276390855,402.16624114185635,402.2057357082919,22340500
2024-02-08,408.7900695800781,410.22145402375685,407.23038050312016,408.73084278763224,21225300
2024-02-09,415.14727783203125,415.4138284838294,409.7574296442869,409.91537777577173,22032800
2024-02-12,409.92529296875,415.3348738248099,409.4218351407045,415.1571934592156,21202900
2024-02-13,401.10015869140625,404.80198377503444,398.2078065895252,399.73788224054636,27824900
2024-02-14,404.9769287109375,405.32307733535373,400.111169801605,403.5725956832902,20401200
2024-02-15,402.0792236328125,404.6209064246705,399.8342525934749,403.6418270582009,21825500
2024-02-16,399.60675048828125,403.79014145741866,398.9935884935407,403.4637615690979,22296500
2024-02-20,398.3507995605469,400.0320454973026,393.62348186339256,398.7958219344355,24307900
2024-02-21,397.74749755859375,397.8563009238514,392.8421710254568,395.7596706387702,18518900
2024-02-22,407.11309814453125,408.28008583103167,404.0670568612319,405.66919761409457,27009900
2024-02-23,405.81756591796875,411.27671814639945,404.46266976176094,411.0888399370884,16295900
2024-02-26,403.0483703613281,407.617446928088,402.87033126531446,406.9251497956314,16193500
2024-02-27,402.98907470703125,403.819813241038,399.39907699066305,403.49343334978465,14835800
2024-02-28,403.2264709472656,404.7890443009674,400.8529276668845,403.6813927822056,13183100
2024-02-29,409.0811767578125,409.63500243264656,401.44625974761675,404.1362831030545,31947300
2024-03-01,410.9206848144531,411.2866021355908,406.3516076606767,406.7372936922519,17823400
2024-03-04,410.3470764160156,412.7502875361098,407.77572562860115,408.8833770001061,17596000
2024-03-05,398.2122802734375,409.68443959713613,396.2244535460073,409.3976273142039,26919200
2024-03-06,397.65850830078125,400.6946806605517,393.99930460815386,398.5288145311868,22344100
2024-03-07,404.6307678222656,405.26369850856435,397.8067905120689,401.6440327730968,18718500
2024-03-08,401.7430114746094,405.89673494271136,399.8738268595912,403.46382510907745,18002200
2024-03-11,400.0616760253906,401.2088950055716,396.83762579993305,399.3100726931067,16120800
2024-03-12,410.703125,410.98993730983005,402.3067044386273,403.1275435831552,22457000
2024-03-13,410.5251159667969,413.571157465626,406.9153492946695,413.49205243943396,17115900
2024-03-14,420.5335998535156,423.1049509734387,413.38327169789596,415.6084741741532,34157300
2024-03-15,411.8305358886719,417.94241719453214,408.2405382709743,414.66890001382535,45079900
2024-03-18,412.7206115722656,416.0930326692394,409.2196184111682,409.68443962233437,20106000
2024-03-19,416.76556396484375,417.0227081134529,410.970132443708,413.2250029233721,19837900
2024-03-20,420.5434265136719,421.2653616539131,416.0237865784244,417.34901442427935,17860100
2024-03-21,424.6377868652344,426.0718180772972,422.4521523515341,425.09270862428275,21296200
2024-03-22,424.0147705078125,425.1224219595106,421.374213954432,424.9642119074724,17648500
2024-03-25,418.1995849609375,422.69945686878276,416.96336138975573,420.5533594694659,18060500
2024-03-26,417.0028991699219,421.2950634803322,416.7062176065533,420.9192467125738,16725600
2024-03-27,416.7852783203125,419.7720132531372,414.3919668136115,419.76211380833155,16705000
2024-03-28,416.08319091796875,417.2205105809206,414.5008186915298,416.3205361885006,21871200
2024-04-01,419.8907775878906,423.1741947697811,417.5666711434428,419.2776155006833,16316000
2024-04-02,416.7952880859375,417.72493070670856,413.23495785545697,415.4799291904617,17912000
2024-04-03,415.8161315917969,418.5951594920779,414.47110478435076,415.1040656775575,16502300
2024-04-04,413.27447509765625,423.9455650411732,412.96789407723793,420.30610003731573,19370900
2024-04-05,420.83026123046875,421.809370796235,413.7096317572202,415.3810083958257,16554800
2024-04-08,419.9105529785156,422.57090866853883,418.63476173021195,420.4841776494545,14272400
2024-04-09,421.5819091796875,423.02580987120587,416.97326404906397,421.74014941976674,12496900
2024-04-10,418.5951843261719,419.3566871510799,415.0744221472326,417.5369697470064,16216600
2024-04-11,423.2136535644531,424.6377853261897,417.70503488754406,421.1269229662574,17966400
2024-04-12,417.25018310546875,420.4940326220514,415.1436532637378,419.3764816595376,19253800
2024-04-15,409.0811767578125,422.115909188258,408.873469493823,421.89833266019923,20273500
2024-04-16,410.01080322265625,413.7887093494547,409.1701954171728,410.0009339582446,16765600
2024-04-17,407.301025390625,414.26344459371984,405.8076577445542,412.6514043206412,15855500
2024-04-18,399.8144226074219,407.3504659255286,399.49797234974403,406.1043430605785,21029900
2024-04-19,394.7212219238281,401.0111429150955,393.3860944801934,399.5771115531844,30565800
2024-04-22,396.54095458984375,398.4101391191041,391.38838318863185,395.6706483655049,20286900
2024-04-23,403.0780944824219,403.70115595190015,398.61779046162303,399.78477819553336,15734500
2024-04-24,404.5516662597656,407.92408759573516,402.2967957988556,405.04615566067775,15065300
2024-04-25,394.6421203613281,395.4827584021969,383.7534537964164,389.6873267702122,40586500
2024-04-26,401.8418884277344,408.4482598176065,401.28806269332824,407.6274206623671,29694700
2024-04-29,397.8167419433594,401.84189310160997,394.79046908042733,400.7836784898605,19582100
2024-04-30,385.0390930175781,397.72770759660574,384.880882973138,397.06507853790987,28781400
2024-05-01,390.5872802734375,397.29255516859246,386.0083037107917,388.2829428234783,23562500
2024-05-02,393.455322265625,395.5222843363775,390.30047747836124,393.2773133250789,17709400
2024-05-03,402.1781311035156,402.66272106797066,397.431014652392,397.8463990370952,17446700
2024-05-06,408.9822998046875,409.36798584093685,401.89130855665024,404.25498236640857,16996600
2024-05-07,404.82855224609375,410.09982581142424,404.58130756204883,410.08992636606695,20018200
2024-05-08,406.0153503417969,407.68672686794355,402.2275447730789,403.6714754994307,11792300
2024-05-09,407.7757263183594,408.17131178296086,404.59121352927775,406.0450135021462,14689700
2024-05-10,410.1690673828125,410.8020283165112,407.2614672287658,408.3889175739522,13402300
2024-05-13,409.1602783203125,413.73925463493686,406.2922460610267,413.403005491002,15440200
2024-05-14,411.9690246582031,412.8887677392151,407.01423099397886,407.47905225770086,15109300
2024-05-15,419.1718444824219,419.8951120945601,413.4155159621218,414.0397012631118,22239500
2024-05-16,417.10113525390625,421.4902365295034,416.4670629155656,417.9036505371182,17530100
2024-05-17,416.328369140625,419.01335772051186,414.1685137971008,418.63686307177926,15352200
2024-05-20,421.4109802246094,422.82776355183796,416.11039402133315,416.32836301288194,16272100
2024-05-21,425.0768127441406,428.9705026738853,420.92551485184475,422.8872055338078,21453300
2024-05-22,426.5431213378906,428.41567724259045,423.1844517072994,426.1171006588035,18073700
2024-05-23,423.0556640625,429.5947037930371,421.4902723328989,428.97051846736764,17211700
2024-05-24,426.18646240234375,427.07814273445496,420.4895772016025,423.2438961414034,11855300
2024-05-28,426.344970703125,426.8403520047686,422.65933260946946,425.6613420880028,15718000
2024-05-29,425.20562744140625,426.95926647856015,421.75776247263485,421.75776247263485,15517100
2024-05-30,410.83953857421875,420.3805569661453,410.4134876792539,420.3805569661453,28394500
2024-05-31,411.2953186035156,412.90034931684085,400.7734237177811,412.90034931684085,47995300
2024-06-03,409.7001647949219,412.58328776743826,405.14268074171713,411.6916074194493,17484700
2024-06-04,412.2265930175781,412.59317033367023,405.8956056320702,408.62020272112443,14348900
2024-06-05,420.09332275390625,420.16265316719915,412.4545201916999,413.95058161766224,16988000
2024-06-06,420.5985412597656,421.3812522043053,416.69493407447,420.09327287817626,14861300
2024-06-07,419.93475341796875,422.3422993904052,419.09259912200673,422.2630516824485,13621700
2024-06-10,423.9176330566406,424.1256847583601,419.97441684803016,420.7769322189121,13982900
2024-06-11,428.68316650390625,428.82188778491104,421.3218074365333,421.54969372575147,14551100
2024-06-12,436.9858093261719,439.304190496973,429.24795478740447,431.2988409046944,22366200
2024-06-13,437.5010070800781,439.294315495877,435.31142984234975,436.7777696147528,15960600
2024-06-14,438.4818420410156,439.04658401937843,432.6858743754039,434.23146172147676,13582000
2024-06-17,444.2282409667969,446.774508213362,436.64891280244507,438.5016341053226,20790000
2024-06-18,442.21697998046875,445.98189604209904,440.7803923365249,445.555845140434,17112500
2024-06-20,441.5829162597656,442.4052359389207,437.1938148300054,442.17734964919055,19877400
2024-06-21,445.6252136230469,446.41781163119543,442.3854307142529,443.24738936292533,34187100
2024-06-24,443.5347595214844,448.5678208280709,442.2863888206815,445.64505871404725,15913700
2024-06-25,446.7844543457031,447.2501140269302,442.6232388864113,444.1093829453472,16413400
2024-06-26,447.9832763671875,449.40997710686634,444.0499471482649,444.8524625348744,16507000
2024-06-27,448.6669006347656,451.95624009852935,447.5968599727324,448.0030763133488,14806300
2024-06-28,442.8213806152344,451.17350253784576,442.2863603157035,448.88484322432845,28362300
2024-07-01,452.51104736328125,453.1451197526249,441.5432972962699,444.5155853207817,17662800
2024-07-02,455.0374755859375,455.3446095932429,448.92445663899935,449.0136518862479,13979800
2024-07-03,456.5137023925781,456.76139305889615,453.65041401249385,453.957548019874,9932800
2024-07-05,463.2409362792969,464.02364716117125,454.73028958800995,455.36436189858233,16000300
2024-07-08,461.9331970214844,463.37973235023577,460.16964060410885,462.24033104325304,12962300
2024-07-09,455.2950744628906,463.0130936996793,453.7692915232205,462.6861553304454,17207200
2024-07-10,461.9430847167969,462.1511364069266,454.6213342335764,456.9595498058476,18196100
2024-07-11,450.4997863769531,460.4866605260143,447.37885985942484,458.70329986086364,23111200
2024-07-12,449.3603820800781,452.1444226722039,446.48717647887116,450.1331757277914,16324300
2024-07-15,449.7665710449219,453.0361056908335,447.2599429342268,449.11266411573956,14429400
2024-07-16,445.36761474609375,450.1034589951911,442.53404808528967,450.0242112870306,17175700
2024-07-17,439.42303466796875,440.7407659095282,435.12312844393387,438.5016326704633,21778000
2024-07-18,436.3021545410156,440.5426175824252,430.38730015927666,440.23548357189634,20794800
2024-07-19,433.072265625,437.06506829851725,428.00948278389916,429.0993277918271,20940400
2024-07-22,438.8484191894531,440.493088848888,434.8556468413205,437.70904816681343,15808800
2024-07-23,440.7407531738281,444.2480612797599,439.00691860605986,439.79951659991235,13107100
2024-07-24,424.9381103515625,437.4019218843712,423.64021365061654,436.3814375263218,26805800
2024-07-25,414.5350646972656,425.82975226027924,413.6533017081471,424.8389896628978,29943800
2024-07-26,421.34161376953125,424.9579215661057,413.41551271082733,414.33694493801545,23583800
2024-07-29,422.7881774902344,428.15809438761096,420.77693042040073,427.5933523925366,15125800
2024-07-30,419.01336669921875,425.0867165408092,413.5046983714735,423.7690154776861,32687600
2024-07-31,414.4855651855469,417.88387385546883,408.4022679352166,416.61569885909415,42891400
2024-08-01,413.2569885253906,423.5113878535516,409.2741336141255,416.9030180044247,30296400
2024-08-02,404.71661376953125,411.16648811391514,400.60495493552725,408.6796642573762,29437900
2024-08-05,391.4998474121094,397.3354538191348,382.01824178124633,385.57510623229217,40709200
2024-08-06,395.918701171875,401.92275145323185,394.818968995954,396.3051131703428,24946500
2024-08-07,394.7496032714844,406.2919834970983,393.7984794780894,404.86531292484597,20650900
2024-08-08,398.97021484375,402.11091551932753,396.24561755012843,398.7225241806935,20203000
2024-08-09,402.26947021484375,404.2807173346427,398.54422293378025,400.2978620699852,19276700
2024-08-12,403.0521240234375,404.98412315480687,400.5058569282367,403.29981466921953,16762900
2024-08-13,410.1856689453125,411.11698828818714,405.7866802044894,405.80648457334803,19414300
2024-08-14,413.0093078613281,413.8613794713292,408.6400711388976,410.9683392009438,18267000
2024-08-15,417.89263916015625,417.972029702109,414.5477559984779,416.671793760154,20752100
2024-08-16,415.3517150878906,418.20032404609645,414.19042017435385,417.4658479496036,22775600
2024-08-19,418.388916015625,418.60727787010427,413.3566884761521,415.8380594178836,15234000
2024-08-20,421.6345520019531,422.6866508922164,418.4981256850532,418.5576761663757,16387600
2024-08-21,420.9795227050781,423.2226616504916,418.5775420794304,420.9199419299025,16067300
2024-08-22,412.4534912109375,423.60975624910697,411.5204932561933,421.19784052472494,19361900
2024-08-23,413.6842346191406,416.13583025134443,409.0192452654988,413.87282122855413,18493800
2024-08-26,410.4088439941406,414.17061105594456,408.274870910172,413.26738834241513,13152800
2024-08-27,410.7562255859375,411.27233984867695,407.19298047026894,409.7835172509794,13492900
2024-08-28,407.5404052734375,411.9076124558987,404.2749123464537,411.78851148667684,14882700
2024-08-29,410.04156494140625,418.9050143386061,407.54035403170906,411.84801018793996,17045200
2024-08-30,414.03167724609375,414.37904497336154,409.05899979142845,412.50314414345024,24308300
2024-09-03,406.3890075683594,416.75121498794704,403.9969623587052,414.7958934848788,20313600
2024-09-04,405.8530578613281,408.1756176150405,401.356814564364,402.8853476688359,15135800
2024-09-05,405.3468322753906,410.0217264889614,403.10366332769695,404.58255066568705,14195500
2024-09-06,398.7066650390625,407.5899541680741,397.81334733510477,406.01180600267656,19609500
2024-09-09,402.6967468261719,405.6049064318399,399.1533416913916,404.2054095225525,15295100
2024-09-10,411.1135559082031,413.2276585385216,404.6619913629379,405.1582655587275,19594300
2024-09-11,419.8876953125,420.83059814465895,406.527971667463,412.4038716868024,19266900
2024-09-12,423.81817626953125,424.18541433930886,416.62220020874884,420.1556701684846,17395700
2024-09-13,427.38140869140625,428.61215900524985,422.2896305914577,422.65686865025475,15874600
2024-09-16,428.1258239746094,430.2995073976486,425.0290778075874,427.3913478501723,13834700
2024-09-17,431.9074401855469,438.5575267353336,429.0488958810436,436.949603136594,18874200
2024-09-18,427.5997619628906,432.78086567930353,427.2027486718979,431.7585420671652,18898000
2024-09-19,435.4210510253906,438.21010954856746,433.64438094484007,437.94213239056506,21706600
2024-09-20,432.0265197753906,435.9669380311288,430.9843560989312,433.962001220441,55167100
2024-09-23,430.2796630859375,433.2076626680782,427.1829169494896,431.0439144432746,15128900
2024-09-24,425.9720153808594,430.1208604741096,422.9248844858402,429.77346247181356,17015800
2024-09-25,428.89007568359375,429.89255926301774,425.3764761475162,426.6270665374025,13396400
2024-09-26,428.0960388183594,432.05629715674354,425.93229062231114,431.847870478453,14492000
2024-09-27,424.83056640625,428.6320438404545,424.2846768880014,428.3044858973661,14896100
2024-09-30,427.09356689453125,427.21269814697155,422.20031052363777,425.01914436125503,16807300
2024-10-01,417.5552062988281,425.28716713975047,415.68921038228643,425.257391898111,19092900
2024-10-02,414.021728515625,419.66933146547984,413.6048448503053,419.4310992466512,16582300
2024-10-03,413.4361267089844,416.4236768512481,411.20289276743637,414.51800085029123,13686400
2024-10-04,412.959716796875,416.62222309915006,411.87784259208183,415.1234652064613,19169700
2024-10-07,406.48828125,414.0018496365578,405.95229663138974,412.90013544904184,20919800
2024-10-08,411.6197509765625,412.5626841012525,405.1285060524599,407.83814388099404,19229300
2024-10-09,414.3492431640625,417.247497795826,411.2127866111198,412.7611596791307,14974300
2024-10-10,412.7413024902344,414.24006019253727,410.0713450038319,412.1358625356339,13848400
2024-10-11,413.2177734375,414.02173524996044,410.1706424598083,413.03912198810315,14144900
2024-10-14,416.0167541503906,420.8802352901763,414.40880028614094,414.65693738807056,16653100
2024-10-15,415.6197204589844,419.3318721896264,412.1656713035286,419.0340894861109,18900200
2024-10-16,413.01922607421875,413.25742799200697,407.4212689749873,412.0763232895253,15508900
2024-10-17,413.6147766113281,419.35170523704693,412.49319205621896,419.2127339196968,14820000
2024-10-18,415.0440673828125,416.52295489433874,413.1582313681452,414.0316788587722,17145300
2024-10-21,415.6594543457031,415.8381058037946,410.6669366656409,413.019271734373,14206100
2024-10-22,424.3243713378906,427.37147187061,414.92493688547415,415.37156548627684,25482200
2024-10-23,421.4360656738281,427.86776005710016,419.3814831724278,427.6493981928425,19654400
2024-10-24,421.5650939941406,422.80577949754775,419.2524392532927,422.1605988036373,13581600
2024-10-25,424.9596252441406,429.29705725112956,423.3914119749303,423.5799986091625,16899100
2024-10-28,423.4112243652344,428.72136443906953,423.12337684387694,428.44345209470936,14882400
2024-10-29,428.7313232421875,429.94223358580945,422.62712592652906,424.81074467410167,17644100
2024-10-30,429.30694580078125,435.2324607886903,428.8801572707895,434.1803619383898,29749100
2024-10-31,403.3220520019531,413.05894946974416,403.2724064074055,412.2648925685448,53971000
2024-11-01,407.3121032714844,412.4038816750557,404.46349406157685,405.96225191647693,24230400
2024-11-04,405.41632080078125,407.3617375208185,402.5478716062057,406.74633205416956,19672300
2024-11-05,408.39398193359375,411.808351068097,405.0391632836315,405.32701081903,17626000
2024-11-06,417.0489807128906,417.31698816741806,407.4609595048601,409.346825702744,26681800
2024-11-07,422.2598571777344,423.66928922885575,416.75122569160607,418.14078738908074,19901800
2024-11-08,419.39141845703125,423.3219017245024,418.6370719639162,422.15070185689933,16891400
2024-11-11,414.8951721191406,421.6444892164841,412.90014011467326,419.37154486777723,24503300
2024-11-12,419.8777160644531,421.27721283536147,414.0911726663183,415.13333628988977,19401200
2024-11-13,422.0315856933594,426.13078508233804,415.0936518803662,418.4981158636683,21502200
2024-11-14,423.7090148925781,424.9794756745813,416.87034165331505,421.83308381585454,30246900
2024-11-15,411.9075927734375,419.64945830467593,410.5577414665236,416.69168340974903,28247600
2024-11-18,412.6619567871094,415.28226896658396,409.0292257942814,411.77857411978533,24727000
2024-11-19,414.67681884765625,414.82569505476647,408.48329602030253,410.03166915459735,18133500
2024-11-20,412.3939208984375,414.18052617467214,407.52050466835993,413.76364252316546,19191700
2024-11-21,410.61370849609375,417.48594978990576,408.047821251109,417.2074811714516,20780200
2024-11-22,414.72113037109375,415.11893833486243,408.8135895391823,409.1218929874132,24814600
2024-11-25,416.5013732910156,418.778836873561,412.58290247238904,416.09361024787086,27691100
2024-11-26,425.6510925292969,426.69537265560376,416.5610569682543,417.29700327286355,23458900
2024-11-27,420.6784362792969,424.895286183322,419.7137359172663,422.78684605590655,18332400
2024-11-29,421.1458435058594,422.55809676444443,415.51677094971404,417.7942649272981,16271900
2024-12-02,428.6247863769531,430.63373653101576,419.00761775180223,419.2662066130162,20207200
2024-12-03,428.84356689453125,430.1066156030698,425.40245343840513,427.4909833141871,18302000
2024-12-04,435.0295715332031,437.2672755840065,430.26573974460115,430.6635477279166,26009400
2024-12-05,440.2011413574219,442.2300015529848,433.7864078777922,435.5268443828614,21697800
2024-12-06,441.1459655761719,443.66213830194334,439.35578408835863,439.8828865059849,18821000
2024-12-09,443.5825500488281,445.8799237829371,438.09272702914495,440.1812568830996,19144400
2024-12-10,440.9072570800781,447.16289170564096,439.1867306857862,441.96149226752044,18469500
2024-12-11,446.5363464355469,447.8889300799693,441.62334015579273,441.62334015579273,19200200
2024-12-12,447.10321044921875,453.66714837494953,446.65565750056305,446.65565750056305,20834800
2024-12-13,444.8257141113281,448.9629838704377,443.14494732322726,445.98933356109154,20177800
2024-12-16,449.1221008300781,449.70887289523523,442.84658679582157,444.82570192667384,23598800
2024-12-17,451.9764099121094,452.80189103583194,447.11314908926647,448.545282051395,22733500
2024-12-18,434.999755859375,450.17634202962637,434.6317523490202,448.8536235978926,24444500
2024-12-19,434.6416931152344,440.7580781855559,433.9355816606558,439.2066057877418,22963700
2024-12-20,434.2140808105469,441.3150464611244,426.28763393531244,430.7431322726768,64263700
2024-12-23,432.8714294433594,435.25830776300677,430.4646409959487,434.35327712310794,19152500
2024-12-24,436.9291076660156,437.1976515770788,431.817212852652,432.27469051669533,7164500
2024-12-26,435.7157897949219,438.5303413291557,434.24389716434194,436.6804901261448,8194200
2024-12-27,428.1772155761719,432.8415878431465,424.020065946368,432.22498090820386,18117700
2024-12-30,422.50836181640625,425.21349868579347,419.59438106008827,423.7316509986102,13158700
2024-12-31,419.1965637207031,424.3979934566231,418.36115784079396,423.77143145899026,13246500
2025-01-02,416.2925109863281,423.74159992080814,412.5829142901712,423.2045424399656,16896500
2025-01-03,421.03643798828125,421.71271456780505,417.2472617093464,418.7788239010675,16662900
2025-01-06,425.5118713378906,431.9465149926899,423.15482788109534,425.66104554069966,20573600
2025-01-07,420.0617980957031,428.29654775990844,418.50037065706186,426.655570865203,18139100
2025-01-08,422.23980712890625,424.6366402910522,419.2363221421035,421.14581248112984,15054600
2025-01-10,416.6604919433594,422.38899347611215,412.7519459369572,422.30944402253056,20201100
2025-01-13,414.9101257324219,416.21296436365594,410.03690951971083,412.97077003054903,17604800
2025-01-14,413.3984375,417.4461724776856,408.4754763868852,415.5267269300622,16935900
2025-01-15,423.9802551269531,425.8101960648602,415.984184442192,416.83950040874134,19637800
2025-01-16,422.25970458984375,427.1428756329152,422.07077084126166,426.35721474684357,15300000
2025-01-17,426.6853942871094,432.1056227420966,425.8301086663914,431.717739483304,26197500
2025-01-21,426.1583251953125,428.54520356031776,423.2741792396476,427.8490471438773,26085700
2025-01-22,443.7615966796875,444.8257262250376,433.6173259954359,435.168798403502,27803800
2025-01-23,444.2687683105469,444.3085582129765,439.08724891108926,439.58451646364995,18389300
2025-01-24,441.63330078125,444.20914332055247,438.987833493392,442.7272955771019,15549500
2025-01-27,432.1851806640625,432.82169771122886,421.185624630697,421.6928472557325,35647800
2025-01-28,444.7561340332031,445.9296782334323,429.02258057650255,432.22498499378844,23491700
2025-01-29,439.9126892089844,444.4378420399145,437.9932437860414,444.24887794638107,23581400
2025-01-30,412.7221374511719,420.5491243253889,410.9021514578089,416.4814791520961,54586300
2025-01-31,412.791748046875,418.39098567699745,412.64257384774635,416.69033910532374,34161900
2025-02-03,408.6744384765625,413.1398920389044,406.4267790982471,409.35071516268687,25679100
2025-02-04,410.116455078125,411.65800277159144,407.5008227766752,410.43471361041793,20532100
2025-02-05,411.03143310546875,411.5684602240434,408.15721200628155,410.09656765354515,16316700
2025-02-06,413.5475769042969,415.9145752087822,411.737515806655,411.737515806655,16309800
2025-02-07,407.5107727050781,416.36212936115334,405.86979579790295,414.2040051086223,22886800
2025-02-10,409.96728515625,413.1895693646485,408.6744015876666,411.44913283343,20817900
2025-02-11,409.1915588378906,410.23580864154656,407.0632389741584,407.40140764567894,18140600
2025-02-12,406.80462646484375,408.5052729067791,402.16013441426566,404.9846103219084,19121700
2025-02-13,408.29644775390625,408.7539254008991,404.13926797640636,404.775785007703,23891700
2025-02-14,406.1979675292969,406.6753553081934,403.66191514014076,405.5614808415711,22758500
2025-02-18,407.4013671875,408.3561123718122,404.27851244915104,405.7703150781147,21423100
2025-02-19,412.5033264160156,413.21939292620334,405.4222411212721,405.65099512827777,24114200
2025-02-20,414.6857604980469,417.8547165109783,411.10822380495836,413.84867949906476,23508700
2025-02-21,406.793212890625,416.59905745325864,406.4743466307379,415.8915301727366,27524800
2025-02-24,402.59783935546875,407.9491968592537,397.93408950529806,407.09219625426255,26443700
2025-02-25,396.51898193359375,400.5250489764073,395.32316508227535,399.7078876937612,29387400
2025-02-26,398.3426513671875,402.1992147309307,392.8816600835235,396.6286198264506,19619000
2025-02-27,391.16766357421875,404.33180773998396,390.8089276067015,399.8773203400045,21127400
2025-02-28,395.6121520996094,396.24994544118493,385.2283339547379,391.29719366600983,32845700
2025-03-03,387.14166259765625,397.4358274187669,384.8197626823639,397.4358274187669,23007700
2025-03-04,387.26123046875,391.21745294280987,379.67765721488945,382.06932141422595,29342900
2025-03-05,399.628173828125,400.27594221038044,387.4605594414927,387.9887187604894,23433100
2025-03-06,395.5125427246094,400.7542663515353,391.3171323240562,392.91158534383527,23304600
2025-03-07,391.9449462890625,393.42976525122566,384.20192438386283,390.9583919892802,22034100
2025-03-10,378.8406066894531,385.0589401894391,375.9108079261914,384.50088617849997,32840100
2025-03-11,379.12957763671875,384.6603029891263,375.60185546191633,377.6845980126396,30380200
2025-03-12,381.9397888183594,383.883033194115,377.634805186652,381.62092254273574,24253600
2025-03-13,377.45538330078125,383.9826683121219,376.139987768004,381.8301614244045,20473000
2025-03-14,387.21142578125,388.87564310802037,378.19284770158055,378.46189966674945,19952800
2025-03-17,387.3509521484375,391.3470139725856,384.23181056492524,385.35789354291256,22474300
2025-03-18,382.18890380859375,386.02554767204197,379.77731994813644,385.7266010485673,19486900
2025-03-19,386.4740295410156,388.32755958105986,382.66728002942375,384.1919687568245,19185500
2025-03-20,385.49737548828125,390.4302074924951,381.9497337537801,384.4011872193827,18470500
2025-03-21,389.9020690917969,390.38038369901005,381.47140919973003,381.8899648927027,39675900
2025-03-24,391.7157287597656,394.02768406346627,388.45708885622673,394.02768406346627,21004500
2025-03-25,393.7885437011719,394.98436068056907,391.2773006739415,392.552857032296,15775000
2025-03-26,388.6165466308594,393.93800963918454,387.2214116418782,393.6290879777552,16108400
2025-03-27,389.2243957519531,390.87863801869304,386.05543991632794,388.7759758195498,13766800
2025-03-28,377.48529052734375,387.77945533191945,375.6217855831935,386.7330813092454,21632000
2025-03-31,374.087158203125,375.761320171641,365.96541986866765,371.2470435423123,35184700
2025-04-01,380.8635559082031,381.52126893067276,371.93466141936483,373.34971607028785,19689500
2025-04-02,380.813720703125,383.74348886180815,375.3128595122782,376.6581801475031,16092600
2025-04-03,371.8150329589844,376.16989155085776,368.06810346654436,373.4892252977989,30198000
2025-04-04,358.59112548828125,373.2899337218873,358.2323895120423,362.86624500843976,49209900
2025-04-07,356.61798095703125,369.7123913004176,343.5933653790687,349.66222551139305,50425000
2025-04-08,353.3294372558594,372.35317854006513,349.0343982710952,366.98190125867967,35868900
2025-04-09,389.13470458984375,391.865215467322,351.8744910293168,352.3129663406882,50199700
2025-04-10,380.0264587402344,382.56759631800514,366.5234683324548,380.7339860356081,38024400
2025-04-11,387.1018371582031,388.6962597846969,377.57501903009035,379.31894538802237,23839200
2025-04-14,386.4640197753906,393.28027643878613,382.8765082652718,391.8552468593249,19251200
2025-04-15,384.3912658691406,390.5298901348079,382.82670753665025,387.16161616456134,17199900
2025-04-16,370.32025146484375,380.2855448116978,366.72279516422714,379.34883521582236,21967800
2025-04-17,366.5035400390625,373.02085009277744,365.61664478749583,372.45282110026085,21120200
2025-04-21,357.87359619140625,363.21500903617533,354.43558836453434,361.5607667541322,20807300
2025-04-22,365.5469055175781,366.4935901583944,358.611039306251,362.1188421014038,19485000
2025-04-23,373.0906066894531,379.06978228856406,371.7253360485286,374.75479353400954,20545500
2025-04-24,385.9557800292969,387.10181303671203,373.8878249819962,374.3960646492269,22232300
2025-04-25,390.4900207519531,390.79894240871675,383.2651831703409,385.65684745985266,18973200
2025-04-28,389.8023986816406,391.3769015704532,385.2980972626593,390.59960994479576,16579400
2025-04-29,392.67242431640625,393.7287429695286,389.02512333213684,389.9419132819562,14974000
2025-04-30,393.88818359375,395.2833185411371,383.10572919383554,388.94537633492024,36461100
2025-05-01,423.9235534667969,435.47332427713997,423.4252888222868,429.6137271918364,58938100
2025-05-02,433.769287109375,437.91485278651635,428.49763841940904,430.2415647531947,30757400
2025-05-05,434.65618896484375,437.97461808249534,430.6102521137275,431.367624097433,20136100
2025-05-06,431.8061218261719,436.2107948487266,429.6735648726689,430.6999888667604,15104200
2025-05-07,431.8459777832031,436.5994115910065,429.6137314736212,432.3342674079582,23295300
2025-05-08,436.6492614746094,442.1301726837614,434.147963172883,436.41007376009867,23491300
2025-05-09,437.20733642578125,439.2103397565405,434.3672216715751,438.47291776294395,15324200
2025-05-12,447.70074462890625,447.8103482497994,438.2536363054134,444.3922601902366,22821900
2025-05-13,447.5812072753906,449.1058959658508,443.8142971336702,446.22591154405814,23618800
2025-05-14,451.36798095703125,452.32464056421765,446.5846525094385,446.5846525094385,19902800
2025-05-15,452.3863220214844,455.44129747226026,449.6907411096269,450.0301794411029,21992300
2025-05-16,453.5244445800781,453.6142932166669,447.99355872232604,451.30808680840903,23849800
2025-05-19,458.11688232421875,458.83570185482216,450.0601197660991,450.14000552921704,21336500
2025-05-20,457.4180603027344,457.58776423526933,453.57437286704067,454.8422775622727,15441800
2025-05-21,451.8272399902344,457.02868069868646,451.06847756848606,453.8239575485261,19216900
2025-05-22,454.11346435546875,459.49463285512667,453.1550484484722,454.2033434579146,18025600
2025-05-23,449.441162109375,452.94541128469075,448.17325738802526,449.24150862772166,16883500
2025-05-27,459.93389892578125,460.19348195260824,455.3713920868909,455.7308170830738,20974300
2025-05-28,456.609375,461.7609101640183,456.1800880198718,460.4630558858422,17086300
2025-05-29,457.9272155761719,460.9622349154345,454.56275123248776,460.79250051058557,13974800
2025-05-30,459.60443115234375,460.9222720478794,454.79236501090486,458.96549737927586,34770500
2025-06-02,461.2118225097656,461.35157690062545,456.1401731404802,456.3897628439735,16626500
2025-06-03,462.2101745605469,463.3782677615003,460.1036216507913,460.7126363614999,15743800
2025-06-04,463.1086730957031,464.9256933509807,462.2600620562611,463.2384646092932,14162700
2025-06-05,466.91241455078125,468.8791825139859,463.26841119380083,464.1968775224098,20131700
2025-06-06,469.6080017089844,472.56313512848675,468.0106215882427,469.31846913564885,15285600
2025-06-09,471.97412109375,472.6529977632414,467.8508943889836,468.92913895110996,16469900
2025-06-10,470.1471252441406,472.02401413852874,466.19360257943936,470.4166711436691,15375900
2025-06-11,471.8443298339844,474.68965849935887,468.88919632531986,469.24859086789724,16399200
2025-06-12,478.0840759277344,479.6315503555016,472.7428502291372,474.2403884361742,18950600
2025-06-13,474.18048095703125,478.3935562569989,471.98410990605987,475.62811338522215,16814500
2025-06-16,478.3536376953125,479.90108160832807,474.2204177457221,474.4300645574067,15626100
2025-06-17,477.25543212890625,477.9542649832925,473.30190948641297,474.6197503672441,15414100
2025-06-18,479.4518127441406,480.2105751696819,473.68130019053103,477.21549881727225,17526500
2025-06-20,476.6164855957031,482.666537493529,476.0873566497709,481.4385756672578,37576200
2025-06-23,485.2023620605469,486.94948990747275,471.7345120072702,477.425138713905,24864000
2025-06-24,489.30560302734375,491.0427680081874,486.0010379300524,488.1475336634371,22305600
2025-06-25,491.4620666503906,493.7483167920849,488.58681895090325,491.2324636297239,17495100
2025-06-26,496.6335754394531,497.2226034494893,492.0011761864687,492.1709105807123,21578900
2025-06-27,495.1260681152344,498.4805390751374,492.22084033701867,496.73341116664807,34539200
2025-06-30,496.5936584472656,499.9381665482639,494.51705506439515,496.22427056302723,28369000
2025-07-01,491.242431640625,497.2325843953567,490.1742108879921,495.655190908974,19945400
2025-07-02,490.2840270996094,492.69007550131784,487.8979653734086,489.1858263089447,16319600
2025-07-03,498.02130126953125,499.3091926553608,492.6301698307581,492.99955771280014,13984800
2025-07-07,496.90313720703125,497.9314455400232,494.41723357438383,496.56369887519327,13981600
2025-07-08,495.804931640625,497.3823555722493,493.2990413573122,496.42390920841734,11846600
2025-07-09,502.68365478515625,505.94827712953634,498.919822567675,499.47890106455674,18659500
2025-07-10,500.656982421875,503.6121159415126,496.93309312638246,502.22438258392543,16492100
2025-07-11,502.49395751953125,504.20114253320645,496.9829974553982,497.6519112557523,16459500
2025-07-14,502.1944274902344,503.14288052756655,500.20770324807717,500.6968893054946,12058800
2025-07-15,504.9898376464844,507.465747883617,501.9648118083004,502.19441482497484,14927200
2025-07-16,504.7901611328125,505.88836188358,501.06630238508603,504.35088083250554,15154400
2025-07-17,510.8601989746094,512.5274410723513,504.7901605415637,504.85005963085433,17503100
2025-07-18,509.212890625,513.7953843002441,506.59719545986655,513.6356127696338,21209700
2025-07-21,509.2228698730469,511.24956741731427,504.7202620876888,505.8783619126309,14066800
2025-07-22,504.44073486328125,510.3610256433726,504.44073486328125,510.13139215337156,13868600
2025-07-23,505.0397644042969,505.95826791167354,499.87826643817476,505.9183250285286,16396600
2025-07-24,510.0415344238281,512.826933461713,506.4673929575042,507.93498157135946,16107000
2025-07-25,512.866943359375,517.4393829887753,509.52240467312413,511.6289272082179,19125700
2025-07-28,511.65887451171875,514.1547714605564,509.2827757416266,513.2362984451797,14308000
2025-07-29,511.728759765625,516.7704593446111,510.7204076628311,514.6839236482208,16469200
2025-07-30,512.3976440429688,515.1032182392812,508.6038929137552,514.3244691518986,26380400
2025-07-31,532.6243896484375,554.5383762548963,531.0270400328567,554.3187056451394,51617300
2025-08-01,523.2498168945312,534.9206337229102,520.0051507892547,534.1219588686084,28977600
2025-08-04,534.7609252929688,537.3666271513684,527.2632409127965,527.4030257699867,25349000
2025-08-05,526.8838500976562,536.4181643311854,526.374677366439,536.2983661514853,19171600
2025-08-06,524.0784912109375,530.8274067099719,523.1700114791388,530.0287318260303,21355700
2025-08-07,519.9852294921875,527.2233308658066,516.7005900083886,525.9354090023164,16079100
2025-08-08,521.1832275390625,523.7989228282858,518.5575389118288,521.7423060527517,15531000
2025-08-11,520.9136962890625,526.7241518809952,518.8670119786243,521.4427947726738,20194400
2025-08-12,528.3713989257812,530.1085334795151,521.8421543429575,522.8904188907295,18667000
2025-08-13,519.7256469726562,531.825750889051,518.5176108745642,531.236692379076,19619200
2025-08-14,521.6224975585938,525.0868343553949,519.2863720398742,521.7023833261101,20269100
2025-08-15,519.3162841796875,525.2365445998882,518.2281072023833,521.9120536418995,25213300
2025-08-18,516.2512817382812,521.9619254356152,513.176380682391,520.7339636806648,23760600
2025-08-19,508.933349609375,514.314487646487,507.7153506663982,514.1547770514178,21481000
2025-08-20,504.8900146484375,510.161347905157,503.6121166003689,509.0331975839143,27723000
2025-08-21,504.239990234375,507.6300048828125,502.7200012207031,503.69000244140625,18443300
2025-08-22,507.2300109863281,510.7300109863281,502.4100036621094,504.25,24324200
2025-08-25,504.260009765625,508.19000244140625,504.1199951171875,506.6300048828125,21638600
2025-08-26,502.0400085449219,504.9800109863281,498.510009765625,504.3599853515625,30835700
2025-08-27,506.739990234375,507.2900085449219,499.8999938964844,502.0,17277900
2025-08-28,509.6400146484375,511.0899963378906,505.5,507.0899963378906,18015600
2025-08-29,506.69000244140625,509.6000061035156,504.489990234375,508.6600036621094,20961600
2025-09-02,505.1199951171875,506.0,496.80999755859375,500.4700012207031,18128000
2025-09-03,505.3500061035156,507.7900085449219,502.32000732421875,503.7900085449219,16345100
2025-09-04,507.9700012207031,508.1499938964844,503.1499938964844,504.29998779296875,15509500
2025-09-05,495.0,511.9700012207031,492.3699951171875,509.07000732421875,31994800
2025-09-08,498.20001220703125,501.20001220703125,495.0299987792969,498.1099853515625,16771000
2025-09-09,498.4100036621094,502.25,497.70001220703125,501.42999267578125,14410500
2025-09-10,500.3699951171875,503.2300109863281,496.7200012207031,502.9800109863281,21611800
2025-09-11,501.010009765625,503.1700134277344,497.8800048828125,502.25,18881600
2025-09-12,509.8999938964844,512.5499877929688,503.8500061035156,506.6499938964844,23624900
2025-09-15,515.3599853515625,515.469970703125,507.0,508.7900085449219,17143800
2025-09-16,509.0400085449219,517.22998046875,508.6000061035156,516.8800048828125,19711900
2025-09-17,510.0199890136719,511.2900085449219,505.92999267578125,510.6199951171875,15816600
2025-09-18,508.45001220703125,513.0700073242188,507.6600036621094,511.489990234375,18913700
2025-09-19,517.9299926757812,519.2999877929688,510.30999755859375,510.55999755859375,52474100
2025-09-22,514.4500122070312,517.739990234375,512.5399780273438,515.5900268554688,20009300
2025-09-23,509.2300109863281,514.5900268554688,507.30999755859375,513.7999877929688,19799600
2025-09-24,510.1499938964844,512.47998046875,506.9200134277344,510.3800048828125,13533700
2025-09-25,507.0299987792969,510.010009765625,505.0400085449219,508.29998779296875,15786500
2025-09-26,511.4599914550781,513.9400024414062,506.6199951171875,510.05999755859375,16213100
2025-09-29,514.5999755859375,516.8499755859375,508.8800048828125,511.5,17617800
2025-09-30,517.9500122070312,518.1599731445312,509.6600036621094,513.239990234375,19728200
2025-10-01,519.7100219726562,520.510009765625,511.69000244140625,514.7999877929688,22632300
2025-10-02,515.739990234375,521.5999755859375,510.67999267578125,517.6400146484375,21222900
2025-10-03,517.3499755859375,520.489990234375,515.0,517.0999755859375,15112300
2025-10-06,528.5700073242188,531.030029296875,518.2000122070312,518.6099853515625,21388600
2025-10-07,523.97998046875,529.7999877929688,521.4400024414062,528.2899780273438,14615200
2025-10-08,524.8499755859375,526.9500122070312,523.0900268554688,523.280029296875,13363400
2025-10-09,522.4000244140625,524.3300170898438,517.4000244140625,522.3400268554688,18343600
2025-10-10,510.9599914550781,523.5800170898438,509.6300048828125,519.6400146484375,24133800
2025-10-13,514.0499877929688,516.4099731445312,511.67999267578125,516.4099731445312,14284200
2025-10-14,513.5700073242188,515.280029296875,506.0,510.2300109863281,14684300
2025-10-15,513.4299926757812,517.1900024414062,510.0,514.9600219726562,14694700
2025-10-16,511.6099853515625,516.8499755859375,508.1300048828125,512.5800170898438,15559600
2025-10-17,513.5800170898438,515.47998046875,507.30999755859375,509.0400085449219,19867800
2025-10-20,516.7899780273438,518.7000122070312,513.4299926757812,514.6099853515625,14665600
2025-10-21,517.6599731445312,518.6900024414062,513.0399780273438,517.5,15586200
2025-10-22,520.5399780273438,525.22998046875,517.7100219726562,521.1500244140625,18962700
2025-10-23,520.5599975585938,523.9500122070312,518.6099853515625,522.4600219726562,14023500
2025-10-24,523.6099853515625,525.3499755859375,520.7100219726562,522.7899780273438,15532400
2025-10-27,531.52001953125,534.5800170898438,529.010009765625,531.780029296875,18734700
2025-10-28,542.0700073242188,553.719970703125,540.77001953125,550.0,29986700
2025-10-29,541.5499877929688,546.27001953125,536.72998046875,544.9400024414062,35368400
